-- phpMyAdmin SQL Dump
-- version 4.4.9
-- http://www.phpmyadmin.net
--
-- Host: 127.0.0.1:3306
-- Generation Time: Sep 18, 2018 at 01:58 PM
-- Server version: 5.5.44
-- PHP Version: 5.4.42

SET SQL_MODE = "NO_AUTO_VALUE_ON_ZERO";
SET time_zone = "+00:00";


/*!40101 SET @OLD_CHARACTER_SET_CLIENT=@@CHARACTER_SET_CLIENT */;
/*!40101 SET @OLD_CHARACTER_SET_RESULTS=@@CHARACTER_SET_RESULTS */;
/*!40101 SET @OLD_COLLATION_CONNECTION=@@COLLATION_CONNECTION */;
/*!40101 SET NAMES utf8mb4 */;

--
-- Database: `cocai-ivss`
--

-- --------------------------------------------------------

--
-- Table structure for table `clasificacion_empresa`
--

CREATE TABLE `clasificacion_empresa` (
  `id` int(11) NOT NULL,
  `clasificacion_id` int(11) NOT NULL,
  `empresa_id` int(11) NOT NULL
) ENGINE=InnoDB AUTO_INCREMENT=81 DEFAULT CHARSET=utf8;

--
-- Dumping data for table `clasificacion_empresa`
--

INSERT INTO `clasificacion_empresa` (`id`, `clasificacion_id`, `empresa_id`) VALUES
(1, 169, 515),
(2, 170, 515),
(3, 208, 515),
(4, 209, 515),
(5, 210, 515),
(6, 211, 515),
(7, 212, 515),
(8, 213, 515),
(9, 214, 515),
(10, 215, 515),
(11, 216, 515),
(12, 217, 515),
(13, 218, 515),
(14, 219, 515),
(15, 220, 515),
(16, 221, 515),
(17, 222, 515),
(18, 223, 515),
(19, 224, 515),
(20, 225, 515),
(21, 226, 515),
(22, 227, 515),
(23, 119, 519),
(24, 242, 519),
(25, 243, 519),
(26, 244, 519),
(27, 245, 519),
(28, 246, 519),
(29, 249, 519),
(31, 250, 519),
(32, 259, 519),
(55, 322, 515),
(56, 324, 515),
(57, 169, 516),
(58, 170, 516),
(59, 208, 516),
(60, 209, 516),
(61, 210, 516),
(62, 211, 516),
(63, 212, 516),
(64, 213, 516),
(65, 214, 516),
(66, 215, 516),
(67, 216, 516),
(68, 217, 516),
(69, 218, 516),
(70, 219, 516),
(71, 220, 516),
(72, 221, 516),
(73, 222, 516),
(74, 223, 516),
(75, 224, 516),
(76, 225, 516),
(77, 226, 516),
(78, 227, 516),
(79, 322, 516),
(80, 324, 516);

-- --------------------------------------------------------

--
-- Table structure for table `cliente`
--

CREATE TABLE `cliente` (
  `id` int(11) NOT NULL,
  `cedula` varchar(45) NOT NULL,
  `usuario_id` int(11) NOT NULL,
  `correo` varchar(45) NOT NULL,
  `ubicacion_id` int(11) NOT NULL
) ENGINE=InnoDB DEFAULT CHARSET=utf8;

-- --------------------------------------------------------

--
-- Table structure for table `combo`
--

CREATE TABLE `combo` (
  `id` int(11) NOT NULL,
  `codigo_padre` varchar(45) DEFAULT NULL,
  `codigo` varchar(45) DEFAULT NULL,
  `nombre` varchar(45) DEFAULT NULL,
  `cantidad` varchar(45) DEFAULT NULL,
  `submodelo_id` int(11) NOT NULL
) ENGINE=InnoDB DEFAULT CHARSET=utf8;

-- --------------------------------------------------------

--
-- Table structure for table `direccion`
--

CREATE TABLE `direccion` (
  `id` int(11) NOT NULL,
  `nombre` varchar(45) NOT NULL,
  `padre_id` int(11) DEFAULT NULL,
  `referencia_id` int(11) NOT NULL
) ENGINE=InnoDB AUTO_INCREMENT=115 DEFAULT CHARSET=utf8;

--
-- Dumping data for table `direccion`
--

INSERT INTO `direccion` (`id`, `nombre`, `padre_id`, `referencia_id`) VALUES
(1, 'Distrito Capital', NULL, 2),
(2, 'Miranda', NULL, 2),
(3, 'Vargas', NULL, 2),
(4, 'Libertador', 1, 3),
(5, 'Acevedo', 2, 3),
(6, 'Andres Bello', 2, 3),
(7, 'Baruta', 2, 3),
(8, 'Brion', 2, 3),
(9, 'Buroz', 2, 3),
(10, 'Carrizal', 2, 3),
(11, 'Chacao', 2, 3),
(12, 'Cristobal Rojas', 2, 3),
(13, 'El Hatillo', 2, 3),
(14, 'Guaicaipuro', 2, 3),
(15, 'Independencia', 2, 3),
(16, 'Lander', 2, 3),
(17, 'Los Salias', 2, 3),
(18, 'Paez', 2, 3),
(19, 'Paz Castillo', 2, 3),
(20, 'Pedro Gual', 2, 3),
(21, 'Plaza', 2, 3),
(22, 'Simon Bolivar', 2, 3),
(23, 'Sucre', 2, 3),
(24, 'Urdaneta', 2, 3),
(25, 'Zamora', 2, 3),
(26, 'Vargas', 3, 3),
(27, 'Altagracia', 4, 4),
(28, 'Candelaria', 4, 4),
(29, 'Catedral', 4, 4),
(30, 'La Pastora', 4, 4),
(31, 'San Agustin', 4, 4),
(32, 'San Jose', 4, 4),
(33, 'San Juan', 4, 4),
(34, 'Santa Rosalia', 4, 4),
(35, 'Santa Teresa', 4, 4),
(36, 'Sucre', 4, 4),
(37, '23 de Enero', 4, 4),
(38, 'Antimano', 4, 4),
(39, 'El Recreo', 4, 4),
(40, 'El Valle', 4, 4),
(41, 'La Vega', 4, 4),
(42, 'Macarao', 4, 4),
(43, 'Caricuao', 4, 4),
(44, 'El Junquito', 4, 4),
(45, 'Coche', 4, 4),
(46, 'San Pedro', 4, 4),
(47, 'San Bernardino', 4, 4),
(48, 'El Paraiso', 4, 4),
(49, 'Araguita', 5, 4),
(50, 'Arevalo Gonzalez', 5, 4),
(51, 'Capaya', 5, 4),
(52, 'Caucagua', 5, 4),
(53, 'Panaquire', 5, 4),
(54, 'Ribas', 5, 4),
(55, 'El Cafe', 5, 4),
(56, 'Marizapa', 5, 4),
(57, 'Cumbo', 6, 4),
(58, 'San Jose de Barlovento', 6, 4),
(59, 'El Cafetal', 7, 4),
(60, 'Las Minas', 7, 4),
(61, 'Nuestra Sra del Rosario', 7, 4),
(62, 'Higuerote', 8, 4),
(63, 'Curiepe', 8, 4),
(64, 'Tacarigua de Brion', 8, 4),
(65, 'Mamporal', 9, 4),
(66, 'Carrizal', 10, 4),
(67, 'Chacao Caracas', 11, 4),
(68, 'Charallave', 12, 4),
(69, 'Las Brisas', 12, 4),
(70, 'Hatillo Caracas', 13, 4),
(71, 'Altagracia de la Montania', 14, 4),
(72, 'Cecilio Acosta', 14, 4),
(73, 'Los Teques', 14, 4),
(74, 'El Jarillo', 14, 4),
(75, 'San Pedro', 14, 4),
(76, 'Tacata', 14, 4),
(77, 'Paracotos', 14, 4),
(78, 'Cartanal', 15, 4),
(79, 'Santa Teresa', 15, 4),
(80, 'La Democracia', 16, 4),
(81, 'Ocumare del Tuy', 16, 4),
(82, 'Santa Barbara', 16, 4),
(83, 'San Antonio de los Altos', 17, 4),
(84, 'Rio Chico', 18, 4),
(85, 'El Guapo', 18, 4),
(86, 'Tacarigua de la Laguna', 18, 4),
(87, 'Paparo', 18, 4),
(88, 'San Fernando del Guapo', 18, 4),
(89, 'Santa Lucia del Tuy', 19, 4),
(90, 'Cupira', 20, 4),
(91, 'Machurucuto', 20, 4),
(92, 'Guarenas', 21, 4),
(93, 'San Antonio de Yare', 22, 4),
(94, 'San Francisco de Yare', 22, 4),
(95, 'Leoncio Martinez', 23, 4),
(96, 'Caucaguita', 23, 4),
(97, 'Filas de Mariche', 23, 4),
(98, 'La Dolorita', 23, 4),
(99, 'Petare', 23, 4),
(100, 'Cua', 24, 4),
(101, 'Nueva Cua', 24, 4),
(102, 'Guatire', 25, 4),
(103, 'Bolivar', 25, 4),
(104, 'Caraballeda', 26, 4),
(105, 'Carayaca', 26, 4),
(106, 'Carlos Soublette', 26, 4),
(107, 'Caruao', 26, 4),
(108, 'Catia La Mar', 26, 4),
(109, 'El Junko', 26, 4),
(110, 'La Guaira', 26, 4),
(111, 'Macuto', 26, 4),
(112, 'Maiquetia', 26, 4),
(113, 'Naiguata', 26, 4),
(114, 'Urimare', 26, 4);

-- --------------------------------------------------------

--
-- Table structure for table `explosion`
--

CREATE TABLE `explosion` (
  `id` int(11) NOT NULL,
  `fecha` date NOT NULL,
  `fecha_ranking` date NOT NULL,
  `grupo` varchar(45) NOT NULL,
  `codigo_prod` varchar(20) NOT NULL,
  `producto` varchar(45) NOT NULL,
  `cantidad` int(11) NOT NULL,
  `monto` decimal(19,4) NOT NULL DEFAULT '0.0000',
  `porcentaje_vta` decimal(19,4) DEFAULT '0.0000',
  `costo` decimal(19,4) DEFAULT '0.0000',
  `costo_total` decimal(19,4) DEFAULT '0.0000',
  `porcentaje_costo` decimal(19,4) DEFAULT '0.0000',
  `unidad_negocio_id` int(11) NOT NULL
) ENGINE=InnoDB DEFAULT CHARSET=utf8;

-- --------------------------------------------------------

--
-- Table structure for table `factura`
--

CREATE TABLE `factura` (
  `id` int(11) NOT NULL,
  `num_factura` varchar(45) NOT NULL,
  `fecha_carga` date NOT NULL,
  `fecha_factura` date NOT NULL,
  `porcentaje_impuesto` int(11) NOT NULL DEFAULT '0',
  `impuesto_factura` decimal(19,4) DEFAULT '0.0000',
  `porcentaje_descuento` int(11) NOT NULL DEFAULT '0',
  `descuento` decimal(19,4) NOT NULL DEFAULT '0.0000',
  `total_factura` decimal(19,4) NOT NULL DEFAULT '1.0000',
  `proveedor_id` int(11) NOT NULL,
  `unidad_negocio_id` int(11) NOT NULL
) ENGINE=InnoDB DEFAULT CHARSET=utf8;

-- --------------------------------------------------------

--
-- Table structure for table `grupo`
--

CREATE TABLE `grupo` (
  `id` int(11) NOT NULL,
  `ordenNum` varchar(45) DEFAULT NULL,
  `codigo` varchar(100) DEFAULT NULL,
  `nombre` varchar(100) NOT NULL,
  `recetaInactiva` tinyint(1) DEFAULT '0',
  `subGrupo` varchar(100) DEFAULT NULL,
  `imagenProducto` text,
  `familia_id` int(11) DEFAULT NULL
) ENGINE=InnoDB AUTO_INCREMENT=411 DEFAULT CHARSET=utf8;

--
-- Dumping data for table `grupo`
--

INSERT INTO `grupo` (`id`, `ordenNum`, `codigo`, `nombre`, `recetaInactiva`, `subGrupo`, `imagenProducto`, `familia_id`) VALUES
(1, '3', NULL, 'PIZZAS 12', 0, NULL, NULL, 116),
(2, '4', NULL, 'PIZZAS 16', 0, NULL, NULL, 116),
(3, '1', NULL, 'POSTRES', 0, NULL, NULL, 116),
(4, '2', NULL, 'BEBIDAS 16 Oz', 0, NULL, NULL, 117),
(5, '5', NULL, 'Ensaladas', 0, NULL, NULL, 116),
(7, '13', NULL, 'ADICIONALES 8 - T', 0, NULL, NULL, 116),
(8, '16', NULL, 'ADICIONALES GRANDES -T', 0, NULL, NULL, 116),
(9, '15', NULL, 'ADICIONALES MEDIANOS -T', 0, NULL, NULL, 116),
(10, '14', NULL, 'ADICIONALES PEQUENOS -T', 0, NULL, NULL, 116),
(11, '8', NULL, 'BEBIDAS GRANDES - T', 0, NULL, NULL, 117),
(12, '7', NULL, 'BEBIDAS MEDIANAS - T', 0, NULL, NULL, 117),
(13, '6', NULL, 'BEBIDAS PEQUENAS - T', 0, NULL, NULL, 117),
(14, '12', NULL, 'CAFE - T', 1, NULL, NULL, 117),
(15, '24', NULL, 'ENSALADAS MIXTAS - T', 1, NULL, NULL, 116),
(16, '11', NULL, 'JUGOS - T', 1, NULL, NULL, 117),
(17, '17', NULL, 'PARA LLEVAR - T', 0, NULL, NULL, 143),
(18, '22', NULL, 'PASTAS - T', 1, NULL, NULL, 116),
(19, '1', NULL, 'PASTELITOS - T', 1, NULL, NULL, 116),
(20, '27', NULL, 'PIZZA && BEBIDAS PERSONAL - T', 0, NULL, NULL, 120),
(21, '2', NULL, 'PIZZAS 8 - T', 0, NULL, NULL, 116),
(22, '5', NULL, 'PIZZAS GRANDES - T', 0, NULL, NULL, 116),
(23, '4', NULL, 'PIZZAS MEDIANAS - T', 0, NULL, NULL, 116),
(24, '3', NULL, 'PIZZAS PEQUENAS - T', 0, NULL, NULL, 116),
(25, '25', NULL, 'POSTRES - T', 0, NULL, NULL, 116),
(26, '10', NULL, 'REFRESCOS BOMBA 600ML - T', 1, NULL, NULL, 117),
(27, '9', NULL, 'REFRESCOS LATA Y AGUAS - T', 0, NULL, NULL, 117),
(28, '18', NULL, 'SIN ADIC 8 - T', 0, NULL, NULL, 116),
(29, '21', NULL, 'SIN ADIC GR - T', 0, NULL, NULL, 116),
(30, '20', NULL, 'SIN ADIC MED - T', 0, NULL, NULL, 116),
(31, '19', NULL, 'SIN ADIC PEQ - T', 0, NULL, NULL, 116),
(32, '23', NULL, 'TIPO PASTA - T', 1, NULL, NULL, 116),
(36, '26', NULL, 'WRAP - T', 1, NULL, NULL, 116),
(37, '0', NULL, 'BEBIDAS 16 Oz - NM', 0, NULL, NULL, 117),
(38, '0', NULL, 'POSTRES-NM', 0, NULL, NULL, 116),
(81, '0', NULL, 'BEBIDAS FRIAS', 0, NULL, NULL, 117),
(86, '0', NULL, 'PASTELES', 0, NULL, NULL, 116),
(88, '0', NULL, 'PIZZAS 16', 0, NULL, NULL, 116),
(89, '0', NULL, 'ARTICOS', 0, NULL, NULL, 117),
(90, '0', NULL, 'SLICES 16', 0, NULL, NULL, 116),
(91, '0', NULL, 'BEBIDAS FRIAS', 0, NULL, NULL, 117),
(92, '0', NULL, 'POSTRES', 0, NULL, NULL, 116),
(93, '0', NULL, 'BEBIDAS PERSONAL', 0, NULL, NULL, 120),
(95, '0', NULL, 'CAFE', 0, NULL, NULL, 117),
(98, '0', NULL, 'DULCES FRIOS', 0, NULL, NULL, 116),
(99, '0', NULL, 'EXTRAS', 0, NULL, NULL, 116),
(100, '0', NULL, 'PASTELERIA DULCE', 0, NULL, NULL, 116),
(101, '0', NULL, 'PASTELERIA SALADA', 0, NULL, NULL, 116),
(102, '0', NULL, 'WAFFLES CLASICOS', 0, NULL, NULL, 116),
(103, '0', NULL, 'INFUSIONES', 0, NULL, NULL, 116),
(104, '0', NULL, 'COMBO LOKURA PIZZAS 16', 0, NULL, NULL, NULL),
(105, '0', NULL, 'COMBO PIZZAS 16', 0, NULL, NULL, NULL),
(107, '0', NULL, 'COMIDA & BEBIDA PERSONAL', 0, NULL, NULL, 120),
(108, '0', NULL, 'PARA LLEVAR', 0, NULL, NULL, 143),
(111, '0', NULL, 'PROTEINA POTE', 1, NULL, NULL, 116),
(112, '0', NULL, 'PROTEINA POTE LIGHT', 1, NULL, NULL, 116),
(113, '1', NULL, 'BURROS', 0, NULL, NULL, 116),
(114, '8', NULL, 'EXTRAS', 0, NULL, NULL, 116),
(115, '3', NULL, 'POTE', 1, NULL, NULL, 119),
(116, '7', NULL, 'REFRESCO LATA Y AGUA', 0, NULL, NULL, 117),
(119, '9', NULL, 'COMIDA & BEBIDA PERSONAL', 0, NULL, NULL, 120),
(120, '4', NULL, 'BEBIDAS GRANDES', 0, NULL, NULL, 117),
(121, '5', NULL, 'BEBIDAS MEDIANAS', 0, NULL, NULL, 117),
(122, '6', NULL, 'BEBIDAS PEQUENAS', 0, NULL, NULL, 117),
(123, '0', NULL, 'PROTEINA RICO BURRITO', 1, NULL, NULL, 116),
(124, '2', NULL, 'TAQUERIA', 0, NULL, NULL, 116),
(125, '0', NULL, 'OPCIONES CALIENTES', 1, NULL, NULL, NULL),
(126, '0', NULL, 'OPCIONES FRIAS', 1, NULL, NULL, NULL),
(127, '0', NULL, 'PLATOS', 0, NULL, NULL, 119),
(128, '0', '', 'INFUSIONES', 0, NULL, NULL, 116),
(145, '13', NULL, 'ADICIONALES 8 - R', 1, NULL, NULL, 116),
(146, '16', NULL, 'ADICIONALES GRANDES - R', 1, NULL, NULL, 116),
(147, '15', NULL, 'ADICIONALES MEDIANOS - R', 1, NULL, NULL, 116),
(148, '14', NULL, 'ADICIONALES PEQUENOS - R', 1, NULL, NULL, 116),
(149, '8', NULL, 'BEBIDAS GRANDES - R', 0, NULL, NULL, 117),
(150, '12', NULL, 'CAFE - R', 1, NULL, NULL, 117),
(151, '11', NULL, 'JUGOS - R', 1, NULL, NULL, 117),
(152, '17', NULL, 'PARA LLEVAR - R', 0, NULL, NULL, 143),
(158, '2', NULL, 'PIZZAS 8 - R', 1, NULL, NULL, 116),
(159, '5', NULL, 'PIZZAS GRANDES - R', 0, NULL, NULL, 116),
(160, '4', NULL, 'PIZZAS MEDIANAS - R', 1, NULL, NULL, 116),
(161, '3', NULL, 'PIZZAS PEQUENAS - R', 1, NULL, NULL, 116),
(162, '25', NULL, 'POSTRES - R', 0, NULL, NULL, 116),
(163, '10', NULL, 'REFRESCOS BOMBA 600ML - R', 1, NULL, NULL, 117),
(164, '9', NULL, 'REFRESCOS LATA Y AGUAS - R', 0, NULL, NULL, 117),
(165, '18', NULL, 'SIN ADIC 8 - R', 1, NULL, NULL, 116),
(166, '21', NULL, 'SIN ADIC GR - R', 1, NULL, NULL, 116),
(167, '20', NULL, 'SIN ADIC MED - R', 1, NULL, NULL, 116),
(168, '19', NULL, 'SIN ADIC PEQ - R', 1, NULL, NULL, 116),
(169, '7', NULL, 'BEBIDAS MEDIANAS - R', 0, NULL, NULL, 117),
(170, '6', NULL, 'BEBIDAS PEQUENAS - R', 0, NULL, NULL, 117),
(178, '27', NULL, 'PIZZA && BEBIDAS PERSONAL - R', 0, NULL, NULL, 120),
(179, '1', NULL, 'PASTELITOS - R', 0, NULL, NULL, 116),
(180, '9', NULL, 'ADICIONALES 12 -NM', 1, NULL, NULL, 116),
(181, '13', NULL, 'ADICIONALES 8 - T', 1, NULL, NULL, 116),
(182, '8', NULL, 'ADICIONALES 9 -NM', 1, NULL, NULL, 116),
(183, '16', NULL, 'ADICIONALES GRANDES -T', 1, NULL, NULL, 116),
(184, '9', NULL, 'ADICIONALES 12 ', 0, NULL, NULL, 116),
(185, '10', NULL, 'ADICIONALES 16', 0, NULL, NULL, 116),
(186, '10', NULL, 'ADICIONALES 16 -NM', 1, NULL, NULL, 116),
(187, '8', NULL, 'ADICIONALES 9 ', 0, NULL, NULL, 116),
(188, '14', NULL, 'ADICIONALES PEQUENOS -T', 1, NULL, NULL, 116),
(189, '15', NULL, 'ADICIONALES MEDIANOS -T', 1, NULL, NULL, 116),
(190, '24', NULL, 'ENSALADAS MIXTAS - T', 1, NULL, NULL, 116),
(191, '11', NULL, 'PARA LLEVAR ', 0, NULL, NULL, 143),
(192, '11', NULL, 'PARA LLEVAR - NM', 1, NULL, NULL, 143),
(193, '17', NULL, 'PARA LLEVAR - T', 1, NULL, NULL, 143),
(194, '22', NULL, 'PASTAS - T', 1, NULL, NULL, 116),
(195, '1', NULL, 'PASTELITOS', 1, NULL, NULL, 116),
(196, '1', NULL, 'PASTELITOS - T', 1, NULL, NULL, 116),
(197, '3', NULL, 'PIZZAS 12', 0, NULL, NULL, 116),
(198, '3', NULL, 'PIZZAS 12 - NM', 1, NULL, NULL, 116),
(199, '4', NULL, 'PIZZAS 16 ', 0, NULL, NULL, 116),
(200, '4', NULL, 'PIZZAS 16 - NM', 1, NULL, NULL, 116),
(201, '1', NULL, 'PIZZAS 7', 0, NULL, NULL, 116),
(202, '1', NULL, 'PIZZAS 7 - NM', 1, NULL, NULL, 116),
(203, '2', NULL, 'PIZZAS 8 - T', 1, NULL, NULL, 116),
(204, '2', NULL, 'PIZZAS 9', 0, NULL, NULL, 116),
(205, '2', NULL, 'PIZZAS 9 - NM', 1, NULL, NULL, 116),
(206, '5', NULL, 'PIZZAS GRANDES - T', 1, NULL, NULL, 116),
(207, '4', NULL, 'PIZZAS MEDIANAS - T', 1, NULL, NULL, 116),
(208, '12', NULL, 'POSTRES', 0, NULL, NULL, 116),
(209, '12', NULL, 'POSTRES - NM', 1, NULL, NULL, 116),
(210, '25', NULL, 'POSTRES - T', 1, NULL, NULL, 116),
(211, '16', NULL, 'SIN ADIC 12', 0, NULL, NULL, 116),
(212, '16', NULL, 'SIN ADIC 12 - NM', 1, NULL, NULL, 116),
(213, '15', NULL, 'SIN ADIC 16 ', 0, NULL, NULL, 116),
(214, '15', NULL, 'SIN ADIC 16 - NM', 1, NULL, NULL, 116),
(215, '13', NULL, 'SIN ADIC 7', 0, NULL, NULL, 116),
(216, '13', NULL, 'SIN ADIC 7 - NM', 1, NULL, NULL, 116),
(217, '18', NULL, 'SIN ADIC 8 - T', 1, NULL, NULL, 116),
(218, '14', NULL, 'SIN ADIC 9', 0, NULL, NULL, 116),
(219, '14', NULL, 'SIN ADIC 9 - NM', 1, NULL, NULL, 116),
(220, '21', NULL, 'SIN ADIC GR - T', 1, NULL, NULL, 116),
(221, '20', NULL, 'SIN ADIC MED - T', 1, NULL, NULL, 116),
(222, '19', NULL, 'SIN ADIC PEQ - T', 1, NULL, NULL, 116),
(223, '23', NULL, 'TIPO PASTA - T', 1, NULL, NULL, 116),
(224, '26', NULL, 'WRAP - T', 1, NULL, NULL, 116),
(225, '5', NULL, 'BEBIDAS 16 Oz', 0, NULL, NULL, 117),
(226, '5', NULL, 'BEBIDAS 16 Oz - NM', 1, NULL, NULL, 117),
(227, '6', NULL, 'BEBIDAS 21 Oz', 0, NULL, NULL, 117),
(228, '6', NULL, 'BEBIDAS 21 Oz - NM', 1, NULL, NULL, 117),
(229, '8', NULL, 'BEBIDAS GRANDES - T', 1, NULL, NULL, 117),
(230, '7', NULL, 'BEBIDAS MEDIANAS - T', 1, NULL, NULL, 117),
(231, '6', NULL, 'BEBIDAS PEQUENAS - T', 1, NULL, NULL, 117),
(232, '12', NULL, 'CAFE', 1, NULL, NULL, 117),
(233, '12', NULL, 'CAFE - T', 1, NULL, NULL, 117),
(234, '11', NULL, 'JUGOS - T', 1, NULL, NULL, 117),
(235, '10', NULL, 'REFRESCOS BOMBA 600ML - T', 1, NULL, NULL, 117),
(236, '7', NULL, 'REFRESCOS LATA Y AGUAS', 0, NULL, NULL, 117),
(237, '7', NULL, 'REFRESCOS LATA Y AGUAS - NM', 1, NULL, NULL, 117),
(238, '9', NULL, 'REFRESCOS LATA Y AGUAS - T', 1, NULL, NULL, 117),
(241, '17', NULL, 'PIZ & BEB. PERS.', 0, NULL, NULL, 6),
(242, '17', NULL, 'PIZ Y BEB. PERS. - NM', 1, NULL, NULL, 6),
(243, '27', NULL, 'PIZZA && BEBIDAS PERSONAL - T', 1, NULL, NULL, 120),
(244, '3', NULL, 'PIZZAS PEQUENAS - T', 1, NULL, NULL, 116),
(249, '0', NULL, 'BEBIDAS', 0, NULL, NULL, 117),
(251, '0', NULL, 'YOGURES', 0, NULL, NULL, 142),
(252, '0', NULL, 'CAFE', 0, NULL, NULL, 117),
(253, '0', NULL, 'DULCES FRIOS', 0, NULL, NULL, 116),
(254, '0', NULL, 'DULCES', 0, NULL, NULL, 116),
(255, '0', NULL, 'PASTA SECA', 0, NULL, NULL, 116),
(256, '0', NULL, 'PIZZETAS', 0, NULL, NULL, 116),
(257, '0', NULL, 'ENSALADAS', 0, NULL, NULL, 116),
(258, '0', NULL, 'BOMBONES', 0, NULL, NULL, 116),
(259, '0', NULL, 'BEBIDAS FRIAS', 0, NULL, NULL, 117),
(260, '0', NULL, 'PASTELES', 0, NULL, NULL, 116),
(261, '0', NULL, 'PIZZAS 16', 0, NULL, NULL, 116),
(262, '0', NULL, 'SLICES 16', 0, NULL, NULL, 116),
(263, '0', NULL, 'POSTRES', 0, NULL, NULL, 116),
(264, '0', NULL, 'COMBO LOKURA PIZZAS 16', 0, NULL, NULL, NULL),
(265, '0', NULL, 'COMBO PIZZAS 16', 0, NULL, NULL, NULL),
(266, '0', NULL, 'COMIDA & BEBIDA PERSONAL', 0, NULL, NULL, 120),
(267, '0', NULL, 'PARA LLEVAR', 0, NULL, NULL, 143),
(268, '0', NULL, 'BEBIDAS FRIAS', 0, NULL, NULL, 117),
(269, '0', NULL, 'PASTELES', 0, NULL, NULL, 116),
(270, '0', NULL, 'PIZZAS 16', 0, NULL, NULL, 116),
(271, '0', NULL, 'SLICES 16', 0, NULL, NULL, 116),
(272, '0', NULL, 'POSTRES', 0, NULL, NULL, 116),
(273, '0', NULL, 'COMBO LOKURA PIZZAS 16', 0, NULL, NULL, NULL),
(274, '0', NULL, 'COMBO PIZZAS 16', 0, NULL, NULL, NULL),
(275, '0', NULL, 'COMIDA & BEBIDA PERSONAL', 0, NULL, NULL, 120),
(276, '0', NULL, 'PARA LLEVAR', 0, NULL, NULL, 143),
(278, '3', NULL, 'PIZZAS OVALADAS - R', 0, NULL, NULL, 116),
(279, '13', NULL, 'ADICIONALES 8 - R', 0, NULL, NULL, 116),
(281, '16', NULL, 'ADICIONALES GRANDES - R', 0, NULL, NULL, 116),
(282, '15', NULL, 'ADICIONALES MEDIANOS - R', 0, NULL, NULL, 116),
(283, '14', NULL, 'ADICIONALES PEQUENOS - R', 0, NULL, NULL, 116),
(284, '1', NULL, 'PASTELITOS - R', 1, NULL, NULL, 116),
(285, '2', NULL, 'PIZZAS 8 - R', 0, NULL, NULL, 116),
(286, '5', NULL, 'PIZZAS GRANDES - R', 0, NULL, NULL, 116),
(287, '4', NULL, 'PIZZAS MEDIANAS - R', 0, NULL, NULL, 116),
(288, '3', NULL, 'PIZZAS PEQUENAS - R', 0, NULL, NULL, 116),
(289, '25', NULL, 'POSTRES - R', 0, NULL, NULL, 116),
(290, '18', NULL, 'SIN ADIC 8 - R', 0, NULL, NULL, 116),
(291, '21', NULL, 'SIN ADIC GR - R', 0, NULL, NULL, 116),
(292, '20', NULL, 'SIN ADIC MED - R', 0, NULL, NULL, 116),
(293, '19', NULL, 'SIN ADIC PEQ - R', 0, NULL, NULL, 116),
(294, '8', NULL, 'BEBIDAS GRANDES - R', 0, NULL, NULL, 117),
(295, '7', NULL, 'BEBIDAS MEDIANAS - R', 0, NULL, NULL, 117),
(296, '6', NULL, 'BEBIDAS PEQUENAS - R', 0, NULL, NULL, 117),
(297, '12', NULL, 'CAFE - R', 1, NULL, NULL, 117),
(298, '11', NULL, 'JUGOS - R', 1, NULL, NULL, 117),
(299, '10', NULL, 'REFRESCOS BOMBA 600ML - R', 1, NULL, NULL, 117),
(300, '9', NULL, 'REFRESCOS LATA Y AGUAS - R', 0, NULL, NULL, 117),
(301, '17', NULL, 'PARA LLEVAR - R', 0, NULL, NULL, 143),
(302, '27', NULL, 'PIZZA Y BEBIDAS PERSONAL - R', 0, NULL, NULL, 120),
(306, '0', NULL, 'BEBIDAS CALIENTES', 1, NULL, NULL, 117),
(307, '0', NULL, 'PIZZAS OVALADAS', 0, NULL, NULL, 116),
(308, '0', NULL, 'PIZZAS GRANDES', 0, NULL, NULL, 116),
(309, '0', NULL, 'BEBIDAS FRIAS', 0, NULL, NULL, 117),
(310, '0', NULL, 'PASTELES', 0, NULL, NULL, 116),
(311, '0', NULL, 'PIZZAS 16', 0, NULL, NULL, 116),
(312, '0', NULL, 'SLICES 16', 0, NULL, NULL, 116),
(313, '0', NULL, 'POSTRES', 0, NULL, NULL, 116),
(314, '0', NULL, 'COMBO LOKURA PIZZAS 16', 0, NULL, NULL, NULL),
(315, '0', NULL, 'COMBO PIZZAS 16', 0, NULL, NULL, NULL),
(316, '0', NULL, 'COMIDA & BEBIDA PERSONAL', 0, NULL, NULL, 120),
(317, '0', NULL, 'PARA LLEVAR', 0, NULL, NULL, 143),
(318, '0', NULL, 'BEBIDAS CALIENTES', 1, NULL, NULL, 117),
(319, '0', NULL, 'SLICES 18', 1, NULL, NULL, 116),
(320, '0', NULL, 'COMBOS PIZZAS 18', 1, NULL, NULL, NULL),
(321, '0', NULL, 'COMBOS PIZZAS 18', 1, NULL, NULL, NULL),
(322, '0', NULL, 'SLICES 18', 1, NULL, NULL, 116),
(323, '0', NULL, 'BEBIDAS CALIENTES', 1, NULL, NULL, 117),
(324, '0', NULL, 'SLICES 18', 1, NULL, NULL, 116),
(328, '0', NULL, 'COMBOS PIZZAS 18', 1, NULL, NULL, NULL),
(329, '0', NULL, 'NACHOS', 1, NULL, NULL, 116),
(330, '10', NULL, 'INFUSIONES', 0, NULL, NULL, 116),
(331, '0', NULL, 'PROTEINA BURRITO', 1, NULL, NULL, 116),
(332, '0', NULL, 'PROTEINA BURRO', 1, NULL, NULL, 116),
(333, '0', NULL, 'PROTEINA MATA BURRO', 1, NULL, NULL, 116),
(334, '0', NULL, 'COMBOS PIZZAS 18', 1, NULL, NULL, NULL),
(335, '0', NULL, 'SLICES 18', 1, NULL, NULL, 116),
(336, '0', NULL, 'BEBIDAS CALIENTES', 1, NULL, NULL, 117),
(337, '1', NULL, 'Pizzas Med', 0, NULL, NULL, 116),
(338, '2', NULL, 'Pizzas Fam', 0, NULL, NULL, 116),
(339, '4', NULL, 'Acompanantes', 0, NULL, NULL, 116),
(340, '5', NULL, 'Postres', 0, NULL, NULL, 116),
(341, '3', NULL, 'Bebidas', 0, NULL, NULL, 117),
(342, '1', NULL, 'PIZZA-9', 0, NULL, NULL, 116),
(343, '2', NULL, 'PIZZA-12', 0, NULL, NULL, 116),
(344, '3', NULL, 'PIZZA-14', 0, NULL, NULL, 116),
(345, '4', NULL, 'PIZZA-16', 0, NULL, NULL, 116),
(346, '5', NULL, 'Combo 9', 0, NULL, NULL, NULL),
(347, '6', NULL, 'COMBO 12', 0, NULL, NULL, NULL),
(348, '7', NULL, 'COMBO 14', 0, NULL, NULL, NULL),
(349, '8', NULL, 'COMBO 16', 0, NULL, NULL, NULL),
(350, '9', NULL, 'PROMOCION DEL MES', 0, NULL, NULL, NULL),
(351, '10', NULL, 'SODAS PEQUENAS', 0, NULL, NULL, 117),
(352, '11', NULL, 'SODAS MEDIANAS', 0, NULL, NULL, 117),
(353, '12', NULL, 'SODAS GRANDES', 0, NULL, NULL, 117),
(354, '13', NULL, 'ADICIONAL 9', 0, NULL, NULL, 116),
(355, '14', NULL, 'ADICIONAL 12', 0, NULL, NULL, 116),
(356, '15', NULL, 'ADICIONAL 14', 0, NULL, NULL, 116),
(357, '20', NULL, 'P-LLEVAR', 0, NULL, NULL, 143),
(358, '17', NULL, 'CON ADIC-PEQ', 0, NULL, NULL, 116),
(359, '18', NULL, 'CON ADIC-MED', 0, NULL, NULL, 116),
(361, '19', NULL, 'CON ADIC-GRD', 0, NULL, NULL, 116),
(362, '21', NULL, 'SIN ADIC-PEQ', 0, NULL, NULL, 116),
(363, '22', NULL, 'SIN ADIC-MED', 0, NULL, NULL, 116),
(364, '23', NULL, 'SIN ADIC-GRD', 0, NULL, NULL, 116),
(365, '24', NULL, 'POSTRES', 0, NULL, NULL, 116),
(366, '25', NULL, 'SLICE', 0, NULL, NULL, 116),
(367, '26', NULL, 'EXTRAS', 0, NULL, NULL, 116),
(368, '27', NULL, 'MALTEADAS', 0, NULL, NULL, 117),
(370, '29', NULL, 'PRE.POSTRES COMBO', 0, NULL, NULL, NULL),
(371, '30', NULL, 'PRE.SABOR COMBO', 0, NULL, NULL, NULL),
(372, '1', NULL, 'Burrito', 0, NULL, NULL, 116),
(373, '2', NULL, 'Burro', 0, NULL, NULL, 116),
(374, '3', NULL, 'Mata Burro 10"', 0, NULL, NULL, 116),
(375, '4', NULL, 'Mata Burro 12"', 0, NULL, NULL, 116),
(376, '5', NULL, 'OPCIONES FRIAS', 0, NULL, NULL, NULL),
(377, '6', NULL, 'Combos', 0, NULL, NULL, NULL),
(378, '7', NULL, 'Combos RB', 0, NULL, NULL, NULL),
(379, '8', NULL, 'Bebidas 12 Oz', 0, NULL, NULL, 117),
(380, '9', NULL, 'Bebidas 16 Oz', 0, NULL, NULL, 117),
(381, '10', NULL, 'Bebidas 22 Oz', 0, NULL, NULL, 117),
(382, '11', NULL, 'POSTRES', 0, NULL, NULL, 116),
(383, '12', NULL, 'X- FRIOS', 0, NULL, NULL, NULL),
(384, '13', NULL, 'X- CALIENTES', 0, NULL, NULL, NULL),
(385, '14', NULL, 'X-Proteinas 10"', 0, NULL, NULL, 116),
(386, '15', NULL, 'X-Proteinas 12"', 0, NULL, NULL, 116),
(387, '16', NULL, 'X-SALSAS', 0, NULL, NULL, NULL),
(388, '17', NULL, 'Opciones Calientes', 0, NULL, NULL, 116),
(389, '18', NULL, 'Preparacion Proteina', 0, NULL, NULL, 116),
(390, '19', NULL, 'Prep. Combos Bebidas', 0, NULL, NULL, NULL),
(392, '16', NULL, 'ADICIONAL 16', 0, NULL, NULL, 116),
(393, '28', NULL, 'PRE.BEBIDA COMBO', 0, NULL, NULL, NULL),
(394, '31', NULL, 'FULL ECONOMICA', 1, NULL, NULL, NULL),
(403, NULL, NULL, 'Sodas Medianas Rb', 0, NULL, NULL, 117),
(404, NULL, NULL, 'Postres Rb', 0, NULL, NULL, 116),
(405, NULL, NULL, 'Preparacion Proteina Rb', 0, NULL, NULL, 116),
(406, NULL, NULL, 'Sodas Pequenas Rb', 0, NULL, NULL, 117),
(407, NULL, NULL, 'Sodas Medianas Rb', 0, NULL, NULL, 117),
(408, NULL, NULL, 'Sodas Grandes Rb', 0, NULL, NULL, 117),
(409, NULL, NULL, 'Prep. Combos Bebidas Rb', 0, NULL, NULL, 117),
(410, NULL, NULL, 'Combos Adicional', 0, NULL, NULL, NULL);

-- --------------------------------------------------------

--
-- Table structure for table `ingredientes_has_explosion`
--

CREATE TABLE `ingredientes_has_explosion` (
  `explosion_id` int(11) NOT NULL,
  `ingrediente_id` int(11) NOT NULL,
  `producto_id` int(11) DEFAULT NULL,
  `cantidad` decimal(19,4) NOT NULL DEFAULT '0.0000',
  `unidad_medida_id` int(11) NOT NULL
) ENGINE=InnoDB DEFAULT CHARSET=utf8;

-- --------------------------------------------------------

--
-- Table structure for table `ingrediente_has_receta`
--

CREATE TABLE `ingrediente_has_receta` (
  `ingrediente_id` int(11) DEFAULT NULL,
  `receta_id` int(11) NOT NULL,
  `cantidad` decimal(19,4) DEFAULT '0.0000',
  `unidad_medida_id` int(11) NOT NULL
) ENGINE=InnoDB DEFAULT CHARSET=utf8;

--
-- Dumping data for table `ingrediente_has_receta`
--

INSERT INTO `ingrediente_has_receta` (`ingrediente_id`, `receta_id`, `cantidad`, `unidad_medida_id`) VALUES
(1, 46, '1.0000', 13),
(28, 46, '1.0000', 13),
(4, 47, '1.0000', 13),
(10, 47, '500.0000', 13),
(56, 47, '10000.0000', 13),
(746, 48, '2.0000', 13),
(73, 49, '1.0000', 13),
(76, 49, '1.0000', 13);

-- --------------------------------------------------------

--
-- Table structure for table `inventario`
--

CREATE TABLE `inventario` (
  `id` int(11) NOT NULL,
  `mercancia_id` int(11) NOT NULL,
  `unidad_negocio_id` int(11) NOT NULL,
  `existencia_teorica` decimal(19,4) NOT NULL DEFAULT '0.0000',
  `existencia_real` decimal(19,4) DEFAULT '0.0000',
  `diferencia` decimal(19,4) DEFAULT '0.0000',
  `unidad_medida_id` int(11) NOT NULL,
  `fecha_inicial` date NOT NULL,
  `fecha_final` date NOT NULL,
  `tipo_inventario` int(11) NOT NULL,
  `comentario` text,
  `procesado` tinyint(1) NOT NULL DEFAULT '0',
  `fecha_procesado` date DEFAULT NULL
) ENGINE=InnoDB AUTO_INCREMENT=355 DEFAULT CHARSET=utf8;

--
-- Dumping data for table `inventario`
--

INSERT INTO `inventario` (`id`, `mercancia_id`, `unidad_negocio_id`, `existencia_teorica`, `existencia_real`, `diferencia`, `unidad_medida_id`, `fecha_inicial`, `fecha_final`, `tipo_inventario`, `comentario`, `procesado`, `fecha_procesado`) VALUES
(1, 1, 522, '0.0000', '0.0000', '0.0000', 13, '2018-09-01', '2018-09-30', 171, NULL, 0, NULL),
(2, 2, 522, '0.0000', '0.0000', '0.0000', 13, '2018-09-01', '2018-09-30', 171, NULL, 0, NULL),
(3, 3, 522, '0.0000', '0.0000', '0.0000', 13, '2018-09-01', '2018-09-30', 171, NULL, 0, NULL),
(4, 4, 522, '0.0000', '0.0000', '0.0000', 13, '2018-09-01', '2018-09-30', 171, NULL, 0, NULL),
(5, 5, 522, '0.0000', '1000.0000', '1000.0000', 13, '2018-09-01', '2018-09-30', 171, 'NULL', 0, NULL),
(6, 6, 522, '0.0000', '0.0000', '0.0000', 13, '2018-09-01', '2018-09-30', 171, NULL, 0, NULL),
(7, 7, 522, '0.0000', '0.0000', '0.0000', 13, '2018-09-01', '2018-09-30', 171, NULL, 0, NULL),
(8, 8, 522, '0.0000', '0.0000', '0.0000', 13, '2018-09-01', '2018-09-30', 171, NULL, 0, NULL),
(9, 9, 522, '0.0000', '0.0000', '0.0000', 13, '2018-09-01', '2018-09-30', 171, NULL, 0, NULL),
(10, 10, 522, '0.0000', '0.0000', '0.0000', 13, '2018-09-01', '2018-09-30', 171, NULL, 0, NULL),
(11, 11, 522, '0.0000', '0.0000', '0.0000', 13, '2018-09-01', '2018-09-30', 171, NULL, 0, NULL),
(12, 12, 522, '0.0000', '0.0000', '0.0000', 13, '2018-09-01', '2018-09-30', 171, NULL, 0, NULL),
(13, 13, 522, '0.0000', '0.0000', '0.0000', 13, '2018-09-01', '2018-09-30', 171, NULL, 0, NULL),
(14, 14, 522, '0.0000', '0.0000', '0.0000', 13, '2018-09-01', '2018-09-30', 171, NULL, 0, NULL),
(15, 15, 522, '0.0000', '0.0000', '0.0000', 13, '2018-09-01', '2018-09-30', 171, NULL, 0, NULL),
(16, 16, 522, '0.0000', '0.0000', '0.0000', 13, '2018-09-01', '2018-09-30', 171, NULL, 0, NULL),
(17, 17, 522, '0.0000', '0.0000', '0.0000', 13, '2018-09-01', '2018-09-30', 171, NULL, 0, NULL),
(18, 18, 522, '0.0000', '0.0000', '0.0000', 13, '2018-09-01', '2018-09-30', 171, NULL, 0, NULL),
(19, 19, 522, '0.0000', '0.0000', '0.0000', 13, '2018-09-01', '2018-09-30', 171, NULL, 0, NULL),
(20, 20, 522, '0.0000', '0.0000', '0.0000', 13, '2018-09-01', '2018-09-30', 171, NULL, 0, NULL),
(21, 21, 522, '0.0000', '0.0000', '0.0000', 13, '2018-09-01', '2018-09-30', 171, NULL, 0, NULL),
(22, 22, 522, '0.0000', '0.0000', '0.0000', 13, '2018-09-01', '2018-09-30', 171, NULL, 0, NULL),
(23, 23, 522, '0.0000', '0.0000', '0.0000', 13, '2018-09-01', '2018-09-30', 171, NULL, 0, NULL),
(24, 24, 522, '0.0000', '0.0000', '0.0000', 13, '2018-09-01', '2018-09-30', 171, NULL, 0, NULL),
(25, 25, 522, '0.0000', '0.0000', '0.0000', 13, '2018-09-01', '2018-09-30', 171, NULL, 0, NULL),
(26, 26, 522, '0.0000', '0.0000', '0.0000', 13, '2018-09-01', '2018-09-30', 171, NULL, 0, NULL),
(27, 27, 522, '0.0000', '0.0000', '0.0000', 13, '2018-09-01', '2018-09-30', 171, NULL, 0, NULL),
(28, 28, 522, '0.0000', '0.0000', '0.0000', 13, '2018-09-01', '2018-09-30', 171, NULL, 0, NULL),
(29, 29, 522, '0.0000', '0.0000', '0.0000', 13, '2018-09-01', '2018-09-30', 171, NULL, 0, NULL),
(30, 30, 522, '0.0000', '0.0000', '0.0000', 13, '2018-09-01', '2018-09-30', 171, NULL, 0, NULL),
(31, 31, 522, '0.0000', '0.0000', '0.0000', 13, '2018-09-01', '2018-09-30', 171, NULL, 0, NULL),
(32, 32, 522, '0.0000', '0.0000', '0.0000', 13, '2018-09-01', '2018-09-30', 171, NULL, 0, NULL),
(33, 33, 522, '0.0000', '0.0000', '0.0000', 13, '2018-09-01', '2018-09-30', 171, NULL, 0, NULL),
(34, 34, 522, '0.0000', '0.0000', '0.0000', 13, '2018-09-01', '2018-09-30', 171, NULL, 0, NULL),
(35, 35, 522, '0.0000', '0.0000', '0.0000', 13, '2018-09-01', '2018-09-30', 171, NULL, 0, NULL),
(36, 36, 522, '0.0000', '0.0000', '0.0000', 13, '2018-09-01', '2018-09-30', 171, NULL, 0, NULL),
(37, 37, 522, '0.0000', '0.0000', '0.0000', 13, '2018-09-01', '2018-09-30', 171, NULL, 0, NULL),
(38, 38, 522, '0.0000', '0.0000', '0.0000', 13, '2018-09-01', '2018-09-30', 171, NULL, 0, NULL),
(39, 39, 522, '0.0000', '0.0000', '0.0000', 13, '2018-09-01', '2018-09-30', 171, NULL, 0, NULL),
(40, 40, 522, '0.0000', '0.0000', '0.0000', 13, '2018-09-01', '2018-09-30', 171, NULL, 0, NULL),
(41, 41, 522, '0.0000', '0.0000', '0.0000', 13, '2018-09-01', '2018-09-30', 171, NULL, 0, NULL),
(42, 42, 522, '0.0000', '0.0000', '0.0000', 13, '2018-09-01', '2018-09-30', 171, NULL, 0, NULL),
(43, 43, 522, '0.0000', '0.0000', '0.0000', 13, '2018-09-01', '2018-09-30', 171, NULL, 0, NULL),
(44, 44, 522, '0.0000', '0.0000', '0.0000', 13, '2018-09-01', '2018-09-30', 171, NULL, 0, NULL),
(45, 45, 522, '0.0000', '0.0000', '0.0000', 13, '2018-09-01', '2018-09-30', 171, NULL, 0, NULL),
(46, 46, 522, '0.0000', '0.0000', '0.0000', 13, '2018-09-01', '2018-09-30', 171, NULL, 0, NULL),
(47, 47, 522, '0.0000', '0.0000', '0.0000', 13, '2018-09-01', '2018-09-30', 171, NULL, 0, NULL),
(48, 48, 522, '0.0000', '0.0000', '0.0000', 13, '2018-09-01', '2018-09-30', 171, NULL, 0, NULL),
(49, 49, 522, '0.0000', '0.0000', '0.0000', 13, '2018-09-01', '2018-09-30', 171, NULL, 0, NULL),
(50, 50, 522, '0.0000', '0.0000', '0.0000', 13, '2018-09-01', '2018-09-30', 171, NULL, 0, NULL),
(51, 51, 522, '0.0000', '0.0000', '0.0000', 13, '2018-09-01', '2018-09-30', 171, NULL, 0, NULL),
(52, 52, 522, '0.0000', '0.0000', '0.0000', 13, '2018-09-01', '2018-09-30', 171, NULL, 0, NULL),
(53, 53, 522, '0.0000', '0.0000', '0.0000', 13, '2018-09-01', '2018-09-30', 171, NULL, 0, NULL),
(54, 54, 522, '0.0000', '0.0000', '0.0000', 13, '2018-09-01', '2018-09-30', 171, NULL, 0, NULL),
(55, 55, 522, '0.0000', '0.0000', '0.0000', 13, '2018-09-01', '2018-09-30', 171, NULL, 0, NULL),
(56, 56, 522, '0.0000', '0.0000', '0.0000', 13, '2018-09-01', '2018-09-30', 171, NULL, 0, NULL),
(57, 57, 522, '0.0000', '0.0000', '0.0000', 13, '2018-09-01', '2018-09-30', 171, NULL, 0, NULL),
(58, 58, 522, '0.0000', '0.0000', '0.0000', 13, '2018-09-01', '2018-09-30', 171, NULL, 0, NULL),
(59, 59, 522, '0.0000', '0.0000', '0.0000', 13, '2018-09-01', '2018-09-30', 171, NULL, 0, NULL),
(60, 60, 522, '0.0000', '0.0000', '0.0000', 13, '2018-09-01', '2018-09-30', 171, NULL, 0, NULL),
(61, 61, 522, '0.0000', '0.0000', '0.0000', 13, '2018-09-01', '2018-09-30', 171, NULL, 0, NULL),
(62, 62, 522, '0.0000', '0.0000', '0.0000', 13, '2018-09-01', '2018-09-30', 171, NULL, 0, NULL),
(63, 63, 522, '0.0000', '0.0000', '0.0000', 13, '2018-09-01', '2018-09-30', 171, NULL, 0, NULL),
(64, 64, 522, '0.0000', '0.0000', '0.0000', 13, '2018-09-01', '2018-09-30', 171, NULL, 0, NULL),
(65, 65, 522, '0.0000', '0.0000', '0.0000', 13, '2018-09-01', '2018-09-30', 171, NULL, 0, NULL),
(66, 66, 522, '0.0000', '0.0000', '0.0000', 13, '2018-09-01', '2018-09-30', 171, NULL, 0, NULL),
(67, 67, 522, '0.0000', '0.0000', '0.0000', 13, '2018-09-01', '2018-09-30', 171, NULL, 0, NULL),
(68, 68, 522, '0.0000', '0.0000', '0.0000', 13, '2018-09-01', '2018-09-30', 171, NULL, 0, NULL),
(69, 69, 522, '0.0000', '0.0000', '0.0000', 13, '2018-09-01', '2018-09-30', 171, NULL, 0, NULL),
(70, 70, 522, '0.0000', '0.0000', '0.0000', 13, '2018-09-01', '2018-09-30', 171, NULL, 0, NULL),
(71, 71, 522, '0.0000', '0.0000', '0.0000', 13, '2018-09-01', '2018-09-30', 171, NULL, 0, NULL),
(72, 72, 522, '0.0000', '0.0000', '0.0000', 13, '2018-09-01', '2018-09-30', 171, NULL, 0, NULL),
(73, 73, 522, '0.0000', '0.0000', '0.0000', 13, '2018-09-01', '2018-09-30', 171, NULL, 0, NULL),
(74, 74, 522, '0.0000', '0.0000', '0.0000', 13, '2018-09-01', '2018-09-30', 171, NULL, 0, NULL),
(75, 75, 522, '0.0000', '0.0000', '0.0000', 13, '2018-09-01', '2018-09-30', 171, NULL, 0, NULL),
(76, 76, 522, '0.0000', '0.0000', '0.0000', 13, '2018-09-01', '2018-09-30', 171, NULL, 0, NULL),
(77, 78, 522, '0.0000', '0.0000', '0.0000', 13, '2018-09-01', '2018-09-30', 171, NULL, 0, NULL),
(78, 79, 522, '0.0000', '0.0000', '0.0000', 13, '2018-09-01', '2018-09-30', 171, NULL, 0, NULL),
(79, 80, 522, '0.0000', '0.0000', '0.0000', 13, '2018-09-01', '2018-09-30', 171, NULL, 0, NULL),
(80, 81, 522, '0.0000', '0.0000', '0.0000', 13, '2018-09-01', '2018-09-30', 171, NULL, 0, NULL),
(81, 82, 522, '0.0000', '0.0000', '0.0000', 13, '2018-09-01', '2018-09-30', 171, NULL, 0, NULL),
(82, 83, 522, '0.0000', '0.0000', '0.0000', 13, '2018-09-01', '2018-09-30', 171, NULL, 0, NULL),
(83, 84, 522, '0.0000', '0.0000', '0.0000', 13, '2018-09-01', '2018-09-30', 171, NULL, 0, NULL),
(84, 85, 522, '0.0000', '0.0000', '0.0000', 13, '2018-09-01', '2018-09-30', 171, NULL, 0, NULL),
(85, 86, 522, '0.0000', '0.0000', '0.0000', 13, '2018-09-01', '2018-09-30', 171, NULL, 0, NULL),
(86, 87, 522, '0.0000', '0.0000', '0.0000', 13, '2018-09-01', '2018-09-30', 171, NULL, 0, NULL),
(87, 88, 522, '0.0000', '0.0000', '0.0000', 13, '2018-09-01', '2018-09-30', 171, NULL, 0, NULL),
(88, 89, 522, '0.0000', '0.0000', '0.0000', 13, '2018-09-01', '2018-09-30', 171, NULL, 0, NULL),
(89, 90, 522, '0.0000', '0.0000', '0.0000', 13, '2018-09-01', '2018-09-30', 171, NULL, 0, NULL),
(90, 91, 522, '0.0000', '0.0000', '0.0000', 13, '2018-09-01', '2018-09-30', 171, NULL, 0, NULL),
(91, 92, 522, '0.0000', '0.0000', '0.0000', 13, '2018-09-01', '2018-09-30', 171, NULL, 0, NULL),
(92, 93, 522, '0.0000', '0.0000', '0.0000', 13, '2018-09-01', '2018-09-30', 171, NULL, 0, NULL),
(93, 94, 522, '0.0000', '0.0000', '0.0000', 13, '2018-09-01', '2018-09-30', 171, NULL, 0, NULL),
(94, 95, 522, '0.0000', '0.0000', '0.0000', 13, '2018-09-01', '2018-09-30', 171, NULL, 0, NULL),
(95, 96, 522, '0.0000', '0.0000', '0.0000', 13, '2018-09-01', '2018-09-30', 171, NULL, 0, NULL),
(96, 97, 522, '0.0000', '0.0000', '0.0000', 13, '2018-09-01', '2018-09-30', 171, NULL, 0, NULL),
(97, 98, 522, '0.0000', '0.0000', '0.0000', 13, '2018-09-01', '2018-09-30', 171, NULL, 0, NULL),
(98, 99, 522, '0.0000', '0.0000', '0.0000', 13, '2018-09-01', '2018-09-30', 171, NULL, 0, NULL),
(99, 100, 522, '0.0000', '0.0000', '0.0000', 13, '2018-09-01', '2018-09-30', 171, NULL, 0, NULL),
(100, 101, 522, '0.0000', '0.0000', '0.0000', 13, '2018-09-01', '2018-09-30', 171, NULL, 0, NULL),
(101, 102, 522, '0.0000', '0.0000', '0.0000', 13, '2018-09-01', '2018-09-30', 171, NULL, 0, NULL),
(102, 103, 522, '0.0000', '0.0000', '0.0000', 13, '2018-09-01', '2018-09-30', 171, NULL, 0, NULL),
(103, 104, 522, '0.0000', '0.0000', '0.0000', 13, '2018-09-01', '2018-09-30', 171, NULL, 0, NULL),
(104, 105, 522, '0.0000', '0.0000', '0.0000', 13, '2018-09-01', '2018-09-30', 171, NULL, 0, NULL),
(105, 106, 522, '0.0000', '0.0000', '0.0000', 13, '2018-09-01', '2018-09-30', 171, NULL, 0, NULL),
(106, 107, 522, '0.0000', '0.0000', '0.0000', 13, '2018-09-01', '2018-09-30', 171, NULL, 0, NULL),
(107, 108, 522, '0.0000', '0.0000', '0.0000', 13, '2018-09-01', '2018-09-30', 171, NULL, 0, NULL),
(108, 109, 522, '0.0000', '0.0000', '0.0000', 13, '2018-09-01', '2018-09-30', 171, NULL, 0, NULL),
(109, 110, 522, '0.0000', '0.0000', '0.0000', 13, '2018-09-01', '2018-09-30', 171, NULL, 0, NULL),
(110, 111, 522, '0.0000', '0.0000', '0.0000', 13, '2018-09-01', '2018-09-30', 171, NULL, 0, NULL),
(111, 112, 522, '0.0000', '0.0000', '0.0000', 13, '2018-09-01', '2018-09-30', 171, NULL, 0, NULL),
(112, 113, 522, '0.0000', '0.0000', '0.0000', 13, '2018-09-01', '2018-09-30', 171, NULL, 0, NULL),
(113, 114, 522, '0.0000', '0.0000', '0.0000', 13, '2018-09-01', '2018-09-30', 171, NULL, 0, NULL),
(114, 741, 522, '0.0000', '0.0000', '0.0000', 13, '2018-09-01', '2018-09-30', 171, NULL, 0, NULL),
(115, 1, 515, '0.0000', '0.0000', '0.0000', 13, '2018-09-01', '2018-09-30', 171, 'NULL', 0, NULL),
(116, 2, 515, '0.0000', NULL, '0.0000', 13, '2018-09-01', '2018-09-30', 171, NULL, 0, NULL),
(117, 3, 515, '0.0000', NULL, '0.0000', 13, '2018-09-01', '2018-09-30', 171, NULL, 0, NULL),
(118, 4, 515, '0.0000', NULL, '0.0000', 13, '2018-09-01', '2018-09-30', 171, NULL, 0, NULL),
(119, 5, 515, '0.0000', NULL, '0.0000', 13, '2018-09-01', '2018-09-30', 171, NULL, 0, NULL),
(120, 6, 515, '0.0000', NULL, '0.0000', 13, '2018-09-01', '2018-09-30', 171, NULL, 0, NULL),
(121, 7, 515, '0.0000', NULL, '0.0000', 13, '2018-09-01', '2018-09-30', 171, NULL, 0, NULL),
(122, 8, 515, '0.0000', NULL, '0.0000', 13, '2018-09-01', '2018-09-30', 171, NULL, 0, NULL),
(123, 9, 515, '0.0000', NULL, '0.0000', 13, '2018-09-01', '2018-09-30', 171, NULL, 0, NULL),
(124, 10, 515, '0.0000', NULL, '0.0000', 13, '2018-09-01', '2018-09-30', 171, NULL, 0, NULL),
(125, 11, 515, '0.0000', NULL, '0.0000', 13, '2018-09-01', '2018-09-30', 171, NULL, 0, NULL),
(126, 12, 515, '0.0000', NULL, '0.0000', 13, '2018-09-01', '2018-09-30', 171, NULL, 0, NULL),
(127, 13, 515, '0.0000', NULL, '0.0000', 13, '2018-09-01', '2018-09-30', 171, NULL, 0, NULL),
(128, 14, 515, '0.0000', NULL, '0.0000', 13, '2018-09-01', '2018-09-30', 171, NULL, 0, NULL),
(129, 15, 515, '0.0000', NULL, '0.0000', 13, '2018-09-01', '2018-09-30', 171, NULL, 0, NULL),
(130, 16, 515, '0.0000', NULL, '0.0000', 13, '2018-09-01', '2018-09-30', 171, NULL, 0, NULL),
(131, 17, 515, '0.0000', NULL, '0.0000', 13, '2018-09-01', '2018-09-30', 171, NULL, 0, NULL),
(132, 18, 515, '0.0000', NULL, '0.0000', 13, '2018-09-01', '2018-09-30', 171, NULL, 0, NULL),
(133, 19, 515, '0.0000', NULL, '0.0000', 13, '2018-09-01', '2018-09-30', 171, NULL, 0, NULL),
(134, 20, 515, '0.0000', NULL, '0.0000', 13, '2018-09-01', '2018-09-30', 171, NULL, 0, NULL),
(135, 21, 515, '0.0000', NULL, '0.0000', 13, '2018-09-01', '2018-09-30', 171, NULL, 0, NULL),
(136, 22, 515, '0.0000', NULL, '0.0000', 13, '2018-09-01', '2018-09-30', 171, NULL, 0, NULL),
(137, 23, 515, '0.0000', NULL, '0.0000', 13, '2018-09-01', '2018-09-30', 171, NULL, 0, NULL),
(138, 24, 515, '0.0000', NULL, '0.0000', 13, '2018-09-01', '2018-09-30', 171, NULL, 0, NULL),
(139, 25, 515, '0.0000', NULL, '0.0000', 13, '2018-09-01', '2018-09-30', 171, NULL, 0, NULL),
(140, 26, 515, '0.0000', NULL, '0.0000', 13, '2018-09-01', '2018-09-30', 171, NULL, 0, NULL),
(141, 27, 515, '0.0000', NULL, '0.0000', 13, '2018-09-01', '2018-09-30', 171, NULL, 0, NULL),
(142, 28, 515, '0.0000', NULL, '0.0000', 13, '2018-09-01', '2018-09-30', 171, NULL, 0, NULL),
(143, 29, 515, '0.0000', NULL, '0.0000', 13, '2018-09-01', '2018-09-30', 171, NULL, 0, NULL),
(144, 30, 515, '0.0000', NULL, '0.0000', 13, '2018-09-01', '2018-09-30', 171, NULL, 0, NULL),
(145, 31, 515, '0.0000', NULL, '0.0000', 13, '2018-09-01', '2018-09-30', 171, NULL, 0, NULL),
(146, 32, 515, '0.0000', NULL, '0.0000', 13, '2018-09-01', '2018-09-30', 171, NULL, 0, NULL),
(147, 33, 515, '0.0000', NULL, '0.0000', 13, '2018-09-01', '2018-09-30', 171, NULL, 0, NULL),
(148, 34, 515, '0.0000', NULL, '0.0000', 13, '2018-09-01', '2018-09-30', 171, NULL, 0, NULL),
(149, 35, 515, '0.0000', NULL, '0.0000', 13, '2018-09-01', '2018-09-30', 171, NULL, 0, NULL),
(150, 36, 515, '0.0000', NULL, '0.0000', 13, '2018-09-01', '2018-09-30', 171, NULL, 0, NULL),
(151, 37, 515, '0.0000', NULL, '0.0000', 13, '2018-09-01', '2018-09-30', 171, NULL, 0, NULL),
(152, 38, 515, '0.0000', NULL, '0.0000', 13, '2018-09-01', '2018-09-30', 171, NULL, 0, NULL),
(153, 39, 515, '0.0000', NULL, '0.0000', 13, '2018-09-01', '2018-09-30', 171, NULL, 0, NULL),
(154, 40, 515, '0.0000', NULL, '0.0000', 13, '2018-09-01', '2018-09-30', 171, NULL, 0, NULL),
(155, 41, 515, '0.0000', NULL, '0.0000', 13, '2018-09-01', '2018-09-30', 171, NULL, 0, NULL),
(156, 42, 515, '0.0000', NULL, '0.0000', 13, '2018-09-01', '2018-09-30', 171, NULL, 0, NULL),
(157, 43, 515, '0.0000', NULL, '0.0000', 13, '2018-09-01', '2018-09-30', 171, NULL, 0, NULL),
(158, 44, 515, '0.0000', NULL, '0.0000', 13, '2018-09-01', '2018-09-30', 171, NULL, 0, NULL),
(159, 45, 515, '0.0000', NULL, '0.0000', 13, '2018-09-01', '2018-09-30', 171, NULL, 0, NULL),
(160, 46, 515, '0.0000', NULL, '0.0000', 13, '2018-09-01', '2018-09-30', 171, NULL, 0, NULL),
(161, 47, 515, '0.0000', NULL, '0.0000', 13, '2018-09-01', '2018-09-30', 171, NULL, 0, NULL),
(162, 48, 515, '0.0000', NULL, '0.0000', 13, '2018-09-01', '2018-09-30', 171, NULL, 0, NULL),
(163, 49, 515, '0.0000', NULL, '0.0000', 13, '2018-09-01', '2018-09-30', 171, NULL, 0, NULL),
(164, 50, 515, '0.0000', NULL, '0.0000', 13, '2018-09-01', '2018-09-30', 171, NULL, 0, NULL),
(165, 51, 515, '0.0000', NULL, '0.0000', 13, '2018-09-01', '2018-09-30', 171, NULL, 0, NULL),
(166, 52, 515, '0.0000', NULL, '0.0000', 13, '2018-09-01', '2018-09-30', 171, NULL, 0, NULL),
(167, 53, 515, '0.0000', NULL, '0.0000', 13, '2018-09-01', '2018-09-30', 171, NULL, 0, NULL),
(168, 54, 515, '0.0000', NULL, '0.0000', 13, '2018-09-01', '2018-09-30', 171, NULL, 0, NULL),
(169, 55, 515, '0.0000', NULL, '0.0000', 13, '2018-09-01', '2018-09-30', 171, NULL, 0, NULL),
(170, 56, 515, '0.0000', NULL, '0.0000', 13, '2018-09-01', '2018-09-30', 171, NULL, 0, NULL),
(171, 57, 515, '0.0000', NULL, '0.0000', 13, '2018-09-01', '2018-09-30', 171, NULL, 0, NULL),
(172, 58, 515, '0.0000', NULL, '0.0000', 13, '2018-09-01', '2018-09-30', 171, NULL, 0, NULL),
(173, 59, 515, '0.0000', NULL, '0.0000', 13, '2018-09-01', '2018-09-30', 171, NULL, 0, NULL),
(174, 60, 515, '0.0000', NULL, '0.0000', 13, '2018-09-01', '2018-09-30', 171, NULL, 0, NULL),
(175, 61, 515, '0.0000', NULL, '0.0000', 13, '2018-09-01', '2018-09-30', 171, NULL, 0, NULL),
(176, 62, 515, '0.0000', NULL, '0.0000', 13, '2018-09-01', '2018-09-30', 171, NULL, 0, NULL),
(177, 63, 515, '0.0000', NULL, '0.0000', 13, '2018-09-01', '2018-09-30', 171, NULL, 0, NULL),
(178, 64, 515, '0.0000', NULL, '0.0000', 13, '2018-09-01', '2018-09-30', 171, NULL, 0, NULL),
(179, 65, 515, '0.0000', NULL, '0.0000', 13, '2018-09-01', '2018-09-30', 171, NULL, 0, NULL),
(180, 66, 515, '0.0000', NULL, '0.0000', 13, '2018-09-01', '2018-09-30', 171, NULL, 0, NULL),
(181, 67, 515, '0.0000', NULL, '0.0000', 13, '2018-09-01', '2018-09-30', 171, NULL, 0, NULL),
(182, 68, 515, '0.0000', NULL, '0.0000', 13, '2018-09-01', '2018-09-30', 171, NULL, 0, NULL),
(183, 69, 515, '0.0000', NULL, '0.0000', 13, '2018-09-01', '2018-09-30', 171, NULL, 0, NULL),
(184, 70, 515, '0.0000', NULL, '0.0000', 13, '2018-09-01', '2018-09-30', 171, NULL, 0, NULL),
(185, 71, 515, '0.0000', NULL, '0.0000', 13, '2018-09-01', '2018-09-30', 171, NULL, 0, NULL),
(186, 72, 515, '0.0000', NULL, '0.0000', 13, '2018-09-01', '2018-09-30', 171, NULL, 0, NULL),
(187, 73, 515, '0.0000', NULL, '0.0000', 13, '2018-09-01', '2018-09-30', 171, NULL, 0, NULL),
(188, 74, 515, '0.0000', NULL, '0.0000', 13, '2018-09-01', '2018-09-30', 171, NULL, 0, NULL),
(189, 75, 515, '0.0000', NULL, '0.0000', 13, '2018-09-01', '2018-09-30', 171, NULL, 0, NULL),
(190, 76, 515, '0.0000', NULL, '0.0000', 13, '2018-09-01', '2018-09-30', 171, NULL, 0, NULL),
(191, 78, 515, '0.0000', NULL, '0.0000', 13, '2018-09-01', '2018-09-30', 171, NULL, 0, NULL),
(192, 79, 515, '0.0000', NULL, '0.0000', 13, '2018-09-01', '2018-09-30', 171, NULL, 0, NULL),
(193, 80, 515, '0.0000', NULL, '0.0000', 13, '2018-09-01', '2018-09-30', 171, NULL, 0, NULL),
(194, 81, 515, '0.0000', NULL, '0.0000', 13, '2018-09-01', '2018-09-30', 171, NULL, 0, NULL),
(195, 82, 515, '0.0000', NULL, '0.0000', 13, '2018-09-01', '2018-09-30', 171, NULL, 0, NULL),
(196, 83, 515, '0.0000', NULL, '0.0000', 13, '2018-09-01', '2018-09-30', 171, NULL, 0, NULL),
(197, 84, 515, '0.0000', NULL, '0.0000', 13, '2018-09-01', '2018-09-30', 171, NULL, 0, NULL),
(198, 85, 515, '0.0000', NULL, '0.0000', 13, '2018-09-01', '2018-09-30', 171, NULL, 0, NULL),
(199, 86, 515, '0.0000', NULL, '0.0000', 13, '2018-09-01', '2018-09-30', 171, NULL, 0, NULL),
(200, 87, 515, '0.0000', NULL, '0.0000', 13, '2018-09-01', '2018-09-30', 171, NULL, 0, NULL),
(201, 88, 515, '0.0000', NULL, '0.0000', 13, '2018-09-01', '2018-09-30', 171, NULL, 0, NULL),
(202, 89, 515, '0.0000', NULL, '0.0000', 13, '2018-09-01', '2018-09-30', 171, NULL, 0, NULL),
(203, 90, 515, '0.0000', NULL, '0.0000', 13, '2018-09-01', '2018-09-30', 171, NULL, 0, NULL),
(204, 91, 515, '0.0000', NULL, '0.0000', 13, '2018-09-01', '2018-09-30', 171, NULL, 0, NULL),
(205, 92, 515, '0.0000', NULL, '0.0000', 13, '2018-09-01', '2018-09-30', 171, NULL, 0, NULL),
(206, 93, 515, '0.0000', NULL, '0.0000', 13, '2018-09-01', '2018-09-30', 171, NULL, 0, NULL),
(207, 94, 515, '0.0000', NULL, '0.0000', 13, '2018-09-01', '2018-09-30', 171, NULL, 0, NULL),
(208, 95, 515, '0.0000', NULL, '0.0000', 13, '2018-09-01', '2018-09-30', 171, NULL, 0, NULL),
(209, 96, 515, '0.0000', NULL, '0.0000', 13, '2018-09-01', '2018-09-30', 171, NULL, 0, NULL),
(210, 97, 515, '0.0000', NULL, '0.0000', 13, '2018-09-01', '2018-09-30', 171, NULL, 0, NULL),
(211, 98, 515, '0.0000', NULL, '0.0000', 13, '2018-09-01', '2018-09-30', 171, NULL, 0, NULL),
(212, 99, 515, '0.0000', NULL, '0.0000', 13, '2018-09-01', '2018-09-30', 171, NULL, 0, NULL),
(213, 100, 515, '0.0000', NULL, '0.0000', 13, '2018-09-01', '2018-09-30', 171, NULL, 0, NULL),
(214, 101, 515, '0.0000', NULL, '0.0000', 13, '2018-09-01', '2018-09-30', 171, NULL, 0, NULL),
(215, 102, 515, '0.0000', NULL, '0.0000', 13, '2018-09-01', '2018-09-30', 171, NULL, 0, NULL),
(216, 103, 515, '0.0000', NULL, '0.0000', 13, '2018-09-01', '2018-09-30', 171, NULL, 0, NULL),
(217, 104, 515, '0.0000', NULL, '0.0000', 13, '2018-09-01', '2018-09-30', 171, NULL, 0, NULL),
(218, 105, 515, '0.0000', NULL, '0.0000', 13, '2018-09-01', '2018-09-30', 171, NULL, 0, NULL),
(219, 106, 515, '0.0000', NULL, '0.0000', 13, '2018-09-01', '2018-09-30', 171, NULL, 0, NULL),
(220, 107, 515, '0.0000', NULL, '0.0000', 13, '2018-09-01', '2018-09-30', 171, NULL, 0, NULL),
(221, 108, 515, '0.0000', NULL, '0.0000', 13, '2018-09-01', '2018-09-30', 171, NULL, 0, NULL),
(222, 109, 515, '0.0000', NULL, '0.0000', 13, '2018-09-01', '2018-09-30', 171, NULL, 0, NULL),
(223, 110, 515, '0.0000', NULL, '0.0000', 13, '2018-09-01', '2018-09-30', 171, NULL, 0, NULL),
(224, 111, 515, '0.0000', NULL, '0.0000', 13, '2018-09-01', '2018-09-30', 171, NULL, 0, NULL),
(225, 112, 515, '0.0000', NULL, '0.0000', 13, '2018-09-01', '2018-09-30', 171, NULL, 0, NULL),
(226, 113, 515, '0.0000', NULL, '0.0000', 13, '2018-09-01', '2018-09-30', 171, NULL, 0, NULL),
(227, 114, 515, '0.0000', NULL, '0.0000', 13, '2018-09-01', '2018-09-30', 171, NULL, 0, NULL),
(228, 740, 515, '0.0000', NULL, '0.0000', 13, '2018-09-01', '2018-09-30', 171, NULL, 0, NULL),
(229, 741, 515, '0.0000', NULL, '0.0000', 13, '2018-09-01', '2018-09-30', 171, NULL, 0, NULL),
(230, 744, 515, '0.0000', NULL, '0.0000', 25, '2018-09-01', '2018-09-30', 171, NULL, 0, NULL),
(231, 745, 515, '0.0000', NULL, '0.0000', 13, '2018-09-01', '2018-09-30', 171, NULL, 0, NULL),
(232, 746, 515, '0.0000', NULL, '0.0000', 13, '2018-09-01', '2018-09-30', 171, NULL, 0, NULL),
(233, 749, 515, '0.0000', NULL, '0.0000', 13, '2018-09-01', '2018-09-30', 171, NULL, 0, NULL),
(234, 1, 516, '100000.0000', NULL, '-100000.0000', 13, '2018-09-01', '2018-09-30', 171, NULL, 0, NULL),
(235, 2, 516, '0.0000', NULL, '0.0000', 13, '2018-09-01', '2018-09-30', 171, NULL, 0, NULL),
(236, 3, 516, '0.0000', NULL, '0.0000', 13, '2018-09-01', '2018-09-30', 171, NULL, 0, NULL),
(237, 4, 516, '0.0000', NULL, '0.0000', 13, '2018-09-01', '2018-09-30', 171, NULL, 0, NULL),
(238, 5, 516, '0.0000', NULL, '0.0000', 13, '2018-09-01', '2018-09-30', 171, NULL, 0, NULL),
(239, 6, 516, '0.0000', NULL, '0.0000', 13, '2018-09-01', '2018-09-30', 171, NULL, 0, NULL),
(240, 7, 516, '0.0000', NULL, '0.0000', 13, '2018-09-01', '2018-09-30', 171, NULL, 0, NULL),
(241, 8, 516, '0.0000', NULL, '0.0000', 13, '2018-09-01', '2018-09-30', 171, NULL, 0, NULL),
(242, 9, 516, '0.0000', NULL, '0.0000', 13, '2018-09-01', '2018-09-30', 171, NULL, 0, NULL),
(243, 10, 516, '0.0000', NULL, '0.0000', 13, '2018-09-01', '2018-09-30', 171, NULL, 0, NULL),
(244, 11, 516, '0.0000', NULL, '0.0000', 13, '2018-09-01', '2018-09-30', 171, NULL, 0, NULL),
(245, 12, 516, '0.0000', NULL, '0.0000', 13, '2018-09-01', '2018-09-30', 171, NULL, 0, NULL),
(246, 13, 516, '0.0000', NULL, '0.0000', 13, '2018-09-01', '2018-09-30', 171, NULL, 0, NULL),
(247, 14, 516, '0.0000', NULL, '0.0000', 13, '2018-09-01', '2018-09-30', 171, NULL, 0, NULL),
(248, 15, 516, '0.0000', NULL, '0.0000', 13, '2018-09-01', '2018-09-30', 171, NULL, 0, NULL),
(249, 16, 516, '0.0000', NULL, '0.0000', 13, '2018-09-01', '2018-09-30', 171, NULL, 0, NULL),
(250, 17, 516, '0.0000', NULL, '0.0000', 13, '2018-09-01', '2018-09-30', 171, NULL, 0, NULL),
(251, 18, 516, '0.0000', NULL, '0.0000', 13, '2018-09-01', '2018-09-30', 171, NULL, 0, NULL),
(252, 19, 516, '0.0000', NULL, '0.0000', 13, '2018-09-01', '2018-09-30', 171, NULL, 0, NULL),
(253, 20, 516, '0.0000', NULL, '0.0000', 13, '2018-09-01', '2018-09-30', 171, NULL, 0, NULL),
(254, 21, 516, '0.0000', NULL, '0.0000', 13, '2018-09-01', '2018-09-30', 171, NULL, 0, NULL),
(255, 22, 516, '0.0000', NULL, '0.0000', 13, '2018-09-01', '2018-09-30', 171, NULL, 0, NULL),
(256, 23, 516, '0.0000', NULL, '0.0000', 13, '2018-09-01', '2018-09-30', 171, NULL, 0, NULL),
(257, 24, 516, '0.0000', NULL, '0.0000', 13, '2018-09-01', '2018-09-30', 171, NULL, 0, NULL),
(258, 25, 516, '0.0000', NULL, '0.0000', 13, '2018-09-01', '2018-09-30', 171, NULL, 0, NULL),
(259, 26, 516, '0.0000', NULL, '0.0000', 13, '2018-09-01', '2018-09-30', 171, NULL, 0, NULL),
(260, 27, 516, '0.0000', NULL, '0.0000', 13, '2018-09-01', '2018-09-30', 171, NULL, 0, NULL),
(261, 28, 516, '0.0000', NULL, '0.0000', 13, '2018-09-01', '2018-09-30', 171, NULL, 0, NULL),
(262, 29, 516, '0.0000', NULL, '0.0000', 13, '2018-09-01', '2018-09-30', 171, NULL, 0, NULL),
(263, 30, 516, '0.0000', NULL, '0.0000', 13, '2018-09-01', '2018-09-30', 171, NULL, 0, NULL),
(264, 31, 516, '0.0000', NULL, '0.0000', 13, '2018-09-01', '2018-09-30', 171, NULL, 0, NULL),
(265, 32, 516, '0.0000', NULL, '0.0000', 13, '2018-09-01', '2018-09-30', 171, NULL, 0, NULL),
(266, 33, 516, '0.0000', NULL, '0.0000', 13, '2018-09-01', '2018-09-30', 171, NULL, 0, NULL),
(267, 34, 516, '0.0000', NULL, '0.0000', 13, '2018-09-01', '2018-09-30', 171, NULL, 0, NULL),
(268, 35, 516, '0.0000', NULL, '0.0000', 13, '2018-09-01', '2018-09-30', 171, NULL, 0, NULL),
(269, 36, 516, '0.0000', NULL, '0.0000', 13, '2018-09-01', '2018-09-30', 171, NULL, 0, NULL),
(270, 37, 516, '0.0000', NULL, '0.0000', 13, '2018-09-01', '2018-09-30', 171, NULL, 0, NULL),
(271, 38, 516, '0.0000', NULL, '0.0000', 13, '2018-09-01', '2018-09-30', 171, NULL, 0, NULL),
(272, 39, 516, '0.0000', NULL, '0.0000', 13, '2018-09-01', '2018-09-30', 171, NULL, 0, NULL),
(273, 40, 516, '0.0000', NULL, '0.0000', 13, '2018-09-01', '2018-09-30', 171, NULL, 0, NULL),
(274, 41, 516, '0.0000', NULL, '0.0000', 13, '2018-09-01', '2018-09-30', 171, NULL, 0, NULL),
(275, 42, 516, '0.0000', NULL, '0.0000', 13, '2018-09-01', '2018-09-30', 171, NULL, 0, NULL),
(276, 43, 516, '0.0000', NULL, '0.0000', 13, '2018-09-01', '2018-09-30', 171, NULL, 0, NULL),
(277, 44, 516, '0.0000', NULL, '0.0000', 13, '2018-09-01', '2018-09-30', 171, NULL, 0, NULL),
(278, 45, 516, '0.0000', NULL, '0.0000', 13, '2018-09-01', '2018-09-30', 171, NULL, 0, NULL),
(279, 46, 516, '0.0000', NULL, '0.0000', 13, '2018-09-01', '2018-09-30', 171, NULL, 0, NULL),
(280, 47, 516, '0.0000', NULL, '0.0000', 13, '2018-09-01', '2018-09-30', 171, NULL, 0, NULL),
(281, 48, 516, '0.0000', NULL, '0.0000', 13, '2018-09-01', '2018-09-30', 171, NULL, 0, NULL),
(282, 49, 516, '0.0000', NULL, '0.0000', 13, '2018-09-01', '2018-09-30', 171, NULL, 0, NULL),
(283, 50, 516, '0.0000', NULL, '0.0000', 13, '2018-09-01', '2018-09-30', 171, NULL, 0, NULL),
(284, 51, 516, '0.0000', NULL, '0.0000', 13, '2018-09-01', '2018-09-30', 171, NULL, 0, NULL),
(285, 52, 516, '0.0000', NULL, '0.0000', 13, '2018-09-01', '2018-09-30', 171, NULL, 0, NULL),
(286, 53, 516, '0.0000', NULL, '0.0000', 13, '2018-09-01', '2018-09-30', 171, NULL, 0, NULL),
(287, 54, 516, '0.0000', NULL, '0.0000', 13, '2018-09-01', '2018-09-30', 171, NULL, 0, NULL),
(288, 55, 516, '0.0000', NULL, '0.0000', 13, '2018-09-01', '2018-09-30', 171, NULL, 0, NULL),
(289, 56, 516, '0.0000', NULL, '0.0000', 13, '2018-09-01', '2018-09-30', 171, NULL, 0, NULL),
(290, 57, 516, '0.0000', NULL, '0.0000', 13, '2018-09-01', '2018-09-30', 171, NULL, 0, NULL),
(291, 58, 516, '0.0000', NULL, '0.0000', 13, '2018-09-01', '2018-09-30', 171, NULL, 0, NULL),
(292, 59, 516, '0.0000', NULL, '0.0000', 13, '2018-09-01', '2018-09-30', 171, NULL, 0, NULL),
(293, 60, 516, '0.0000', NULL, '0.0000', 13, '2018-09-01', '2018-09-30', 171, NULL, 0, NULL),
(294, 61, 516, '0.0000', NULL, '0.0000', 13, '2018-09-01', '2018-09-30', 171, NULL, 0, NULL),
(295, 62, 516, '0.0000', NULL, '0.0000', 13, '2018-09-01', '2018-09-30', 171, NULL, 0, NULL),
(296, 63, 516, '0.0000', NULL, '0.0000', 13, '2018-09-01', '2018-09-30', 171, NULL, 0, NULL),
(297, 64, 516, '0.0000', NULL, '0.0000', 13, '2018-09-01', '2018-09-30', 171, NULL, 0, NULL),
(298, 65, 516, '0.0000', NULL, '0.0000', 13, '2018-09-01', '2018-09-30', 171, NULL, 0, NULL),
(299, 66, 516, '0.0000', NULL, '0.0000', 13, '2018-09-01', '2018-09-30', 171, NULL, 0, NULL),
(300, 67, 516, '0.0000', NULL, '0.0000', 13, '2018-09-01', '2018-09-30', 171, NULL, 0, NULL),
(301, 68, 516, '0.0000', NULL, '0.0000', 13, '2018-09-01', '2018-09-30', 171, NULL, 0, NULL),
(302, 69, 516, '0.0000', NULL, '0.0000', 13, '2018-09-01', '2018-09-30', 171, NULL, 0, NULL),
(303, 70, 516, '0.0000', NULL, '0.0000', 13, '2018-09-01', '2018-09-30', 171, NULL, 0, NULL),
(304, 71, 516, '0.0000', NULL, '0.0000', 13, '2018-09-01', '2018-09-30', 171, NULL, 0, NULL),
(305, 72, 516, '0.0000', NULL, '0.0000', 13, '2018-09-01', '2018-09-30', 171, NULL, 0, NULL),
(306, 73, 516, '0.0000', NULL, '0.0000', 13, '2018-09-01', '2018-09-30', 171, NULL, 0, NULL),
(307, 74, 516, '100.0000', NULL, '-100.0000', 13, '2018-09-01', '2018-09-30', 171, NULL, 0, NULL),
(308, 75, 516, '0.0000', NULL, '0.0000', 13, '2018-09-01', '2018-09-30', 171, NULL, 0, NULL),
(309, 76, 516, '0.0000', NULL, '0.0000', 13, '2018-09-01', '2018-09-30', 171, NULL, 0, NULL),
(310, 78, 516, '0.0000', NULL, '0.0000', 13, '2018-09-01', '2018-09-30', 171, NULL, 0, NULL),
(311, 79, 516, '0.0000', NULL, '0.0000', 13, '2018-09-01', '2018-09-30', 171, NULL, 0, NULL),
(312, 80, 516, '0.0000', NULL, '0.0000', 13, '2018-09-01', '2018-09-30', 171, NULL, 0, NULL),
(313, 81, 516, '0.0000', NULL, '0.0000', 13, '2018-09-01', '2018-09-30', 171, NULL, 0, NULL),
(314, 82, 516, '0.0000', NULL, '0.0000', 13, '2018-09-01', '2018-09-30', 171, NULL, 0, NULL),
(315, 83, 516, '0.0000', NULL, '0.0000', 13, '2018-09-01', '2018-09-30', 171, NULL, 0, NULL),
(316, 84, 516, '0.0000', NULL, '0.0000', 13, '2018-09-01', '2018-09-30', 171, NULL, 0, NULL),
(317, 85, 516, '0.0000', NULL, '0.0000', 13, '2018-09-01', '2018-09-30', 171, NULL, 0, NULL),
(318, 86, 516, '0.0000', NULL, '0.0000', 13, '2018-09-01', '2018-09-30', 171, NULL, 0, NULL),
(319, 87, 516, '0.0000', NULL, '0.0000', 13, '2018-09-01', '2018-09-30', 171, NULL, 0, NULL),
(320, 88, 516, '0.0000', NULL, '0.0000', 13, '2018-09-01', '2018-09-30', 171, NULL, 0, NULL),
(321, 89, 516, '0.0000', NULL, '0.0000', 13, '2018-09-01', '2018-09-30', 171, NULL, 0, NULL),
(322, 90, 516, '0.0000', NULL, '0.0000', 13, '2018-09-01', '2018-09-30', 171, NULL, 0, NULL),
(323, 91, 516, '0.0000', NULL, '0.0000', 13, '2018-09-01', '2018-09-30', 171, NULL, 0, NULL),
(324, 92, 516, '0.0000', NULL, '0.0000', 13, '2018-09-01', '2018-09-30', 171, NULL, 0, NULL),
(325, 93, 516, '0.0000', NULL, '0.0000', 13, '2018-09-01', '2018-09-30', 171, NULL, 0, NULL),
(326, 94, 516, '0.0000', NULL, '0.0000', 13, '2018-09-01', '2018-09-30', 171, NULL, 0, NULL),
(327, 95, 516, '0.0000', NULL, '0.0000', 13, '2018-09-01', '2018-09-30', 171, NULL, 0, NULL),
(328, 96, 516, '0.0000', NULL, '0.0000', 13, '2018-09-01', '2018-09-30', 171, NULL, 0, NULL),
(329, 97, 516, '0.0000', NULL, '0.0000', 13, '2018-09-01', '2018-09-30', 171, NULL, 0, NULL),
(330, 98, 516, '0.0000', NULL, '0.0000', 13, '2018-09-01', '2018-09-30', 171, NULL, 0, NULL),
(331, 99, 516, '0.0000', NULL, '0.0000', 13, '2018-09-01', '2018-09-30', 171, NULL, 0, NULL),
(332, 100, 516, '0.0000', NULL, '0.0000', 13, '2018-09-01', '2018-09-30', 171, NULL, 0, NULL),
(333, 101, 516, '0.0000', NULL, '0.0000', 13, '2018-09-01', '2018-09-30', 171, NULL, 0, NULL),
(334, 102, 516, '0.0000', NULL, '0.0000', 13, '2018-09-01', '2018-09-30', 171, NULL, 0, NULL),
(335, 103, 516, '0.0000', NULL, '0.0000', 13, '2018-09-01', '2018-09-30', 171, NULL, 0, NULL),
(336, 104, 516, '0.0000', NULL, '0.0000', 13, '2018-09-01', '2018-09-30', 171, NULL, 0, NULL),
(337, 105, 516, '0.0000', NULL, '0.0000', 13, '2018-09-01', '2018-09-30', 171, NULL, 0, NULL),
(338, 106, 516, '0.0000', NULL, '0.0000', 13, '2018-09-01', '2018-09-30', 171, NULL, 0, NULL),
(339, 107, 516, '0.0000', NULL, '0.0000', 13, '2018-09-01', '2018-09-30', 171, NULL, 0, NULL),
(340, 108, 516, '0.0000', NULL, '0.0000', 13, '2018-09-01', '2018-09-30', 171, NULL, 0, NULL),
(341, 109, 516, '0.0000', NULL, '0.0000', 13, '2018-09-01', '2018-09-30', 171, NULL, 0, NULL),
(342, 110, 516, '0.0000', NULL, '0.0000', 13, '2018-09-01', '2018-09-30', 171, NULL, 0, NULL),
(343, 111, 516, '0.0000', NULL, '0.0000', 13, '2018-09-01', '2018-09-30', 171, NULL, 0, NULL),
(344, 112, 516, '0.0000', NULL, '0.0000', 13, '2018-09-01', '2018-09-30', 171, NULL, 0, NULL),
(345, 113, 516, '0.0000', NULL, '0.0000', 13, '2018-09-01', '2018-09-30', 171, NULL, 0, NULL),
(346, 114, 516, '0.0000', NULL, '0.0000', 13, '2018-09-01', '2018-09-30', 171, NULL, 0, NULL),
(347, 740, 516, '11.0000', NULL, '-11.0000', 13, '2018-09-01', '2018-09-30', 171, NULL, 0, NULL),
(348, 741, 516, '0.0000', NULL, '0.0000', 13, '2018-09-01', '2018-09-30', 171, NULL, 0, NULL),
(349, 744, 516, '11.0000', NULL, '-11.0000', 25, '2018-09-01', '2018-09-30', 171, NULL, 0, NULL),
(350, 745, 516, '0.0000', NULL, '0.0000', 13, '2018-09-01', '2018-09-30', 171, NULL, 0, NULL),
(351, 746, 516, '0.0000', NULL, '0.0000', 13, '2018-09-01', '2018-09-30', 171, NULL, 0, NULL),
(352, 751, 516, '0.0000', NULL, '0.0000', 13, '2018-09-01', '2018-09-30', 171, NULL, 0, NULL),
(353, 752, 516, '0.0000', NULL, '0.0000', 13, '2018-09-01', '2018-09-30', 171, NULL, 0, NULL),
(354, 761, 516, '0.0000', NULL, '0.0000', 13, '2018-09-01', '2018-09-30', 171, NULL, 0, NULL);

-- --------------------------------------------------------

--
-- Table structure for table `kardex`
--

CREATE TABLE `kardex` (
  `id` int(11) NOT NULL,
  `fecha` date DEFAULT NULL,
  `hora` time DEFAULT NULL,
  `cantidad` decimal(19,4) DEFAULT '0.0000',
  `existencia` decimal(19,4) DEFAULT '0.0000',
  `descripcion` text,
  `tipo_movimiento_id` int(11) DEFAULT NULL,
  `mercancia_id` int(11) NOT NULL,
  `unidad_negocio_id` int(11) NOT NULL,
  `usuario_id` int(11) NOT NULL,
  `unidad_medida_id` int(11) NOT NULL,
  `motivo_id` int(11) DEFAULT NULL,
  `reversado` tinyint(1) NOT NULL DEFAULT '0'
) ENGINE=InnoDB AUTO_INCREMENT=613 DEFAULT CHARSET=utf8;

--
-- Dumping data for table `kardex`
--

INSERT INTO `kardex` (`id`, `fecha`, `hora`, `cantidad`, `existencia`, `descripcion`, `tipo_movimiento_id`, `mercancia_id`, `unidad_negocio_id`, `usuario_id`, `unidad_medida_id`, `motivo_id`, `reversado`) VALUES
(378, '2018-08-25', '11:04:50', '0.0000', '0.0000', 'Producto de compra, registrado en sistema', 131, 580, 519, 27, 26, 123, 0),
(379, '2018-08-25', '11:47:53', '0.0000', '0.0000', 'Producto de compra, registrado en sistema', 131, 581, 519, 27, 26, 123, 0),
(380, '2018-08-25', '11:52:28', '0.0000', '0.0000', 'Producto de compra, registrado en sistema', 131, 582, 519, 27, 26, 123, 0),
(381, '2018-08-25', '11:53:59', '0.0000', '0.0000', 'Producto de compra, registrado en sistema', 131, 583, 519, 27, 26, 123, 0),
(382, '2018-08-25', '11:55:15', '0.0000', '0.0000', 'Producto de compra, registrado en sistema', 131, 584, 519, 27, 26, 123, 0),
(383, '2018-08-25', '11:57:04', '0.0000', '0.0000', 'Producto de compra, registrado en sistema', 131, 585, 519, 27, 26, 123, 0),
(384, '2018-08-25', '11:59:42', '0.0000', '0.0000', 'Producto de compra, registrado en sistema', 131, 586, 519, 27, 26, 123, 0),
(385, '2018-08-25', '12:00:46', '0.0000', '0.0000', 'Producto de compra, registrado en sistema', 131, 587, 519, 27, 26, 123, 0),
(386, '2018-08-25', '12:01:16', '0.0000', '0.0000', 'registo de producto en sistema', 132, 585, 519, 27, 26, 133, 0),
(387, '2018-08-25', '12:01:38', '0.0000', '0.0000', 'registo de producto en sistema', 132, 587, 519, 27, 26, 133, 0),
(388, '2018-08-25', '12:02:25', '0.0000', '0.0000', 'registo de producto en sistema', 132, 586, 519, 27, 26, 133, 0),
(389, '2018-08-25', '12:04:28', '0.0000', '0.0000', 'Producto de compra, registrado en sistema', 131, 588, 519, 27, 26, 123, 0),
(390, '2018-08-25', '12:05:29', '0.0000', '0.0000', 'Producto de compra, registrado en sistema', 131, 589, 519, 27, 26, 123, 0),
(391, '2018-08-25', '12:06:51', '0.0000', '0.0000', 'Producto de compra, registrado en sistema', 131, 590, 519, 27, 26, 123, 0),
(392, '2018-08-25', '12:06:57', '0.0000', '0.0000', 'Producto de compra, registrado en sistema', 131, 591, 519, 27, 13, 123, 0),
(393, '2018-08-25', '12:08:15', '0.0000', '0.0000', 'Producto de compra, registrado en sistema', 131, 592, 519, 27, 26, 123, 0),
(396, '2018-08-25', '12:14:28', '0.0000', '0.0000', 'registo de producto en sistema', 132, 592, 519, 27, 26, 133, 0),
(397, '2018-08-25', '12:16:16', '0.0000', '0.0000', 'Producto de compra, registrado en sistema', 131, 595, 519, 27, 26, 123, 0),
(398, '2018-08-25', '12:17:24', '0.0000', '0.0000', 'Producto de compra, registrado en sistema', 131, 596, 519, 27, 26, 123, 0),
(399, '2018-08-25', '12:18:23', '0.0000', '0.0000', 'Producto de compra, registrado en sistema', 131, 597, 519, 27, 13, 123, 0),
(400, '2018-08-25', '12:18:34', '0.0000', '0.0000', 'Producto de compra, registrado en sistema', 131, 598, 519, 27, 26, 123, 0),
(401, '2018-08-25', '12:19:35', '0.0000', '0.0000', 'Producto de compra, registrado en sistema', 131, 599, 519, 27, 26, 123, 0),
(402, '2018-08-25', '12:21:17', '0.0000', '0.0000', 'Producto de compra, registrado en sistema', 131, 601, 519, 27, 26, 123, 0),
(403, '2018-08-25', '12:23:54', '0.0000', '0.0000', 'Producto de compra, registrado en sistema', 131, 604, 519, 27, 26, 123, 0),
(404, '2018-08-25', '12:23:55', '0.0000', '0.0000', 'Producto de compra, registrado en sistema', 131, 605, 519, 27, 13, 123, 0),
(405, '2018-08-25', '12:24:51', '0.0000', '0.0000', 'Producto de compra, registrado en sistema', 131, 606, 519, 27, 13, 123, 0),
(406, '2018-08-25', '12:27:10', '0.0000', '0.0000', 'Producto de compra, registrado en sistema', 131, 608, 519, 27, 26, 123, 0),
(407, '2018-08-25', '12:28:15', '0.0000', '0.0000', 'Producto de compra, registrado en sistema', 131, 609, 519, 27, 26, 123, 0),
(408, '2018-08-25', '12:29:03', '0.0000', '0.0000', 'Producto de compra, registrado en sistema', 131, 610, 519, 27, 13, 123, 0),
(409, '2018-08-25', '12:29:31', '0.0000', '0.0000', 'registo de producto en sistema', 132, 610, 519, 27, 13, 133, 0),
(410, '2018-08-25', '12:30:43', '0.0000', '0.0000', 'Producto de compra, registrado en sistema', 131, 611, 519, 27, 13, 123, 0),
(411, '2018-08-25', '12:40:33', '0.0000', '0.0000', 'Producto de compra, registrado en sistema', 131, 612, 519, 27, 13, 123, 0),
(412, '2018-08-25', '12:45:33', '0.0000', '0.0000', 'Producto de compra, registrado en sistema', 131, 613, 519, 27, 13, 123, 0),
(413, '2018-08-25', '12:47:07', '0.0000', '0.0000', 'Producto de compra, registrado en sistema', 131, 614, 519, 27, 13, 123, 0),
(414, '2018-08-25', '12:47:55', '0.0000', '0.0000', 'Producto de compra, registrado en sistema', 131, 615, 519, 27, 26, 123, 0),
(415, '2018-08-25', '12:48:44', '0.0000', '0.0000', 'Producto de compra, registrado en sistema', 131, 616, 519, 27, 13, 123, 0),
(416, '2018-08-25', '12:49:19', '0.0000', '0.0000', 'Producto de compra, registrado en sistema', 131, 617, 519, 27, 26, 123, 0),
(417, '2018-08-25', '12:50:43', '0.0000', '0.0000', 'Producto de compra, registrado en sistema', 131, 618, 519, 27, 13, 123, 0),
(418, '2018-08-25', '12:51:44', '0.0000', '0.0000', 'registo de producto en sistema', 132, 618, 519, 27, 13, 133, 0),
(419, '2018-08-25', '12:53:15', '0.0000', '0.0000', 'Producto de compra, registrado en sistema', 131, 619, 519, 27, 13, 123, 0),
(420, '2018-08-25', '12:56:09', '0.0000', '0.0000', 'Producto de compra, registrado en sistema', 131, 620, 519, 27, 13, 123, 0),
(421, '2018-08-25', '12:58:07', '0.0000', '0.0000', 'Producto de compra, registrado en sistema', 131, 621, 519, 27, 13, 123, 0),
(422, '2018-08-25', '01:07:14', '0.0000', '0.0000', 'Producto de compra, registrado en sistema', 131, 622, 519, 27, 13, 123, 0),
(423, '2018-08-25', '01:23:30', '0.0000', '0.0000', 'Producto de compra, registrado en sistema', 131, 623, 519, 27, 13, 123, 0),
(424, '2018-08-25', '01:26:56', '0.0000', '0.0000', 'Producto de compra, registrado en sistema', 131, 624, 519, 27, 13, 123, 0),
(425, '2018-08-25', '01:28:36', '0.0000', '0.0000', 'Producto de compra, registrado en sistema', 131, 625, 519, 27, 13, 123, 0),
(426, '2018-08-25', '01:30:12', '0.0000', '0.0000', 'Producto de compra, registrado en sistema', 131, 626, 519, 27, 13, 123, 0),
(427, '2018-08-25', '01:31:34', '0.0000', '0.0000', 'Producto de compra, registrado en sistema', 131, 627, 519, 27, 13, 123, 0),
(428, '2018-08-25', '01:32:50', '0.0000', '0.0000', 'Producto de compra, registrado en sistema', 131, 628, 519, 27, 13, 123, 0),
(429, '2018-08-25', '01:35:07', '0.0000', '0.0000', 'Producto de compra, registrado en sistema', 131, 629, 519, 27, 13, 123, 0),
(430, '2018-08-25', '01:37:37', '0.0000', '0.0000', 'Producto de compra, registrado en sistema', 131, 630, 519, 27, 13, 123, 0),
(431, '2018-08-25', '01:39:31', '0.0000', '0.0000', 'Producto de compra, registrado en sistema', 131, 631, 519, 27, 13, 123, 0),
(432, '2018-08-25', '01:45:23', '0.0000', '0.0000', 'Producto de compra, registrado en sistema', 131, 632, 519, 27, 13, 123, 0),
(433, '2018-08-25', '01:49:45', '0.0000', '0.0000', 'Producto de compra, registrado en sistema', 131, 633, 519, 27, 13, 123, 0),
(434, '2018-08-25', '01:52:12', '0.0000', '0.0000', 'Producto de compra, registrado en sistema', 131, 634, 519, 27, 13, 123, 0),
(435, '2018-08-25', '01:52:25', '0.0000', '0.0000', 'Producto de compra, registrado en sistema', 131, 635, 519, 27, 13, 123, 0),
(436, '2018-08-25', '01:54:02', '0.0000', '0.0000', 'Producto de compra, registrado en sistema', 131, 636, 519, 27, 13, 123, 0),
(437, '2018-08-25', '01:54:06', '0.0000', '0.0000', 'Producto de compra, registrado en sistema', 131, 637, 519, 27, 13, 123, 0),
(438, '2018-08-25', '01:56:05', '0.0000', '0.0000', 'Producto de compra, registrado en sistema', 131, 638, 519, 27, 13, 123, 0),
(439, '2018-08-25', '01:56:07', '0.0000', '0.0000', 'Producto de compra, registrado en sistema', 131, 639, 519, 27, 13, 123, 0),
(440, '2018-08-25', '01:57:09', '0.0000', '0.0000', 'Producto de compra, registrado en sistema', 131, 640, 519, 27, 13, 123, 0),
(441, '2018-08-25', '01:57:39', '0.0000', '0.0000', 'Producto de compra, registrado en sistema', 131, 641, 519, 27, 13, 123, 0),
(442, '2018-08-25', '01:58:39', '0.0000', '0.0000', 'Producto de compra, registrado en sistema', 131, 642, 519, 27, 13, 123, 0),
(443, '2018-08-25', '01:59:50', '0.0000', '0.0000', 'Producto de compra, registrado en sistema', 131, 643, 519, 27, 13, 123, 0),
(444, '2018-08-25', '01:59:51', '0.0000', '0.0000', 'Producto de compra, registrado en sistema', 131, 644, 519, 27, 13, 123, 0),
(445, '2018-08-25', '02:00:17', '0.0000', '0.0000', 'Producto de compra, registrado en sistema', 131, 645, 519, 27, 13, 123, 0),
(446, '2018-08-25', '02:01:49', '0.0000', '0.0000', 'Producto de compra, registrado en sistema', 131, 646, 519, 27, 13, 123, 0),
(447, '2018-08-25', '02:02:37', '0.0000', '0.0000', 'Producto de compra, registrado en sistema', 131, 647, 519, 27, 13, 123, 0),
(448, '2018-08-25', '02:03:28', '0.0000', '0.0000', 'Producto de compra, registrado en sistema', 131, 648, 519, 27, 13, 123, 0),
(449, '2018-08-25', '02:04:01', '0.0000', '0.0000', 'Producto de compra, registrado en sistema', 131, 649, 519, 27, 13, 123, 0),
(450, '2018-08-25', '02:05:08', '0.0000', '0.0000', 'Producto de compra, registrado en sistema', 131, 650, 519, 27, 13, 123, 0),
(451, '2018-08-25', '02:06:33', '0.0000', '0.0000', 'Producto de compra, registrado en sistema', 131, 651, 519, 27, 13, 123, 0),
(452, '2018-08-25', '02:06:54', '0.0000', '0.0000', 'Producto de compra, registrado en sistema', 131, 652, 519, 27, 13, 123, 0),
(453, '2018-08-25', '02:08:16', '0.0000', '0.0000', 'Producto de compra, registrado en sistema', 131, 653, 519, 27, 13, 123, 0),
(454, '2018-08-25', '02:10:10', '0.0000', '0.0000', 'Producto de compra, registrado en sistema', 131, 654, 519, 27, 13, 123, 0),
(455, '2018-08-25', '02:10:23', '0.0000', '0.0000', 'Producto de compra, registrado en sistema', 131, 655, 519, 27, 13, 123, 0),
(456, '2018-08-25', '02:12:06', '0.0000', '0.0000', 'Producto de compra, registrado en sistema', 131, 656, 519, 27, 13, 123, 0),
(457, '2018-08-25', '02:12:29', '0.0000', '0.0000', 'Producto de compra, registrado en sistema', 131, 657, 519, 27, 13, 123, 0),
(458, '2018-08-25', '02:12:48', '0.0000', '0.0000', 'registo de producto en sistema', 132, 657, 519, 27, 13, 133, 0),
(459, '2018-08-25', '02:16:18', '0.0000', '0.0000', 'Producto de compra, registrado en sistema', 131, 661, 519, 27, 13, 123, 0),
(460, '2018-08-25', '02:17:49', '0.0000', '0.0000', 'registo de producto en sistema', 132, 654, 519, 27, 13, 133, 0),
(461, '2018-08-25', '02:18:36', '0.0000', '0.0000', 'registo de producto en sistema', 132, 657, 519, 27, 13, 133, 0),
(462, '2018-08-25', '02:25:55', '0.0000', '0.0000', 'Producto de compra, registrado en sistema', 131, 662, 519, 27, 13, 123, 0),
(463, '2018-08-25', '02:28:24', '0.0000', '0.0000', 'Producto de compra, registrado en sistema', 131, 664, 519, 27, 13, 123, 0),
(464, '2018-08-25', '03:03:40', '0.0000', '0.0000', 'Producto de compra, registrado en sistema', 131, 666, 519, 27, 13, 123, 0),
(465, '2018-08-25', '03:07:55', '0.0000', '0.0000', 'Producto de compra, registrado en sistema', 131, 667, 519, 27, 13, 123, 0),
(466, '2018-08-25', '03:09:14', '0.0000', '0.0000', 'Producto de compra, registrado en sistema', 131, 668, 519, 27, 13, 123, 0),
(467, '2018-08-25', '03:12:06', '0.0000', '0.0000', 'Producto de compra, registrado en sistema', 131, 669, 519, 27, 13, 123, 0),
(468, '2018-08-25', '03:13:35', '0.0000', '0.0000', 'Producto de compra, registrado en sistema', 131, 670, 519, 27, 13, 123, 0),
(469, '2018-08-25', '03:15:04', '0.0000', '0.0000', 'Producto de compra, registrado en sistema', 131, 671, 519, 27, 13, 123, 0),
(470, '2018-08-25', '03:16:43', '0.0000', '0.0000', 'Producto de compra, registrado en sistema', 131, 672, 519, 27, 13, 123, 0),
(471, '2018-08-25', '03:19:13', '0.0000', '0.0000', 'Producto de compra, registrado en sistema', 131, 673, 519, 27, 13, 123, 0),
(472, '2018-08-25', '03:20:19', '0.0000', '0.0000', 'Producto de compra, registrado en sistema', 131, 674, 519, 27, 13, 123, 0),
(473, '2018-08-25', '03:22:05', '0.0000', '0.0000', 'Producto de compra, registrado en sistema', 131, 675, 519, 27, 13, 123, 0),
(474, '2018-08-25', '03:25:56', '0.0000', '0.0000', 'Producto de compra, registrado en sistema', 131, 676, 519, 27, 13, 123, 0),
(475, '2018-08-25', '03:27:00', '0.0000', '0.0000', 'Producto de compra, registrado en sistema', 131, 677, 519, 27, 13, 123, 0),
(476, '2018-08-25', '03:28:23', '0.0000', '0.0000', 'Producto de compra, registrado en sistema', 131, 678, 519, 27, 13, 123, 0),
(477, '2018-08-25', '03:30:34', '0.0000', '0.0000', 'Producto de compra, registrado en sistema', 131, 679, 519, 27, 13, 123, 0),
(478, '2018-08-25', '03:32:07', '0.0000', '0.0000', 'Producto de compra, registrado en sistema', 131, 680, 519, 27, 13, 123, 0),
(479, '2018-08-25', '03:34:00', '0.0000', '0.0000', 'Producto de compra, registrado en sistema', 131, 681, 519, 27, 13, 123, 0),
(480, '2018-08-25', '03:35:12', '0.0000', '0.0000', 'Producto de compra, registrado en sistema', 131, 682, 519, 27, 13, 123, 0),
(481, '2018-08-25', '03:36:20', '0.0000', '0.0000', 'Producto de compra, registrado en sistema', 131, 683, 519, 27, 13, 123, 0),
(482, '2018-08-25', '03:37:27', '0.0000', '0.0000', 'Producto de compra, registrado en sistema', 131, 684, 519, 27, 13, 123, 0),
(483, '2018-08-25', '03:38:24', '0.0000', '0.0000', 'Producto de compra, registrado en sistema', 131, 685, 519, 27, 13, 123, 0),
(484, '2018-08-25', '03:41:13', '0.0000', '0.0000', 'Producto de compra, registrado en sistema', 131, 686, 519, 27, 13, 123, 0),
(485, '2018-08-25', '03:41:41', '0.0000', '0.0000', 'Producto de compra, registrado en sistema', 131, 687, 519, 27, 13, 123, 0),
(486, '2018-08-25', '03:42:27', '0.0000', '0.0000', 'Producto de compra, registrado en sistema', 131, 688, 519, 27, 13, 123, 0),
(487, '2018-08-25', '03:44:08', '0.0000', '0.0000', 'Producto de compra, registrado en sistema', 131, 689, 519, 27, 13, 123, 0),
(488, '2018-08-25', '03:45:30', '0.0000', '0.0000', 'Producto de compra, registrado en sistema', 131, 690, 519, 27, 13, 123, 0),
(489, '2018-08-25', '03:46:42', '0.0000', '0.0000', 'Producto de compra, registrado en sistema', 131, 691, 519, 27, 13, 123, 0),
(490, '2018-08-25', '03:48:14', '0.0000', '0.0000', 'Producto de compra, registrado en sistema', 131, 692, 519, 27, 13, 123, 0),
(491, '2018-08-25', '03:49:30', '0.0000', '0.0000', 'Producto de compra, registrado en sistema', 131, 693, 519, 27, 13, 123, 0),
(492, '2018-08-25', '03:50:51', '0.0000', '0.0000', 'Producto de compra, registrado en sistema', 131, 694, 519, 27, 13, 123, 0),
(493, '2018-08-25', '03:52:01', '0.0000', '0.0000', 'Producto de compra, registrado en sistema', 131, 695, 519, 27, 13, 123, 0),
(494, '2018-08-25', '03:56:50', '0.0000', '0.0000', 'Producto de compra, registrado en sistema', 131, 696, 519, 27, 13, 123, 0),
(495, '2018-08-25', '03:57:16', '0.0000', '0.0000', 'Producto de compra, registrado en sistema', 131, 697, 519, 27, 13, 123, 0),
(496, '2018-08-25', '03:59:17', '0.0000', '0.0000', 'Producto de compra, registrado en sistema', 131, 698, 519, 27, 13, 123, 0),
(497, '2018-08-25', '03:59:51', '0.0000', '0.0000', 'Producto de compra, registrado en sistema', 131, 699, 519, 27, 13, 123, 0),
(498, '2018-08-25', '04:01:37', '0.0000', '0.0000', 'Producto de compra, registrado en sistema', 131, 700, 519, 27, 13, 123, 0),
(499, '2018-08-25', '04:02:24', '0.0000', '0.0000', 'Producto de compra, registrado en sistema', 131, 701, 519, 27, 13, 123, 0),
(500, '2018-08-25', '04:03:07', '0.0000', '0.0000', 'Producto de compra, registrado en sistema', 131, 702, 519, 27, 13, 123, 0),
(501, '2018-08-25', '04:04:35', '0.0000', '0.0000', 'Producto de compra, registrado en sistema', 131, 703, 519, 27, 13, 123, 0),
(502, '2018-08-25', '04:04:43', '0.0000', '0.0000', 'Producto de compra, registrado en sistema', 131, 704, 519, 27, 13, 123, 0),
(503, '2018-08-25', '04:04:50', '0.0000', '0.0000', 'Producto de compra, registrado en sistema', 131, 705, 519, 27, 13, 123, 0),
(504, '2018-08-25', '04:05:55', '0.0000', '0.0000', 'Producto de compra, registrado en sistema', 131, 706, 519, 27, 13, 123, 0),
(505, '2018-08-25', '04:06:33', '0.0000', '0.0000', 'Producto de compra, registrado en sistema', 131, 707, 519, 27, 13, 123, 0),
(506, '2018-08-25', '04:07:45', '0.0000', '0.0000', 'Producto de compra, registrado en sistema', 131, 708, 519, 27, 13, 123, 0),
(507, '2018-08-25', '04:10:14', '0.0000', '0.0000', 'Producto de compra, registrado en sistema', 131, 709, 519, 27, 13, 123, 0),
(508, '2018-08-25', '04:11:57', '0.0000', '0.0000', 'Producto de compra, registrado en sistema', 131, 710, 519, 27, 13, 123, 0),
(509, '2018-08-25', '04:13:46', '0.0000', '0.0000', 'Producto de compra, registrado en sistema', 131, 711, 519, 27, 13, 123, 0),
(510, '2018-08-25', '04:15:46', '0.0000', '0.0000', 'Producto de compra, registrado en sistema', 131, 712, 519, 27, 13, 123, 0),
(511, '2018-08-25', '04:17:02', '0.0000', '0.0000', 'Producto de compra, registrado en sistema', 131, 713, 519, 27, 13, 123, 0),
(512, '2018-08-25', '04:19:00', '0.0000', '0.0000', 'Producto de compra, registrado en sistema', 131, 715, 519, 27, 13, 123, 0),
(513, '2018-08-25', '04:20:40', '0.0000', '0.0000', 'Producto de compra, registrado en sistema', 131, 716, 519, 27, 13, 123, 0),
(514, '2018-08-25', '04:23:36', '0.0000', '0.0000', 'Producto de compra, registrado en sistema', 131, 717, 519, 27, 13, 123, 0),
(515, '2018-08-25', '04:25:54', '0.0000', '0.0000', 'Producto de compra, registrado en sistema', 131, 718, 519, 27, 13, 123, 0),
(516, '2018-08-25', '04:27:42', '0.0000', '0.0000', 'Producto de compra, registrado en sistema', 131, 719, 519, 27, 13, 123, 0),
(517, '2018-08-25', '04:31:09', '0.0000', '0.0000', 'Producto de compra, registrado en sistema', 131, 720, 519, 27, 13, 123, 0),
(518, '2018-08-25', '04:33:59', '0.0000', '0.0000', 'Producto de compra, registrado en sistema', 131, 721, 519, 27, 13, 123, 0),
(519, '2018-08-25', '04:36:53', '0.0000', '0.0000', 'Producto de compra, registrado en sistema', 131, 722, 519, 27, 13, 123, 0),
(520, '2018-08-25', '04:37:21', '0.0000', '0.0000', 'Producto de compra, registrado en sistema', 131, 723, 519, 27, 13, 123, 0),
(521, '2018-08-25', '05:13:51', '0.0000', '0.0000', 'Producto de compra, registrado en sistema', 131, 725, 519, 27, 13, 123, 0),
(522, '2018-08-25', '05:15:05', '0.0000', '0.0000', 'Producto de compra, registrado en sistema', 131, 726, 519, 27, 13, 123, 0),
(523, '2018-08-25', '05:16:08', '0.0000', '0.0000', 'Producto de compra, registrado en sistema', 131, 727, 519, 27, 13, 123, 0),
(524, '2018-08-26', '11:14:22', '0.0000', '0.0000', 'registo de producto en sistema', 132, 696, 519, 27, 13, 133, 0),
(525, '2018-08-26', '11:14:35', '0.0000', '0.0000', 'registo de producto en sistema', 132, 645, 519, 27, 13, 133, 0),
(526, '2018-08-26', '11:14:46', '0.0000', '0.0000', 'registo de producto en sistema', 132, 668, 519, 27, 13, 133, 0),
(527, '2018-08-26', '11:14:55', '0.0000', '0.0000', 'registo de producto en sistema', 132, 624, 519, 27, 13, 133, 0),
(528, '2018-08-26', '11:15:03', '0.0000', '0.0000', 'registo de producto en sistema', 132, 674, 519, 27, 13, 133, 0),
(546, '2018-09-06', '05:56:51', '0.0000', '0.0000', 'Producto de compra, registrado en sistema', 131, 740, 515, 22, 13, 123, 0),
(547, '2018-09-06', '05:57:33', '0.0000', '0.0000', 'Producto de compra, registrado en sistema', 131, 741, 515, 22, 13, 123, 0),
(548, '2018-09-06', '06:26:49', '1.0000', '9999.0000', 'Solicitud de requisicion', 132, 741, 520, 29, 13, 175, 0),
(549, '2018-09-06', '06:40:34', '1.0000', '1.0000', 'Solicitud de requisicion', 131, 741, 522, 30, 13, 123, 0),
(550, '2018-09-07', '03:26:48', '0.0000', '0.0000', 'Producto de compra, registrado en sistema', 131, 744, 515, 22, 25, 123, 0),
(551, '2018-09-07', '03:30:07', '0.0000', '0.0000', 'Producto de compra, registrado en sistema', 131, 745, 515, 22, 13, 123, 0),
(552, '2018-09-07', '04:26:57', '0.0000', '0.0000', 'Solicitud de requisicion', 132, 744, 516, 26, 14, 175, 0),
(567, '2018-09-07', '04:52:23', '0.0000', '0.0000', 'Solicitud de requisicion', 131, 744, 520, 29, 14, 123, 0),
(568, '2018-09-08', '05:13:53', '0.0000', '0.0000', 'Producto de compra, registrado en sistema', 131, 746, 515, 22, 13, 123, 0),
(569, '2018-09-08', '05:21:57', '0.0000', '0.0000', 'Producto de compra, registrado en sistema', 131, 749, 515, 22, 13, 123, 0),
(570, '2018-09-08', '09:00:51', '0.0000', '0.0000', 'Producto de compra, registrado en sistema', 131, 751, 515, 22, 13, 123, 0),
(571, '2018-09-08', '09:01:38', '0.0000', '0.0000', 'Producto de compra, registrado en sistema', 131, 752, 515, 22, 13, 123, 0),
(572, '2018-09-08', '10:01:42', '100000.0000', '100000.0000', ' ', 131, 752, 522, 23, 13, 327, 0),
(573, '2018-09-08', '10:34:33', '100000.0000', '100000.0000', ' ', 131, 1, 516, 23, 13, 327, 0),
(574, '2018-09-08', '10:48:50', '100.0000', '100.0000', ' ', 131, 74, 516, 23, 13, 327, 0),
(575, '2018-09-11', '03:05:00', '0.0000', '0.0000', 'Producto de compra, registrado en sistema', 131, 755, 515, 22, 13, 123, 0),
(576, '2018-09-11', '03:12:15', '0.0000', '0.0000', 'Producto de compra, registrado en sistema', 131, 756, 515, 22, 13, 123, 0),
(577, '2018-09-11', '03:20:20', '0.0000', '0.0000', 'Producto de compra, registrado en sistema', 131, 757, 515, 22, 13, 123, 0),
(578, '2018-09-11', '03:23:15', '0.0000', '0.0000', 'Producto de compra, registrado en sistema', 131, 759, 515, 22, 13, 123, 0),
(579, '2018-09-11', '03:28:45', '0.0000', '0.0000', 'Producto de compra, registrado en sistema', 131, 760, 515, 22, 13, 123, 0),
(580, '2018-09-11', '03:30:57', '0.0000', '0.0000', 'Producto de compra, registrado en sistema', 131, 761, 515, 22, 13, 123, 0),
(581, '2018-09-11', '03:32:02', '0.0000', '0.0000', 'Producto de compra, registrado en sistema', 131, 762, 515, 22, 13, 123, 0),
(582, '2018-09-11', '03:50:01', '1.0000', '999.0000', 'Solicitud de requisicion', 132, 751, 520, 29, 19, 175, 0),
(583, '2018-09-11', '03:51:15', '1.0000', '101.0000', 'Solicitud de requisicion', 131, 751, 522, 30, 19, 123, 0),
(584, '2018-09-11', '04:12:02', '0.0000', '0.0000', 'Producto de compra, registrado en sistema', 131, 763, 515, 22, 13, 123, 0),
(585, '2018-09-11', '04:16:26', '0.0000', '0.0000', 'Producto de compra, registrado en sistema', 131, 765, 515, 22, 13, 123, 0),
(586, '2018-09-12', '08:45:44', '0.0000', '0.0000', 'Producto de compra, registrado en sistema', 131, 767, 515, 22, 13, 123, 0),
(587, '2018-09-12', '08:49:44', '0.0000', '0.0000', 'Producto de compra, registrado en sistema', 131, 768, 515, 22, 13, 123, 0),
(588, '2018-09-12', '09:33:22', '0.0000', '0.0000', 'Producto de compra, registrado en sistema', 131, 769, 515, 22, 13, 123, 0),
(589, '2018-09-12', '09:51:42', '0.0000', '0.0000', 'registo de producto en sistema', 132, 761, 516, 30, 13, 133, 0),
(590, '2018-09-12', '09:52:46', '0.0000', '0.0000', 'registo de producto en sistema', 132, 761, 516, 30, 13, 133, 0),
(591, '2018-09-15', '02:04:03', '1.0000', '0.0000', 'Solicitud de requisicion', 132, 741, 522, 30, 13, 175, 0),
(592, '2018-09-15', '02:17:39', '2.0000', '998.0000', 'Solicitud de requisicion', 132, 741, 522, 30, 13, 175, 0),
(593, '2018-09-15', '02:18:39', '2.0000', '996.0000', 'Solicitud de requisicion', 132, 741, 522, 30, 13, 175, 0),
(594, '2018-09-15', '02:18:39', '2.0000', '994.0000', 'Solicitud de requisicion', 132, 741, 522, 30, 13, 175, 0),
(595, '2018-09-15', '02:20:23', '2.0000', '992.0000', 'Solicitud de requisicion', 132, 741, 522, 30, 13, 175, 0),
(596, '2018-09-15', '02:20:23', '2.0000', '990.0000', 'Solicitud de requisicion', 132, 741, 522, 30, 13, 175, 0),
(597, '2018-09-15', '02:45:56', '1.0000', '998.0000', 'Solicitud de requisicion', 132, 751, 520, 29, 19, 175, 0),
(602, '2018-09-17', '05:32:42', '2000.0000', '2000.0000', ' ', 131, 740, 522, 23, 13, 327, 0),
(603, '2018-09-17', '05:39:30', '1.0000', '1.0000', ' ', 132, 744, 522, 23, 13, 328, 0),
(604, '2018-09-17', '05:40:21', '10.0000', '10.0000', ' ', 132, 745, 522, 23, 13, 328, 0),
(605, '2018-09-17', '05:40:39', '1000.0000', '1000.0000', ' ', 132, 746, 522, 23, 13, 328, 0),
(606, '2018-09-17', '05:41:00', '14.0000', '14.0000', ' ', 132, 761, 522, 23, 13, 328, 0),
(607, '2018-09-17', '05:45:12', '12.0000', '12.0000', ' ', 131, 744, 522, 23, 13, 327, 0),
(608, '2018-09-17', '05:46:32', '12.0000', '12.0000', ' ', 131, 744, 522, 23, 13, 327, 0),
(609, '2018-09-17', '05:47:28', '1.0000', '1.0000', ' ', 132, 744, 522, 23, 13, 328, 0),
(610, '2018-09-17', '05:48:25', '1.0000', '1.0000', ' ', 132, 744, 522, 23, 13, 328, 0),
(611, '2018-09-17', '05:49:14', '1.0000', '1.0000', ' ', 132, 744, 522, 23, 13, 328, 0),
(612, '2018-09-17', '05:55:54', '1.0000', '1.0000', ' ', 132, 744, 522, 23, 13, 328, 0);

-- --------------------------------------------------------

--
-- Table structure for table `log`
--

CREATE TABLE `log` (
  `id` int(11) NOT NULL,
  `fecha` date DEFAULT NULL,
  `hora` time DEFAULT NULL,
  `referencia` varchar(100) DEFAULT NULL,
  `nombre` varchar(100) DEFAULT NULL,
  `accion` varchar(15) DEFAULT NULL,
  `usuario` varchar(150) DEFAULT NULL,
  `unidad_negocio_id` int(11) NOT NULL
) ENGINE=InnoDB AUTO_INCREMENT=655 DEFAULT CHARSET=utf8;

--
-- Dumping data for table `log`
--

INSERT INTO `log` (`id`, `fecha`, `hora`, `referencia`, `nombre`, `accion`, `usuario`, `unidad_negocio_id`) VALUES
(425, '2018-08-25', '09:36:47', 'Producto', 'prueba h prueba', 'Creado', 'Inversiones Solincamfer', 519),
(426, '2018-08-25', '11:04:50', 'Producto', 'Cable Azul Lanpro', 'Creado', 'Inversiones Solincamfer', 519),
(427, '2018-08-25', '11:47:53', 'Producto', 'Cable Azul Elecon', 'Creado', 'Inversiones Solincamfer', 519),
(428, '2018-08-25', '11:52:28', 'Producto', 'Cable Negro Elecon', 'Creado', 'Inversiones Solincamfer', 519),
(429, '2018-08-25', '11:53:59', 'Producto', 'Cable Gris Elecon', 'Creado', 'Inversiones Solincamfer', 519),
(430, '2018-08-25', '11:55:15', 'Producto', 'Cable Rojo Elecon', 'Creado', 'Inversiones Solincamfer', 519),
(431, '2018-08-25', '11:57:04', 'Producto', 'Cable Negro Lampro', 'Creado', 'Inversiones Solincamfer', 519),
(432, '2018-08-25', '11:59:42', 'Producto', 'Cable Gris Lampro', 'Creado', 'Inversiones Solincamfer', 519),
(433, '2018-08-25', '12:00:46', 'Producto', 'Cable Rojo Lampro', 'Creado', 'Inversiones Solincamfer', 519),
(434, '2018-08-25', '12:01:16', 'Producto', 'Cable Negro Lanpro', 'Modificado', 'Inversiones Solincamfer', 519),
(435, '2018-08-25', '12:01:38', 'Producto', 'Cable Rojo Lanpro', 'Modificado', 'Inversiones Solincamfer', 519),
(436, '2018-08-25', '12:02:25', 'Producto', 'Cable Gris Lanpro', 'Modificado', 'Inversiones Solincamfer', 519),
(437, '2018-08-25', '12:04:28', 'Producto', 'Cable Azul Nexxt', 'Creado', 'Inversiones Solincamfer', 519),
(438, '2018-08-25', '12:05:29', 'Producto', 'Cable Negro Nexxt', 'Creado', 'Inversiones Solincamfer', 519),
(439, '2018-08-25', '12:06:51', 'Producto', 'Cable Gris Nexxt', 'Creado', 'Inversiones Solincamfer', 519),
(440, '2018-08-25', '12:06:57', 'Producto', 'Jack Coupler Azul Lanpro', 'Creado', 'Inversiones Solincamfer', 519),
(441, '2018-08-25', '12:08:15', 'Producto', 'Cable Rojo Nexxt', 'Creado', 'Inversiones Solincamfer', 519),
(442, '2018-08-25', '12:10:46', 'Producto', 'Cable Azul Netvision', 'Creado', 'Inversiones Solincamfer', 519),
(443, '2018-08-25', '12:13:09', 'Producto', 'Cable Negro Netvision', 'Creado', 'Inversiones Solincamfer', 519),
(444, '2018-08-25', '12:13:33', 'Producto', 'Cable Azul Netvision', 'Eliminado', 'Inversiones Solincamfer', 519),
(445, '2018-08-25', '12:14:28', 'Producto', 'Cable Rojo Nexxt', 'Modificado', 'Inversiones Solincamfer', 519),
(446, '2018-08-25', '12:14:51', 'Producto', 'Cable Negro Netvision', 'Eliminado', 'Inversiones Solincamfer', 519),
(447, '2018-08-25', '12:16:16', 'Producto', 'Cable Azul Netvision', 'Creado', 'Inversiones Solincamfer', 519),
(448, '2018-08-25', '12:17:24', 'Producto', 'Cable Negro Netvision', 'Creado', 'Inversiones Solincamfer', 519),
(449, '2018-08-25', '12:18:23', 'Producto', 'Jack Coupler Negro Lanpro', 'Creado', 'Inversiones Solincamfer', 519),
(450, '2018-08-25', '12:18:34', 'Producto', 'Cable Gris Netvision', 'Creado', 'Inversiones Solincamfer', 519),
(451, '2018-08-25', '12:19:35', 'Producto', 'Cable Rojo Netvision', 'Creado', 'Inversiones Solincamfer', 519),
(452, '2018-08-25', '12:21:17', 'Producto', 'Cable Azul Link Basic', 'Creado', 'Inversiones Solincamfer', 519),
(453, '2018-08-25', '12:23:54', 'Producto', 'Cable Negro Link Basic', 'Creado', 'Inversiones Solincamfer', 519),
(454, '2018-08-25', '12:23:55', 'Producto', 'Jack Coupler Rojo Lanpro', 'Creado', 'Inversiones Solincamfer', 519),
(455, '2018-08-25', '12:24:51', 'Producto', 'Jack Coupler Blanco Lanpro', 'Creado', 'Inversiones Solincamfer', 519),
(456, '2018-08-25', '12:27:10', 'Producto', 'Cable Gris Link Basic', 'Creado', 'Inversiones Solincamfer', 519),
(457, '2018-08-25', '12:28:15', 'Producto', 'Cable Rojo Link Basic', 'Creado', 'Inversiones Solincamfer', 519),
(458, '2018-08-25', '12:29:03', 'Producto', 'Jack Coupler Blanco Lanpro', 'Creado', 'Inversiones Solincamfer', 519),
(459, '2018-08-25', '12:29:31', 'Producto', 'Jack Coupler Verde Lanpro', 'Modificado', 'Inversiones Solincamfer', 519),
(460, '2018-08-25', '12:30:43', 'Producto', 'Jack Coupler Amarillo Lanpro', 'Creado', 'Inversiones Solincamfer', 519),
(461, '2018-08-25', '12:40:33', 'Producto', 'Botas RJ45 Azul Lanpro', 'Creado', 'Inversiones Solincamfer', 519),
(462, '2018-08-25', '12:45:32', 'Producto', 'Botas RJ45 Verde Lanpro', 'Creado', 'Inversiones Solincamfer', 519),
(463, '2018-08-25', '12:47:06', 'Producto', 'Botas RJ45 Blanco Lanpro', 'Creado', 'Inversiones Solincamfer', 519),
(464, '2018-08-25', '12:47:55', 'Producto', 'Cable Coaxial  Perfect Vision', 'Creado', 'Inversiones Solincamfer', 519),
(465, '2018-08-25', '12:48:44', 'Producto', 'Botas RJ45 Negra Lanpro', 'Creado', 'Inversiones Solincamfer', 519),
(466, '2018-08-25', '12:49:19', 'Producto', 'Cable Coaxial  Perfect Vision', 'Creado', 'Inversiones Solincamfer', 519),
(467, '2018-08-25', '12:50:43', 'Producto', 'Bota RJ45 Amarillo Lanpro', 'Creado', 'Inversiones Solincamfer', 519),
(468, '2018-08-25', '12:51:45', 'Producto', 'Botas RJ45 Amarillo Lanpro', 'Modificado', 'Inversiones Solincamfer', 519),
(469, '2018-08-25', '12:53:15', 'Producto', 'Botas RJ45 Roja Lanpro', 'Creado', 'Inversiones Solincamfer', 519),
(470, '2018-08-25', '12:56:09', 'Producto', 'Conector de presin Perfect Vision', 'Creado', 'Inversiones Solincamfer', 519),
(471, '2018-08-25', '12:58:07', 'Producto', 'Conector RJ45 Lanpro', 'Creado', 'Inversiones Solincamfer', 519),
(472, '2018-08-25', '01:07:14', 'Producto', 'Conector RJ11 Lanpro', 'Creado', 'Inversiones Solincamfer', 519),
(473, '2018-08-25', '01:23:30', 'Producto', 'Tubo EMT 3/4"  Fermetal', 'Creado', 'Inversiones Solincamfer', 519),
(474, '2018-08-25', '01:26:56', 'Producto', 'Tubo EMT 1" Fermetal', 'Creado', 'Inversiones Solincamfer', 519),
(475, '2018-08-25', '01:28:36', 'Producto', 'Tubo EMT 1 1/4" Fermetal', 'Creado', 'Inversiones Solincamfer', 519),
(476, '2018-08-25', '01:30:12', 'Producto', 'Tubo EMT 1 1/2" Fermetal', 'Creado', 'Inversiones Solincamfer', 519),
(477, '2018-08-25', '01:31:34', 'Producto', 'Tubo EMT 2" Fermetal', 'Creado', 'Inversiones Solincamfer', 519),
(478, '2018-08-25', '01:32:50', 'Producto', 'Tubo EMT 2 1/2" Fermetal', 'Creado', 'Inversiones Solincamfer', 519),
(479, '2018-08-25', '01:35:07', 'Producto', 'Tubo EMT 3" Fermetal', 'Creado', 'Inversiones Solincamfer', 519),
(480, '2018-08-25', '01:37:37', 'Producto', 'Tubo EMT 3 1/2" Fermetal', 'Creado', 'Inversiones Solincamfer', 519),
(481, '2018-08-25', '01:39:31', 'Producto', 'Tubo EMT 4" Fermetal', 'Creado', 'Inversiones Solincamfer', 519),
(482, '2018-08-25', '01:45:23', 'Producto', 'Disco Duro 256GB  Western Digital', 'Creado', 'Inversiones Solincamfer', 519),
(483, '2018-08-25', '01:49:45', 'Producto', 'Disco Duro 256GB Seagate', 'Creado', 'Inversiones Solincamfer', 519),
(484, '2018-08-25', '01:52:12', 'Producto', 'Disco Duro 256GB Hitachi', 'Creado', 'Inversiones Solincamfer', 519),
(485, '2018-08-25', '01:52:25', 'Producto', 'Conector RJ12 Lanpro', 'Creado', 'Inversiones Solincamfer', 519),
(486, '2018-08-25', '01:54:02', 'Producto', 'Conector RJ14 Lanpro', 'Creado', 'Inversiones Solincamfer', 519),
(487, '2018-08-25', '01:54:06', 'Producto', 'Disco Duro 256GB Samsung', 'Creado', 'Inversiones Solincamfer', 519),
(488, '2018-08-25', '01:56:05', 'Producto', 'Disco Duro 500GB Western Digital', 'Creado', 'Inversiones Solincamfer', 519),
(489, '2018-08-25', '01:56:07', 'Producto', 'Cajetin EMT  2"x4" Fermetal', 'Creado', 'Inversiones Solincamfer', 519),
(490, '2018-08-25', '01:57:09', 'Producto', 'Disco Duro 500GB Seagate', 'Creado', 'Inversiones Solincamfer', 519),
(491, '2018-08-25', '01:57:39', 'Producto', 'Cajetin EMT 4"x4" Fermetal', 'Creado', 'Inversiones Solincamfer', 519),
(492, '2018-08-25', '01:58:39', 'Producto', 'Disco Duro 500GB Hitachi', 'Creado', 'Inversiones Solincamfer', 519),
(493, '2018-08-25', '01:59:50', 'Producto', 'Disco Duro 500GB Samsung', 'Creado', 'Inversiones Solincamfer', 519),
(494, '2018-08-25', '01:59:51', 'Producto', 'Face Plate 2 puertos Lanpro', 'Creado', 'Inversiones Solincamfer', 519),
(495, '2018-08-25', '02:00:17', 'Producto', 'Cajetin EMT 5"x5" Fermetal', 'Creado', 'Inversiones Solincamfer', 519),
(496, '2018-08-25', '02:01:49', 'Producto', 'Disco Duro 1TB Western Digital', 'Creado', 'Inversiones Solincamfer', 519),
(497, '2018-08-25', '02:02:37', 'Producto', 'Face Plate 4 puerto Lanpro', 'Creado', 'Inversiones Solincamfer', 519),
(498, '2018-08-25', '02:03:28', 'Producto', 'Disco Duro 1TB Seagate', 'Creado', 'Inversiones Solincamfer', 519),
(499, '2018-08-25', '02:04:01', 'Producto', 'Face Plate 6 puerto Lanpro', 'Creado', 'Inversiones Solincamfer', 519),
(500, '2018-08-25', '02:05:08', 'Producto', 'Disco Duro 1TB Hitachi', 'Creado', 'Inversiones Solincamfer', 519),
(501, '2018-08-25', '02:06:33', 'Producto', 'Cajetin EMT 6"x6"x4" Fermetal', 'Creado', 'Inversiones Solincamfer', 519),
(502, '2018-08-25', '02:06:54', 'Producto', 'Disco Duro 1TB Samsung', 'Creado', 'Inversiones Solincamfer', 519),
(503, '2018-08-25', '02:08:16', 'Producto', 'Cajetin EMT  8"x8"x6" Fermetal', 'Creado', 'Inversiones Solincamfer', 519),
(504, '2018-08-25', '02:10:10', 'Producto', 'Disco Duro 1 1/2TB Western Digital', 'Creado', 'Inversiones Solincamfer', 519),
(505, '2018-08-25', '02:10:23', 'Producto', 'Cajetin EMT  10"x10"x4" Fermetal', 'Creado', 'Inversiones Solincamfer', 519),
(506, '2018-08-25', '02:12:06', 'Producto', 'Cajetin EMT 12"x12"x6" Fermetal', 'Creado', 'Inversiones Solincamfer', 519),
(507, '2018-08-25', '02:12:29', 'Producto', 'Disco Duro 1 1/2TB Seagate', 'Creado', 'Inversiones Solincamfer', 519),
(508, '2018-08-25', '02:12:48', 'Producto', 'Disco Duro 1 1/2TB Seagate', 'Modificado', 'Inversiones Solincamfer', 519),
(509, '2018-08-25', '02:16:18', 'Producto', 'Disco Duro 1 1/5TB Hitachi', 'Creado', 'Inversiones Solincamfer', 519),
(510, '2018-08-25', '02:17:49', 'Producto', 'Disco Duro 1 1/5TB Western Digital', 'Modificado', 'Inversiones Solincamfer', 519),
(511, '2018-08-25', '02:18:36', 'Producto', 'Disco Duro 1 1/5TB Seagate', 'Modificado', 'Inversiones Solincamfer', 519),
(512, '2018-08-25', '02:25:55', 'Producto', 'Disco Duro 1 1/5TB Samsung', 'Creado', 'Inversiones Solincamfer', 519),
(513, '2018-08-25', '02:28:24', 'Producto', 'Cajetin EMT 16"x16"x6" Fermetal', 'Creado', 'Inversiones Solincamfer', 519),
(514, '2018-08-25', '03:03:40', 'Producto', 'Cajetin EMT  20"x20"x4" Fermetal', 'Creado', 'Inversiones Solincamfer', 519),
(515, '2018-08-25', '03:07:55', 'Producto', 'Conectores EMT 3/4" Fermetal', 'Creado', 'Inversiones Solincamfer', 519),
(516, '2018-08-25', '03:09:14', 'Producto', 'Conectores EMT 1" Fermetal', 'Creado', 'Inversiones Solincamfer', 519),
(517, '2018-08-25', '03:12:06', 'Producto', 'Conectores EMT 1, 1/4" Fermetal', 'Creado', 'Inversiones Solincamfer', 519),
(518, '2018-08-25', '03:13:34', 'Producto', 'Conectores EMT 2" Fermetal', 'Creado', 'Inversiones Solincamfer', 519),
(519, '2018-08-25', '03:15:04', 'Producto', 'Conectores EMT 3" Fermetal', 'Creado', 'Inversiones Solincamfer', 519),
(520, '2018-08-25', '03:16:43', 'Producto', 'Conectores EMT 4" Fermetal', 'Creado', 'Inversiones Solincamfer', 519),
(521, '2018-08-25', '03:19:13', 'Producto', 'Curva EMT 3/4" Fermetal', 'Creado', 'Inversiones Solincamfer', 519),
(522, '2018-08-25', '03:20:19', 'Producto', 'Curva EMT 1" Fermetal', 'Creado', 'Inversiones Solincamfer', 519),
(523, '2018-08-25', '03:22:05', 'Producto', 'Curva EMT 1, 1/4" Fermetal', 'Creado', 'Inversiones Solincamfer', 519),
(524, '2018-08-25', '03:25:56', 'Producto', 'Anillo EMT 3/4" Fermetal', 'Creado', 'Inversiones Solincamfer', 519),
(525, '2018-08-25', '03:27:00', 'Producto', 'Anillo EMT 1" Fermetal', 'Creado', 'Inversiones Solincamfer', 519),
(526, '2018-08-25', '03:28:23', 'Producto', 'Anillo EMT 1, 1/4" Fermetal', 'Creado', 'Inversiones Solincamfer', 519),
(527, '2018-08-25', '03:30:34', 'Producto', 'Anillo EMT 1, 1/2" Fermetal', 'Creado', 'Inversiones Solincamfer', 519),
(528, '2018-08-25', '03:32:07', 'Producto', 'Anillo EMT 2" Fermetal', 'Creado', 'Inversiones Solincamfer', 519),
(529, '2018-08-25', '03:34:00', 'Producto', 'Anillo EMT 2, 1/2" Fermetal', 'Creado', 'Inversiones Solincamfer', 519),
(530, '2018-08-25', '03:35:11', 'Producto', 'Anillo EMT 3" Fermetal', 'Creado', 'Inversiones Solincamfer', 519),
(531, '2018-08-25', '03:36:20', 'Producto', 'Anillo EMT 3, 1/2" Fermetal', 'Creado', 'Inversiones Solincamfer', 519),
(532, '2018-08-25', '03:37:27', 'Producto', 'Anillo EMT 4" Fermetal', 'Creado', 'Inversiones Solincamfer', 519),
(533, '2018-08-25', '03:38:24', 'Producto', 'Alicate Electricista Lobster', 'Creado', 'Inversiones Solincamfer', 519),
(534, '2018-08-25', '03:41:13', 'Producto', 'Abrazadera EMT 3/4" Fermetal', 'Creado', 'Inversiones Solincamfer', 519),
(535, '2018-08-25', '03:41:41', 'Producto', 'Piqueta de corte  Stanley', 'Creado', 'Inversiones Solincamfer', 519),
(536, '2018-08-25', '03:42:27', 'Producto', 'Abrazadera EMT 1" Fermetal', 'Creado', 'Inversiones Solincamfer', 519),
(537, '2018-08-25', '03:44:08', 'Producto', 'Abrazadera EMT 1, 1/4" Fermetal', 'Creado', 'Inversiones Solincamfer', 519),
(538, '2018-08-25', '03:45:30', 'Producto', 'Abrazadera EMT 1, 1/2" Fermetal', 'Creado', 'Inversiones Solincamfer', 519),
(539, '2018-08-25', '03:46:42', 'Producto', 'Abrazadera EMT 2" Fermetal', 'Creado', 'Inversiones Solincamfer', 519),
(540, '2018-08-25', '03:48:14', 'Producto', 'Abrazadera EMT 2, 1/2" Fermetal', 'Creado', 'Inversiones Solincamfer', 519),
(541, '2018-08-25', '03:49:30', 'Producto', 'Abrazadera EMT 3" Fermetal', 'Creado', 'Inversiones Solincamfer', 519),
(542, '2018-08-25', '03:50:51', 'Producto', 'Abrazadera EMT 3, 1/2" Fermetal', 'Creado', 'Inversiones Solincamfer', 519),
(543, '2018-08-25', '03:52:01', 'Producto', 'Abrazadera EMT 4" Fermetal', 'Creado', 'Inversiones Solincamfer', 519),
(544, '2018-08-25', '03:56:49', 'Producto', 'Tuerca 1/4" Fermetal', 'Creado', 'Inversiones Solincamfer', 519),
(545, '2018-08-25', '03:57:16', 'Producto', 'Tarjeta Madre 775 Intel', 'Creado', 'Inversiones Solincamfer', 519),
(546, '2018-08-25', '03:59:17', 'Producto', 'Tuerca 5/6" Fermetal', 'Creado', 'Inversiones Solincamfer', 519),
(547, '2018-08-25', '03:59:51', 'Producto', 'Tarjeta Madre 775 Asus', 'Creado', 'Inversiones Solincamfer', 519),
(548, '2018-08-25', '04:01:37', 'Producto', 'Tarjeta Madre 775 Biostar', 'Creado', 'Inversiones Solincamfer', 519),
(549, '2018-08-25', '04:02:24', 'Producto', 'Tornillo 1/4" Fermetal', 'Creado', 'Inversiones Solincamfer', 519),
(550, '2018-08-25', '04:03:07', 'Producto', 'Tarjeta Madre 775 Gigabyte', 'Creado', 'Inversiones Solincamfer', 519),
(551, '2018-08-25', '04:04:35', 'Producto', 'Tarjeta Madre 775 Foxcomn', 'Creado', 'Inversiones Solincamfer', 519),
(552, '2018-08-25', '04:04:43', 'Producto', 'Ramplug 5/16 Fermetal', 'Creado', 'Inversiones Solincamfer', 519),
(553, '2018-08-25', '04:04:50', 'Producto', 'Kit destornilladores 6 piezas Stanley', 'Creado', 'Inversiones Solincamfer', 519),
(554, '2018-08-25', '04:05:55', 'Producto', 'Tarjeta Madre 775 AsRock', 'Creado', 'Inversiones Solincamfer', 519),
(555, '2018-08-25', '04:06:33', 'Producto', 'Arandela 5/16" Fermetal', 'Creado', 'Inversiones Solincamfer', 519),
(556, '2018-08-25', '04:07:45', 'Producto', 'Tarjeta Madre 1155 Intel', 'Creado', 'Inversiones Solincamfer', 519),
(557, '2018-08-25', '04:10:14', 'Producto', 'Tarjeta Madre 1155 Asus', 'Creado', 'Inversiones Solincamfer', 519),
(558, '2018-08-25', '04:11:57', 'Producto', 'Tarjeta Madre 1155 Biostar', 'Creado', 'Inversiones Solincamfer', 519),
(559, '2018-08-25', '04:13:46', 'Producto', 'Tarjeta Madre 1155 Gigabyte', 'Creado', 'Inversiones Solincamfer', 519),
(560, '2018-08-25', '04:15:46', 'Producto', 'Tarjeta Madre 1155 Foxcomn', 'Creado', 'Inversiones Solincamfer', 519),
(561, '2018-08-25', '04:17:02', 'Producto', 'Tarjeta Madre 1155 AsRock', 'Creado', 'Inversiones Solincamfer', 519),
(562, '2018-08-25', '04:19:00', 'Producto', 'Tarjeta Madre 1150 Intel', 'Creado', 'Inversiones Solincamfer', 519),
(563, '2018-08-25', '04:20:40', 'Producto', 'Arco de segueta  Stanley', 'Creado', 'Inversiones Solincamfer', 519),
(564, '2018-08-25', '04:23:36', 'Producto', 'Tubo EMT 1" Fermetal', 'Creado', 'Inversiones Solincamfer', 519),
(565, '2018-08-25', '04:25:54', 'Producto', 'Tarjeta Madre 1150 Asus', 'Creado', 'Inversiones Solincamfer', 519),
(566, '2018-08-25', '04:27:41', 'Producto', 'Tarjeta Madre 1150 Biostar', 'Creado', 'Inversiones Solincamfer', 519),
(567, '2018-08-25', '04:31:09', 'Producto', 'Tarjeta Madre 1150 Gigabyte', 'Creado', 'Inversiones Solincamfer', 519),
(568, '2018-08-25', '04:33:59', 'Producto', 'Tarjeta Madre 1150 AsRock', 'Creado', 'Inversiones Solincamfer', 519),
(569, '2018-08-25', '04:36:53', 'Producto', 'Tarjeta Madre 1150 MSI', 'Creado', 'Inversiones Solincamfer', 519),
(570, '2018-08-25', '04:37:21', 'Producto', 'Hoja de segueta Stanley', 'Creado', 'Inversiones Solincamfer', 519),
(571, '2018-08-25', '05:13:51', 'Producto', 'DVR 4 Canales Hikvision', 'Creado', 'Inversiones Solincamfer', 519),
(572, '2018-08-25', '05:15:05', 'Producto', 'DVR 8 Canales Hikvision', 'Creado', 'Inversiones Solincamfer', 519),
(573, '2018-08-25', '05:16:08', 'Producto', 'DVR 16 Canales Hikvision', 'Creado', 'Inversiones Solincamfer', 519),
(574, '2018-08-26', '11:14:22', 'Producto', 'Tuerca 1/4 Fermetal', 'Modificado', 'Inversiones Solincamfer', 519),
(575, '2018-08-26', '11:14:35', 'Producto', 'Cajetin EMT 5x5 Fermetal', 'Modificado', 'Inversiones Solincamfer', 519),
(576, '2018-08-26', '11:14:46', 'Producto', 'Conectores EMT 1 Fermetal', 'Modificado', 'Inversiones Solincamfer', 519),
(577, '2018-08-26', '11:14:55', 'Producto', 'Tubo EMT 1 Fermetal', 'Modificado', 'Inversiones Solincamfer', 519),
(578, '2018-08-26', '11:15:03', 'Producto', 'Curva EMT 1 Fermetal', 'Modificado', 'Inversiones Solincamfer', 519),
(593, '2018-09-05', '08:10:10', 'Producto', 'BEBIDAS FRIAS  ', 'Creado', 'Maestro de  productos', 515),
(594, '2018-09-05', '10:54:59', 'Producto', 'prueba 3  ', 'Creado', 'Maestro de  productos', 515),
(595, '2018-09-05', '10:56:23', 'Producto', 'prueba 4  ', 'Creado', 'Maestro de  productos', 515),
(596, '2018-09-06', '05:56:51', 'Producto', 'Producto Prueba Prueba', 'Creado', 'Maestro de  productos', 515),
(597, '2018-09-06', '05:57:33', 'Producto', 'Kit Guantes Prueba  ', 'Creado', 'Maestro de  productos', 515),
(598, '2018-09-06', '06:26:49', 'Producto', 'Kit Guantes Prueba  ', 'Modificado', 'Jefe de almacen de suministros', 520),
(599, '2018-09-06', '06:40:34', 'Producto', 'Kit Guantes Prueba  ', 'Modificado', 'Jefe de almacen B1-5', 522),
(600, '2018-09-07', '03:26:47', 'Producto', 'Ducto J&J', 'Creado', 'Maestro de  productos', 515),
(601, '2018-09-07', '03:30:07', 'Producto', 'lALO  ', 'Creado', 'Maestro de  productos', 515),
(602, '2018-09-07', '04:26:57', 'Producto', 'Ducto J&J', 'Modificado', 'Jefe de almacen Dom. Luc.', 516),
(603, '2018-09-07', '04:52:23', 'Producto', 'Ducto J&J', 'Modificado', 'Jefe de almacen de suministros', 520),
(604, '2018-09-08', '05:13:53', 'Producto', 'Guantes de caucho Harns', 'Creado', 'Maestro de  productos', 515),
(605, '2018-09-08', '05:21:57', 'Producto', 'Kit Guante Latex  ', 'Creado', 'Maestro de  productos', 515),
(606, '2018-09-08', '09:00:51', 'Producto', 'Guantes de latex II Hamrs', 'Creado', 'Maestro de  productos', 515),
(607, '2018-09-08', '09:01:38', 'Producto', 'Kit Guantes Latex II  ', 'Creado', 'Maestro de  productos', 515),
(608, '2018-09-08', '10:32:00', 'Producto', 'AGUJA ESPINAL DESCARTABLE 25G IVSS', 'Modificado', 'Jefe de almacen Dom. Luc.', 516),
(609, '2018-09-08', '10:41:17', 'Producto', 'AGUJA ESPINAL DESCARTABLE 25G IVSS', 'Modificado', 'Jefe de almacen Dom. Luc.', 516),
(610, '2018-09-08', '10:41:33', 'Producto', 'AGUJA ESPINAL DESCARTABLE 25G IVSS', 'Modificado', 'Jefe de almacen Dom. Luc.', 516),
(611, '2018-09-08', '10:46:17', 'Producto', 'AGUJA ESPINAL DESCARTABLE 25G IVSS', 'Modificado', 'Jefe de almacen Dom. Luc.', 516),
(612, '2018-09-08', '10:49:06', 'Producto', 'GUANTES DE BIOSEGURIDAD IVSS', 'Modificado', 'Jefe de almacen Dom. Luc.', 516),
(613, '2018-09-11', '03:05:00', 'Producto', 'prueba  ', 'Creado', 'Maestro de  productos', 515),
(614, '2018-09-11', '03:12:15', 'Producto', 'gasa galenico pruebas', 'Creado', 'Maestro de  productos', 515),
(615, '2018-09-11', '03:20:20', 'Producto', 'gasa gr generica', 'Creado', 'Maestro de  productos', 515),
(616, '2018-09-11', '03:23:15', 'Producto', 'gasa p  ', 'Creado', 'Maestro de  productos', 515),
(617, '2018-09-11', '03:28:45', 'Producto', 'aguja fina  ', 'Creado', 'Maestro de  productos', 515),
(618, '2018-09-11', '03:30:57', 'Producto', 'aguja gruesa  ', 'Creado', 'Maestro de  productos', 515),
(619, '2018-09-11', '03:32:02', 'Producto', 'aguja gruesa  ', 'Creado', 'Maestro de  productos', 515),
(620, '2018-09-11', '03:50:01', 'Producto', 'Guantes de latex II Hamrs', 'Modificado', 'Jefe de almacen de suministros', 520),
(621, '2018-09-11', '03:51:15', 'Producto', 'Guantes de latex II Hamrs', 'Modificado', 'Jefe de almacen B1-5', 522),
(622, '2018-09-11', '04:12:02', 'Producto', 'Guantes XXX XX', 'Creado', 'Maestro de  productos', 515),
(623, '2018-09-11', '04:16:26', 'Producto', 'guantes arm harms', 'Creado', 'Maestro de  productos', 515),
(624, '2018-09-12', '08:45:44', 'Producto', 'esponja scotch', 'Creado', 'Maestro de  productos', 515),
(625, '2018-09-12', '08:49:44', 'Producto', 'esponja2 scotch', 'Creado', 'Maestro de  productos', 515),
(626, '2018-09-12', '09:33:22', 'Producto', 'Prueba XXX XX', 'Creado', 'Maestro de  productos', 515),
(627, '2018-09-15', '02:04:03', 'Producto', 'Kit Guantes Prueba  ', 'Modificado', 'Jefe de almacen B1-5', 522),
(628, '2018-09-15', '02:17:39', 'Producto', 'Kit Guantes Prueba  ', 'Modificado', 'Jefe de almacen B1-5', 522),
(629, '2018-09-15', '02:18:39', 'Producto', 'Kit Guantes Prueba  ', 'Modificado', 'Jefe de almacen B1-5', 522),
(630, '2018-09-15', '02:18:39', 'Producto', 'Kit Guantes Prueba  ', 'Modificado', 'Jefe de almacen B1-5', 522),
(631, '2018-09-15', '02:20:23', 'Producto', 'Kit Guantes Prueba  ', 'Modificado', 'Jefe de almacen B1-5', 522),
(632, '2018-09-15', '02:20:23', 'Producto', 'Kit Guantes Prueba  ', 'Modificado', 'Jefe de almacen B1-5', 522),
(633, '2018-09-15', '02:45:56', 'Producto', 'Guantes de latex II Hamrs', 'Modificado', 'Jefe de almacen de suministros', 520),
(634, '2018-09-16', '05:22:45', 'Producto', 'prueba 10  ', 'Creado', 'Maestro de  productos', 515),
(635, '2018-09-16', '05:24:08', 'Producto', 'prueba 11  ', 'Creado', 'Maestro de  productos', 515),
(636, '2018-09-16', '06:04:50', 'Producto', 'prueba20  ', 'Creado', 'Maestro de  productos', 515),
(637, '2018-09-16', '06:06:04', 'Producto', 'prueba 21  ', 'Creado', 'Maestro de  productos', 515),
(638, '2018-09-16', '06:09:52', 'Producto', 'prueba 22  ', 'Creado', 'Maestro de  productos', 515),
(639, '2018-09-16', '06:11:29', 'Producto', 'prueba 23  ', 'Creado', 'Maestro de  productos', 515),
(640, '2018-09-16', '06:12:23', 'Producto', 'prueba 24  ', 'Creado', 'Maestro de  productos', 515),
(641, '2018-09-16', '06:13:20', 'Producto', 'prueba 25  ', 'Creado', 'Maestro de  productos', 515),
(642, '2018-09-16', '06:14:11', 'Producto', 'prueba 26  ', 'Creado', 'Maestro de  productos', 515),
(643, '2018-09-16', '06:15:18', 'Producto', 'prueba 27  ', 'Creado', 'Maestro de  productos', 515),
(644, '2018-09-16', '06:16:44', 'Producto', 'prueba 28  ', 'Creado', 'Maestro de  productos', 515),
(645, '2018-09-16', '06:17:46', 'Producto', 'prueba 29  ', 'Creado', 'Maestro de  productos', 515),
(646, '2018-09-16', '06:21:27', 'Producto', 'p31  ', 'Creado', 'Maestro de  productos', 515),
(647, '2018-09-16', '06:22:10', 'Producto', 'p32  ', 'Creado', 'Maestro de  productos', 515),
(648, '2018-09-16', '06:29:03', 'Producto', 'p34  ', 'Creado', 'Maestro de  productos', 515),
(649, '2018-09-16', '06:30:17', 'Producto', 'p35  ', 'Creado', 'Maestro de  productos', 515),
(650, '2018-09-17', '01:16:07', 'Producto', 'Producto Prueba Prueba2', 'Creado', 'Maestro de  productos', 515),
(651, '2018-09-17', '01:16:41', 'Producto', 'Producto Prueba Prueba3', 'Creado', 'Maestro de  productos', 515),
(652, '2018-09-17', '02:27:30', 'Producto', 'CALCULADORA CASIO DR-120TN IVSS', 'Modificado', 'Maestro de  productos', 515),
(653, '2018-09-17', '02:27:54', 'Producto', 'CALCULADORA CASIO DR-120TM IVSS', 'Modificado', 'Maestro de  productos', 515),
(654, '2018-09-17', '02:30:40', 'Producto', 'CALCULADORA CASIO DR-120TM IVSS', 'Modificado', 'Maestro de  productos', 515);

-- --------------------------------------------------------

--
-- Table structure for table `mercancia`
--

CREATE TABLE `mercancia` (
  `id` int(11) NOT NULL,
  `codigo` varchar(45) DEFAULT NULL,
  `codigo_anterior` varchar(45) DEFAULT NULL,
  `nombre` varchar(150) DEFAULT NULL,
  `marca` varchar(100) DEFAULT ' ',
  `modelo` varchar(150) DEFAULT NULL,
  `presentacion` varchar(150) DEFAULT NULL,
  `serial` varchar(100) DEFAULT NULL,
  `talla` varchar(100) DEFAULT NULL,
  `color` varchar(100) DEFAULT NULL,
  `contenido_neto` decimal(19,4) DEFAULT '0.0000',
  `cantidad_presentacion` int(11) DEFAULT '1',
  `familia_id` int(11) NOT NULL,
  `sub_familia_id` int(11) DEFAULT NULL,
  `descripcion` text,
  `exento_impuesto` tinyint(1) DEFAULT NULL,
  `receta_id` int(11) DEFAULT NULL,
  `tipo_mercancia_id` int(11) DEFAULT NULL,
  `asociado_id` int(11) DEFAULT NULL,
  `tipo_producto` int(1) DEFAULT '1'
) ENGINE=InnoDB AUTO_INCREMENT=816 DEFAULT CHARSET=utf8;

--
-- Dumping data for table `mercancia`
--

INSERT INTO `mercancia` (`id`, `codigo`, `codigo_anterior`, `nombre`, `marca`, `modelo`, `presentacion`, `serial`, `talla`, `color`, `contenido_neto`, `cantidad_presentacion`, `familia_id`, `sub_familia_id`, `descripcion`, `exento_impuesto`, `receta_id`, `tipo_mercancia_id`, `asociado_id`, `tipo_producto`) VALUES
(1, 'ARDEAG0001', NULL, 'AGUJA ESPINAL DESCARTABLE 25G', 'IVSS', '25G', NULL, NULL, NULL, NULL, '0.0000', 1, 213, 149, NULL, NULL, NULL, 160, NULL, 1),
(2, 'ARDEAG0002', NULL, 'AGUJA ESPINAL DESCARTABLE 26G', 'IVSS', '26G', NULL, NULL, NULL, NULL, '0.0000', 1, 213, 149, NULL, NULL, NULL, 160, NULL, 1),
(3, 'ARDEAG0003', NULL, 'AGUJA ESPINAL DESCARTABLE LIBRE DE PIROGENOS', 'IVSS', NULL, NULL, NULL, NULL, NULL, '0.0000', 1, 213, 149, NULL, NULL, NULL, 160, NULL, 1),
(4, 'ARDEAG0004', NULL, 'AGUJA ESPINAL DESCARTABLE LIBRE DE PIROGENOS', 'IVSS', NULL, NULL, NULL, NULL, NULL, '0.0000', 1, 213, 149, NULL, NULL, NULL, 160, NULL, 1),
(5, 'ARDEAG0005', NULL, 'AGUJA ESPINAL DESCARTABLE LIBRE DE PIROGENOS', 'IVSS', NULL, NULL, NULL, NULL, NULL, '0.0000', 1, 213, 149, NULL, NULL, NULL, 160, NULL, 1),
(6, 'ARDEAG0006', NULL, 'AGUJA HIPODERMICA 20GX 1 1/2', 'IVSS', ' 20GX 1 1/2', NULL, NULL, NULL, NULL, '0.0000', 1, 213, 149, NULL, NULL, NULL, 160, NULL, 1),
(7, 'ARDEAG0007', NULL, 'AGUJA PERICRANEAL ESTERIL DESECHABLE 21G X 3/4', 'IVSS', '21G X 3/4', NULL, NULL, NULL, NULL, '0.0000', 1, 213, 149, NULL, NULL, NULL, 160, NULL, 1),
(8, 'ARDEAG0008', NULL, 'AGUJA PERICRANEAL NRO 19G X 3/4', 'IVSS', ' 19G X 3/4', NULL, NULL, NULL, NULL, '0.0000', 1, 213, 149, NULL, NULL, NULL, 160, NULL, 1),
(9, 'ARDEAG0009', NULL, 'AGUJA PERICRANEAL NRO 21G X 3/4', 'IVSS', '21G X 3/4', NULL, NULL, NULL, NULL, '0.0000', 1, 213, 149, NULL, NULL, NULL, 160, NULL, 1),
(10, 'ARDEAG0010', NULL, 'AGUJA PERICRANEAL NRO 25GX3/4', 'IVSS', '25GX3/4', NULL, NULL, NULL, NULL, '0.0000', 1, 213, 149, NULL, NULL, NULL, 160, NULL, 1),
(11, 'ARDEAG0011', NULL, 'AGUJA PERICRANEAL NRO 25GX3/4', 'IVSS', '25GX3/4', NULL, NULL, NULL, NULL, '0.0000', 1, 213, 149, NULL, NULL, NULL, 160, NULL, 1),
(12, 'ARDEAG0012', NULL, 'AGUJA PERICRANEAL NRO 25GX3/4', 'IVSS', '25GX3/4', NULL, NULL, NULL, NULL, '0.0000', 1, 213, 149, NULL, NULL, NULL, 160, NULL, 1),
(13, 'ARDEAG0013', NULL, 'AGUJA PERICRANEAL NRO 25GX3/4', 'IVSS', '25GX3/4', NULL, NULL, NULL, NULL, '0.0000', 1, 213, 149, NULL, NULL, NULL, 160, NULL, 1),
(14, 'ARDEAG0014', NULL, 'AGUJA PERICRANEAL NRO 25GX3/4', 'IVSS', ' 25GX3/4', NULL, NULL, NULL, NULL, '0.0000', 1, 213, 149, NULL, NULL, NULL, 160, NULL, 1),
(15, 'ARDEAG0015', NULL, 'AGUJA PERIDURAL 16G', 'IVSS', '16G', NULL, NULL, NULL, NULL, '0.0000', 1, 213, 149, NULL, NULL, NULL, 160, NULL, 1),
(16, 'ARDEAG0016', NULL, 'AGUJA PERIDURAL 16G', 'IVSS', '16G', NULL, NULL, NULL, NULL, '0.0000', 1, 213, 149, NULL, NULL, NULL, 160, NULL, 1),
(17, 'ARDEAG0017', NULL, 'AGUJA RAQUIDEA 23G X 3 1/2', 'IVSS', '23G X 3 1/2', NULL, NULL, NULL, NULL, '0.0000', 1, 213, 149, NULL, NULL, NULL, 160, NULL, 1),
(18, 'ARDEAG0018', NULL, 'AGUJA RAQUIDEA 27G X 3 1/2', 'IVSS', '27G X 3 1/2', NULL, NULL, NULL, NULL, '0.0000', 1, 213, 149, NULL, NULL, NULL, 160, NULL, 1),
(19, 'ARDEAG0019', NULL, 'AGUJAS HIPODERMICAS 19G X 1 1/2', 'IVSS', '19G X 1 1/2', NULL, NULL, NULL, NULL, '0.0000', 1, 213, 149, NULL, NULL, NULL, 160, NULL, 1),
(20, 'ARDEAG0020', NULL, 'AGUJAS HIPODERMICAS 19G X 1 1/2', 'IVSS', '19G X 1 1/2', NULL, NULL, NULL, NULL, '0.0000', 1, 213, 149, NULL, NULL, NULL, 160, NULL, 1),
(21, 'ARDEAG0021', NULL, 'AGUJAS HIPODERMICAS 19G X 1 1/2', 'IVSS', '19G X 1 1/2', NULL, NULL, NULL, NULL, '0.0000', 1, 213, 149, NULL, NULL, NULL, 160, NULL, 1),
(22, 'ARDEAL0001', NULL, 'ALGODON HYDROFILO ASEPTICO ', 'IVSS', NULL, NULL, NULL, NULL, NULL, '0.0000', 1, 213, 291, NULL, NULL, NULL, 160, NULL, 1),
(23, 'ARDEAL0002', NULL, 'ALGODON HYDROFILO ASEPTICO ', 'IVSS', NULL, NULL, NULL, NULL, NULL, '0.0000', 1, 213, 291, NULL, NULL, NULL, 160, NULL, 1),
(24, 'ARDESE0001', NULL, 'ATOM INFANT DOSED INFUSION SET T (SET DE INFUSION ', 'IVSS', 'DOSIFICADO', NULL, NULL, NULL, NULL, '0.0000', 1, 213, 292, NULL, NULL, NULL, 160, NULL, 1),
(25, 'ARDEBA0001', NULL, 'BAJALENGUAS DE MADERA', 'IVSS', NULL, NULL, NULL, NULL, NULL, '0.0000', 1, 213, 293, NULL, NULL, NULL, 160, NULL, 1),
(26, 'ARDEBO0001', NULL, 'BOLSA RECOLECTORA DE ORINA ADULTO 2000ML', 'IVSS', 'ADULTO 2000 ML', NULL, NULL, 'ADULTO', NULL, '0.0000', 1, 213, 294, NULL, NULL, NULL, 160, NULL, 1),
(27, 'ARDEBO0002', NULL, 'BOLSA RECOLECTORA DE ORINA PEDIATRICO 200ML ', 'IVSS', 'PEDIATRICO 200 ML', NULL, NULL, 'PEDIATRICO', NULL, '0.0000', 1, 213, 294, NULL, NULL, NULL, 160, NULL, 1),
(28, 'ARDEBO0003', NULL, 'BOLSA RECOLECTORA DE ORINA PEDRIATRICO 200 ML', 'IVSS', 'PEDIATRICO 200 ML', NULL, NULL, 'PEDIATRICO', NULL, '0.0000', 1, 213, 294, NULL, NULL, NULL, 160, NULL, 1),
(29, 'ARDEBO0004', NULL, 'BOLSA RECOLECTORA DE ORINA PEDRIATRICO 200 ML', 'IVSS', 'PEDIATRICO 200 ML', NULL, NULL, 'PEDIATRICO', NULL, '0.0000', 1, 213, 294, NULL, NULL, NULL, 160, NULL, 1),
(30, 'ARDETU0001', NULL, 'BUBBLE TUBING  GOMA DE SUCCION TRANSPARENTE (TUBER', 'IVSS', 'GOMA DE SUCCION ', NULL, NULL, NULL, 'TRANSPARENTE', '0.0000', 1, 213, 295, NULL, NULL, NULL, 160, NULL, 1),
(31, 'ARDETU0002', NULL, 'BUBBLE TUBING  GOMA DE SUCCION TRANSPARENTE (TUBER', 'IVSS', 'GOMA DE SUCCION ', NULL, NULL, NULL, 'TRANSPARENTE', '0.0000', 1, 213, 295, NULL, NULL, NULL, 160, NULL, 1),
(32, 'ARDETU0003', NULL, 'BUBBLE TUBING  GOMA DE SUCCION TRANSPARENTE (TUBER', 'IVSS', 'GOMA DE SUCCION ', NULL, NULL, NULL, 'TRANSPARENTE', '0.0000', 1, 213, 295, NULL, NULL, NULL, 160, NULL, 1),
(33, 'ARDEJE0001', NULL, 'BULB SYRINGE 60ML (JERINGA BOMBILLA)', 'IVSS', '60 ML', NULL, NULL, NULL, NULL, '0.0000', 1, 213, 296, NULL, NULL, NULL, 160, NULL, 1),
(34, 'ARDECA0001', NULL, 'CAL SODADA', 'IVSS', 'SODADA', NULL, NULL, NULL, NULL, '0.0000', 1, 213, 297, NULL, NULL, NULL, 160, NULL, 1),
(35, 'AROFCA0001', ' ', 'CALCULADORA CASIO DR-120TM', 'IVSS', ' ', ' ', ' ', ' ', ' ', '0.0000', 1, 322, 323, '', NULL, NULL, 160, NULL, 1),
(36, 'ARDECAN0001', NULL, 'CANULAS DE OXIGENO NASAL ', 'IVSS', 'NASAL', NULL, NULL, NULL, NULL, '0.0000', 1, 213, 298, NULL, NULL, NULL, 160, NULL, 1),
(37, 'ARDECAT0001', NULL, 'CATETER INTRAVENOSO N 20', 'IVSS', ' INTRAVENOSO N 20', NULL, NULL, NULL, NULL, '0.0000', 1, 213, 299, NULL, NULL, NULL, 160, NULL, 1),
(38, 'ARDECAT0002', NULL, 'CATETER INTRAVENOSO N 22', 'IVSS', 'INTRAVENOSO N 22', NULL, NULL, NULL, NULL, '0.0000', 1, 213, 299, NULL, NULL, NULL, 160, NULL, 1),
(39, 'ARDECAT0003', NULL, 'CATETER INTRAVENOSO N 24G X 3/4', 'IVSS', ' INTRAVENOSO N 24G X 3/4', NULL, NULL, NULL, NULL, '0.0000', 1, 213, 299, NULL, NULL, NULL, 160, NULL, 1),
(40, 'ARDECAT0004', NULL, 'CATETER INTRAVENOSO NRO 16G X 2', 'IVSS', ' INTRAVENOSO NRO 16G X 2', NULL, NULL, NULL, NULL, '0.0000', 1, 213, 299, NULL, NULL, NULL, 160, NULL, 1),
(41, 'ARDECAT0005', NULL, 'CATETER INTRAVENOSO NRO 16G X 2', 'IVSS', 'INTRAVENOSO NRO 16G X 2', NULL, NULL, NULL, NULL, '0.0000', 1, 213, 299, NULL, NULL, NULL, 160, NULL, 1),
(42, 'ARDECAT0006', NULL, 'CATETER INTRAVENOSO NRO 20', 'IVSS', 'INTRAVENOSO NRO 20', NULL, NULL, NULL, NULL, '0.0000', 1, 213, 299, NULL, NULL, NULL, 160, NULL, 1),
(43, 'ARDECAT0007', NULL, 'CATETER INTRAVENOSO NRO 20', 'IVSS', ' INTRAVENOSO NRO 20', NULL, NULL, NULL, NULL, '0.0000', 1, 213, 299, NULL, NULL, NULL, 160, NULL, 1),
(44, 'ARDECAT0008', NULL, 'CATETER INTRAVENOSO NRO 22G X1', 'IVSS', 'INTRAVENOSO NRO 22G X1', NULL, NULL, NULL, NULL, '0.0000', 1, 213, 299, NULL, NULL, NULL, 160, NULL, 1),
(45, 'ARDECAT0009', NULL, 'CATETER INTRAVENOSO NRO 22G X1', 'IVSS', 'INTRAVENOSO NRO 22G X1', NULL, NULL, NULL, NULL, '0.0000', 1, 213, 299, NULL, NULL, NULL, 160, NULL, 1),
(46, 'ARDECAT0010', NULL, 'CATETER INTRAVENOSO NRO 24G X 3/4', 'IVSS', 'INTRAVENOSO NRO 24G X 3/4', NULL, NULL, NULL, NULL, '0.0000', 1, 213, 299, NULL, NULL, NULL, 160, NULL, 1),
(47, 'ARDECAT0011', NULL, 'CATETER INTRAVENOSO NRO 24G X 3/4', 'IVSS', ' INTRAVENOSO NRO 24G X 3/4', NULL, NULL, NULL, NULL, '0.0000', 1, 213, 299, NULL, NULL, NULL, 160, NULL, 1),
(48, 'ARDECAT0012', NULL, 'CATETER O TUBO TORAXICO CON TROCAR 34FG', 'IVSS', 'TORAXICO CON TROCAR 34FG', NULL, NULL, NULL, NULL, '0.0000', 1, 213, 299, NULL, NULL, NULL, 160, NULL, 1),
(49, 'ARDECAT0013', NULL, 'CATETER O TUBO TORAXICO CON TROCAR 34FG', 'IVSS', 'TORAXICO CON TROCAR 34FG', NULL, NULL, NULL, NULL, '0.0000', 1, 213, 299, NULL, NULL, NULL, 160, NULL, 1),
(50, 'ARDECAT0014', NULL, 'CATETER O TUBO TORAXICO CON TROCAR 34FG', 'IVSS', 'TORAXICO CON TROCAR 34FG', NULL, NULL, NULL, NULL, '0.0000', 1, 213, 299, NULL, NULL, NULL, 160, NULL, 1),
(51, 'ARDECAT0015', NULL, 'CATETER O TUBO TORAXICO CON TROCAR 34FG', 'IVSS', 'TORAXICO CON TROCAR 34FG', NULL, NULL, NULL, NULL, '0.0000', 1, 213, 299, NULL, NULL, NULL, 160, NULL, 1),
(52, 'ARDECAT0016', NULL, 'CATETER O TUBO TORAXICO CON TROCAR 40FG', 'IVSS', ' TORAXICO CON TROCAR 40FG', NULL, NULL, NULL, NULL, '0.0000', 1, 213, 299, NULL, NULL, NULL, 160, NULL, 1),
(53, 'ARDECAT0017', NULL, 'CATETER PERICRANEAL NRO 22G X 3/4', 'IVSS', 'PERICRANEAL NRO 22G X 3/4', NULL, NULL, NULL, NULL, '0.0000', 1, 213, 299, NULL, NULL, NULL, 160, NULL, 1),
(54, 'ARDECAT0018', NULL, 'CATETER PERICRANEAL NRO 23G X 3/4', 'IVSS', 'PERICRANEAL NRO 23G X 3/4', NULL, NULL, NULL, NULL, '0.0000', 1, 213, 299, NULL, NULL, NULL, 160, NULL, 1),
(55, 'ARDECAT0019', NULL, 'CATETER PERICRANEAL NRO 25G X 3/4', 'IVSS', 'PERICRANEAL NRO 25G X 3/4', NULL, NULL, NULL, NULL, '0.0000', 1, 213, 299, NULL, NULL, NULL, 160, NULL, 1),
(56, 'ARDECAT0020', NULL, 'CATETER TORAXICO CON TROCAR NRO 12', 'IVSS', 'TORAXICO CON TROCAR NRO 12', NULL, NULL, NULL, NULL, '0.0000', 1, 213, 299, NULL, NULL, NULL, 160, NULL, 1),
(57, 'ARDECAT0021', NULL, 'CATETER TROCAR NRO 34', 'IVSS', 'TROCAR NRO 34', NULL, NULL, NULL, NULL, '0.0000', 1, 213, 299, NULL, NULL, NULL, 160, NULL, 1),
(58, 'ARDECAT0022', NULL, 'CATETER TROCAR NRO 36', 'IVSS', 'TROCAR NRO 36', NULL, NULL, NULL, NULL, '0.0000', 1, 213, 299, NULL, NULL, NULL, 160, NULL, 1),
(59, 'ARDECAT0023', NULL, 'CATETER TROCAR NRO 36', 'IVSS', 'TROCAR NRO 36', NULL, NULL, NULL, NULL, '0.0000', 1, 213, 299, NULL, NULL, NULL, 160, NULL, 1),
(60, 'ARDECAT0024', NULL, 'CATETER TROCAR NRO 36', 'IVSS', ' TROCAR NRO 36', NULL, NULL, NULL, NULL, '0.0000', 1, 213, 299, NULL, NULL, NULL, 160, NULL, 1),
(61, 'ARDECE0001', NULL, 'CEPILLO QUIRURGICO IODOFORMADOS', 'IVSS', 'QUIRURGICO', NULL, NULL, NULL, NULL, '0.0000', 1, 213, 325, NULL, NULL, NULL, 160, NULL, 1),
(62, 'ARDECO0001', NULL, 'CONECTOR K-50', 'IVSS', 'K-50', NULL, NULL, NULL, NULL, '0.0000', 1, 213, 300, NULL, NULL, NULL, 160, NULL, 1),
(63, 'ARDEDE0001', NULL, 'DEPRESOR DE LENGUA PARA ADULTOS', 'IVSS', 'ADULTO', NULL, NULL, NULL, NULL, '0.0000', 1, 213, 301, NULL, NULL, NULL, 160, NULL, 1),
(64, 'ARDEPE0001', NULL, 'EQUIPO PERICRANEAL LIBRE DE PIROGENOS 21G', 'IVSS', '21G', NULL, NULL, NULL, NULL, '0.0000', 1, 213, 302, NULL, NULL, NULL, 160, NULL, 1),
(65, 'ARDEPE0002', NULL, 'EQUIPO PERICRANEAL LIBRE DE PIROGENOS 21G', 'IVSS', '21G', NULL, NULL, NULL, NULL, '0.0000', 1, 213, 302, NULL, NULL, NULL, 160, NULL, 1),
(66, 'ARDEPE0003', NULL, 'EQUIPO PERICRANEAL LIBRE DE PIROGENOS 21G', 'IVSS', '21G', NULL, NULL, NULL, NULL, '0.0000', 1, 213, 302, NULL, NULL, NULL, 160, NULL, 1),
(67, 'ARDESC0001', NULL, 'SCALP VEIN SET ', 'IVSS', NULL, NULL, NULL, NULL, NULL, '0.0000', 1, 213, 303, NULL, NULL, NULL, 160, NULL, 1),
(68, 'ARDEES0001', NULL, 'ESPONJA DE GASA 10CM X 10 CM 12 PLIEGOS', 'IVSS', '10CM X 10 CM 12 PLIEGOS', NULL, NULL, NULL, NULL, '0.0000', 1, 213, 304, NULL, NULL, NULL, 160, NULL, 1),
(69, 'ARDEES0002', NULL, 'ESPONJA DE GASA TIPO VIII 4 X 8 10 CM X 20 CM', 'IVSS', '4 X 8 10 CM X 20 CM', NULL, NULL, NULL, NULL, '0.0000', 1, 213, 304, NULL, NULL, NULL, 160, NULL, 1),
(70, 'ARDEES0003', NULL, 'ESPONJAS DE GASA TIPO USO VIII 4 X 8 10 X 20 CM', 'IVSS', '4 X 8 10 X 20 CM', NULL, NULL, NULL, NULL, '0.0000', 1, 213, 304, NULL, NULL, NULL, 160, NULL, 1),
(71, 'ARDEET0001', NULL, 'EXTENSION TUBE ', 'IVSS', NULL, NULL, NULL, NULL, NULL, '0.0000', 1, 213, 305, NULL, NULL, NULL, 160, NULL, 1),
(72, 'ARDEFA0001', NULL, 'FAJA DE CARGA VICTORINO', 'IVSS', 'VICTORINO', NULL, NULL, NULL, NULL, '0.0000', 1, 324, 306, NULL, NULL, NULL, 160, NULL, 1),
(73, 'ARDEGA0001', NULL, 'GASA CON PARAFINA 10 X 10 CM', 'IVSS', ' 10 X 10 CM', NULL, NULL, NULL, NULL, '0.0000', 1, 213, 289, NULL, NULL, NULL, 160, NULL, 1),
(74, 'ARDEGU0001', NULL, 'GUANTES DE BIOSEGURIDAD', 'IVSS', 'BIOSEGURIDAD', NULL, NULL, NULL, NULL, '0.0000', 1, 213, 283, NULL, NULL, NULL, 160, NULL, 1),
(75, 'ARDEJE0002', NULL, 'JERINGA CON AGUJA 3ML 22G X 1 1/2', 'IVSS', '3ML 22G X 1 1/2', NULL, NULL, NULL, NULL, '0.0000', 1, 213, 296, NULL, NULL, NULL, 160, NULL, 1),
(76, 'ARDEJE0003', NULL, 'JERINGUILLA HIPODERMICA PLASTICA DESECHABLE 20G X1', 'IVSS', '20G X1', NULL, NULL, NULL, NULL, '0.0000', 1, 213, 296, NULL, NULL, NULL, 160, NULL, 1),
(77, 'ARDEMA0001', NULL, 'MACROGOTEROS 1CC = 20 DROPS', 'IVSS', '1CC = 20 DROPS', NULL, NULL, NULL, NULL, '0.0000', 1, 213, 307, NULL, NULL, NULL, 160, NULL, 1),
(78, 'ARDEMA0002', NULL, 'MACROGOTEROS 1CC = 20 DROPS', 'IVSS', '1CC = 20 DROPS', NULL, NULL, NULL, NULL, '0.0000', 1, 213, 307, NULL, NULL, NULL, 160, NULL, 1),
(79, 'ARDEMA0003', NULL, 'MACROGOTEROS 1CC = 20 DROPS', 'IVSS', '1CC = 20 DROPS', NULL, NULL, NULL, NULL, '0.0000', 1, 213, 307, NULL, NULL, NULL, 160, NULL, 1),
(80, 'ARDEMA0004', NULL, 'MACROGOTEROS 1CC = 20 DROPS', 'IVSS', '1CC = 20 DROPS', NULL, NULL, NULL, NULL, '0.0000', 1, 213, 307, NULL, NULL, NULL, 160, NULL, 1),
(81, 'ARDEMA0005', NULL, 'MACROGOTEROS 1CC = 20 DROPS', 'IVSS', '1CC = 20 DROPS', NULL, NULL, NULL, NULL, '0.0000', 1, 213, 307, NULL, NULL, NULL, 160, NULL, 1),
(82, 'ARDEMAN0001', NULL, 'MANGUERA TRANSPARENTE ', 'IVSS', NULL, NULL, NULL, NULL, NULL, '0.0000', 1, 213, 308, NULL, NULL, NULL, 160, NULL, 1),
(83, 'ARDEMAS0001', NULL, 'MASCARILLA PARA NEBULIZAR CON MICRONEBULIZADOR', 'IVSS', 'CON MICRONEBULIZADOR', NULL, NULL, NULL, NULL, '0.0000', 1, 213, 309, NULL, NULL, NULL, 160, NULL, 1),
(84, 'ARDEMAS0002', NULL, 'MASCARILLA PARA NEBULIZAR CON MICRONEBULIZADOR', 'IVSS', 'CON MICRONEBULIZADOR', NULL, NULL, NULL, NULL, '0.0000', 1, 213, 309, NULL, NULL, NULL, 160, NULL, 1),
(85, 'ARDEMAS0003', NULL, 'MASCARILLA PARA NEBULIZAR CON MICRONEBULIZADOR', 'IVSS', 'CON MICRONEBULIZADOR', NULL, NULL, NULL, NULL, '0.0000', 1, 213, 309, NULL, NULL, NULL, 160, NULL, 1),
(86, 'ARDEME0001', NULL, 'MEDI-PLUS', 'IVSS', NULL, NULL, NULL, NULL, NULL, '0.0000', 1, 213, 310, NULL, NULL, NULL, 160, NULL, 1),
(87, 'ARDEMI0001', NULL, 'MICRONEBULIZADOR CON MASCARILLA PEDIATRICO', 'IVSS', 'PEDIATRICO ', NULL, NULL, NULL, NULL, '0.0000', 1, 213, 311, NULL, NULL, NULL, 160, NULL, 1),
(88, 'ARDEMI0002', NULL, 'MICRONEBULIZADOR CON MASCARA DE ADULTO', 'IVSS', 'ADULTO', NULL, NULL, NULL, NULL, '0.0000', 1, 213, 311, NULL, NULL, NULL, 160, NULL, 1),
(89, 'ARDEMI0003', NULL, 'MICRONEBULIZADOR CON MASCARA PEDIATRICO', 'IVSS', 'PEDIATRICO', NULL, NULL, NULL, NULL, '0.0000', 1, 213, 311, NULL, NULL, NULL, 160, NULL, 1),
(90, 'ARDERE0001', NULL, 'RECOLECTORES DE HECES 60 ML', 'IVSS', '60 ML', NULL, NULL, NULL, NULL, '0.0000', 1, 213, 312, NULL, NULL, NULL, 160, NULL, 1),
(91, 'ARDESC0002', NULL, 'SCALP PERICRANEAL 21 G', 'IVSS', '21 G', NULL, NULL, NULL, NULL, '0.0000', 1, 213, 303, NULL, NULL, NULL, 160, NULL, 1),
(92, 'ARDESC0003', NULL, 'SCALP PERICRANEAL 23 G', 'IVSS', ' 23 G', NULL, NULL, NULL, NULL, '0.0000', 1, 213, 303, NULL, NULL, NULL, 160, NULL, 1),
(93, 'ARDESC0004', NULL, 'SCALP VEIN SET', 'IVSS', NULL, NULL, NULL, NULL, NULL, '0.0000', 1, 213, 303, NULL, NULL, NULL, 160, NULL, 1),
(94, 'ARDESC0005', NULL, 'SCALP VEIN SET', 'IVSS', NULL, NULL, NULL, NULL, NULL, '0.0000', 1, 213, 303, NULL, NULL, NULL, 160, NULL, 1),
(95, 'ARDEIN0001', NULL, 'SET DE INFUSION CON BURETA CALIBRADA 100 ML', 'IVSS', 'BURETA CALIBRADA 100 ML', NULL, NULL, NULL, NULL, '0.0000', 1, 213, 292, NULL, NULL, NULL, 160, NULL, 1),
(96, 'ARDEIN0002', NULL, 'SET DE INFUSION CON BURETA CALIBRADA 150 ML', 'IVSS', 'BURETA CALIBRADA 150 ML', NULL, NULL, NULL, NULL, '0.0000', 1, 213, 292, NULL, NULL, NULL, 160, NULL, 1),
(97, 'ARDEDR0001', NULL, 'SISTEMA DE DRENAJE DE HERIDAS', 'IVSS', NULL, NULL, NULL, NULL, NULL, '0.0000', 1, 213, 313, NULL, NULL, NULL, 160, NULL, 1),
(98, 'ARDESO0001', NULL, 'SODA LIME J553 3 LBS/BAG', 'IVSS', '3 LBS/BAG', NULL, NULL, NULL, NULL, '0.0000', 1, 213, 314, NULL, NULL, NULL, 160, NULL, 1),
(99, 'ARDESO0002', NULL, 'SODASORB', 'IVSS', NULL, NULL, NULL, NULL, NULL, '0.0000', 1, 213, 314, NULL, NULL, NULL, 160, NULL, 1),
(100, 'ARDESON0001', NULL, 'SONDA DE ALIMENTACION ', 'IVSS', NULL, NULL, NULL, NULL, NULL, '0.0000', 1, 213, 315, NULL, NULL, NULL, 160, NULL, 1),
(101, 'ARDESON0002', NULL, 'SONDA DE ALIMENTACION ', 'IVSS', NULL, NULL, NULL, NULL, NULL, '0.0000', 1, 213, 315, NULL, NULL, NULL, 160, NULL, 1),
(102, 'ARDESON0003', NULL, 'SONDA DE ALIMENTACION ', 'IVSS', NULL, NULL, NULL, NULL, NULL, '0.0000', 1, 213, 315, NULL, NULL, NULL, 160, NULL, 1),
(103, 'ARDESON0004', NULL, 'SONDA DE ALIMENTACION 10FR', 'IVSS', '10FR', NULL, NULL, NULL, NULL, '0.0000', 1, 213, 315, NULL, NULL, NULL, 160, NULL, 1),
(104, 'ARDESON0005', NULL, 'SONDA DE ALIMENTACION 16 FR', 'IVSS', '16 FR', NULL, NULL, NULL, NULL, '0.0000', 1, 213, 315, NULL, NULL, NULL, 160, NULL, 1),
(105, 'ARDETE0001', NULL, 'TENSOPLAST ELASTIC ADHESIVE BANDAJE 10CMX 4.5', 'IVSS', '10CMX 4.5', NULL, NULL, NULL, NULL, '0.0000', 1, 213, 316, NULL, NULL, NULL, 160, NULL, 1),
(106, 'ARDETO0001', NULL, 'TORNEIRA DE 3 VIAS ', 'IVSS', ' 3 VIAS ', NULL, NULL, NULL, NULL, '0.0000', 1, 213, 317, NULL, NULL, NULL, 160, NULL, 1),
(107, 'ARDETA0002', NULL, 'TUBO DE ALIMENTACION ', 'IVSS', NULL, NULL, NULL, NULL, NULL, '0.0000', 1, 213, 318, NULL, NULL, NULL, 160, NULL, 1),
(108, 'ARDETA0003', NULL, 'TUBO DE ALIMENTACION ', 'IVSS', NULL, NULL, NULL, NULL, NULL, '0.0000', 1, 213, 318, NULL, NULL, NULL, 160, NULL, 1),
(109, 'ARDEVE0001', NULL, 'VENDA ELASTICA 20CM ', 'IVSS', ' 20CM ', NULL, NULL, NULL, NULL, '0.0000', 1, 213, 319, NULL, NULL, NULL, 160, NULL, 1),
(110, 'ARDEVE0002', NULL, 'VENDA PARA HERIDAS ESTERIL 4.5 X 4.1YDS - 6PLIEGO', 'IVSS', '4.5 X 4.1YDS - 6PLIEGOS', NULL, NULL, NULL, NULL, '0.0000', 1, 213, 319, NULL, NULL, NULL, 160, NULL, 1),
(111, 'ARDEVE0003', NULL, 'VENDAS ELASTICAS 12CM ', 'IVSS', ' 12CM ', NULL, NULL, NULL, NULL, '0.0000', 1, 213, 319, NULL, NULL, NULL, 160, NULL, 1),
(112, 'ARDEVE0004', NULL, 'VENDAS ELASTICAS 8 CM ', 'IVSS', ' 8 CM ', NULL, NULL, NULL, NULL, '0.0000', 1, 213, 319, NULL, NULL, NULL, 160, NULL, 1),
(113, 'ARDEYE0001', NULL, 'YESO SINTETICO DE POLIESTER PARA VENDAJE', 'IVSS', 'SINTETICO DE POLIESTER', NULL, NULL, NULL, NULL, '0.0000', 1, 213, 320, NULL, NULL, NULL, 160, NULL, 1),
(114, 'ARDELE0001', NULL, ' LEUKOPLAST TELA ADHESIVA SEDA', 'IVSS', 'SEDA', NULL, NULL, NULL, NULL, '0.0000', 1, 213, 321, NULL, NULL, NULL, 160, NULL, 1),
(580, '1', '', 'Cable Azul', 'Lanpro', '5e', NULL, NULL, NULL, NULL, '305.0000', 1, 242, 241, 'Precio de cada metro es de 0,8 $', 0, NULL, 160, NULL, 1),
(581, '2', '', 'Cable Azul', 'Elecon', '5e', NULL, NULL, NULL, NULL, '305.0000', 1, 242, 241, '', 0, NULL, 160, NULL, 1),
(582, '3', '', 'Cable Negro', 'Elecon', '5e', NULL, NULL, NULL, NULL, '305.0000', 1, 242, 241, '', 0, NULL, 160, NULL, 1),
(583, '4', '', 'Cable Gris', 'Elecon', '5e', NULL, NULL, NULL, NULL, '305.0000', 1, 242, 241, '', 0, NULL, 160, NULL, 1),
(584, '5', '', 'Cable Rojo', 'Elecon', '5e', NULL, NULL, NULL, NULL, '305.0000', 1, 242, 241, '', 0, NULL, 160, NULL, 1),
(585, '6', '', 'Cable Negro', 'Lanpro', '5e', NULL, NULL, NULL, NULL, '305.0000', 1, 242, 241, '', 0, NULL, 160, NULL, 1),
(586, '7', '', 'Cable Gris', 'Lanpro', '5e', NULL, NULL, NULL, NULL, '305.0000', 1, 242, 241, '', 0, NULL, 160, NULL, 1),
(587, '8', '', 'Cable Rojo', 'Lanpro', '5e', NULL, NULL, NULL, NULL, '305.0000', 1, 242, 241, '', 0, NULL, 160, NULL, 1),
(588, '9', '', 'Cable Azul', 'Nexxt', '5e', NULL, NULL, NULL, NULL, '305.0000', 1, 242, 241, '', 0, NULL, 160, NULL, 1),
(589, '10', '', 'Cable Negro', 'Nexxt', '5e', NULL, NULL, NULL, NULL, '305.0000', 1, 242, 241, '', 0, NULL, 160, NULL, 1),
(590, '11', '', 'Cable Gris', 'Nexxt', '5e', NULL, NULL, NULL, NULL, '305.0000', 1, 242, 241, '', 0, NULL, 160, NULL, 1),
(591, '21', '', 'Jack Coupler Azul', 'Lanpro', '5e', NULL, NULL, NULL, NULL, '50.0000', 50, 242, 248, NULL, NULL, NULL, 160, NULL, 1),
(592, '12', '', 'Cable Rojo', 'Nexxt', '5e', NULL, NULL, NULL, NULL, '305.0000', 1, 242, 241, '', 0, NULL, 160, NULL, 1),
(595, '13', '', 'Cable Azul', 'Netvision', '5e', NULL, NULL, NULL, NULL, '305.0000', 1, 242, 241, '', 0, NULL, 160, NULL, 1),
(596, '14', '', 'Cable Negro', 'Netvision', '5e', NULL, NULL, NULL, NULL, '305.0000', 1, 242, 241, '', 0, NULL, 160, NULL, 1),
(597, '22', '', 'Jack Coupler Negro', 'Lanpro', '5e', NULL, NULL, NULL, NULL, '50.0000', 50, 242, 248, NULL, NULL, NULL, 160, NULL, 1),
(598, '15', '', 'Cable Gris', 'Netvision', '5e', NULL, NULL, NULL, NULL, '305.0000', 1, 242, 241, '', 0, NULL, 160, NULL, 1),
(599, '16', '', 'Cable Rojo', 'Netvision', '5e', NULL, NULL, NULL, NULL, '305.0000', 1, 242, 241, '', 0, NULL, 160, NULL, 1),
(601, '17', '', 'Cable Azul', 'Link Basic', '5e', NULL, NULL, NULL, NULL, '305.0000', 1, 242, 241, '', 0, NULL, 160, NULL, 1),
(604, '18', '', 'Cable Negro', 'Link Basic', '5e', NULL, NULL, NULL, NULL, '305.0000', 1, 242, 241, '', 0, NULL, 160, NULL, 1),
(605, '25', '', 'Jack Coupler Rojo', 'Lanpro', '5e', NULL, NULL, NULL, NULL, '50.0000', 50, 242, 248, NULL, NULL, NULL, 160, NULL, 1),
(606, '26', '', 'Jack Coupler Blanco', 'Lanpro', '5e', NULL, NULL, NULL, NULL, '50.0000', 50, 242, 248, NULL, NULL, NULL, 160, NULL, 1),
(608, '19', '', 'Cable Gris', 'Link Basic', '5e', NULL, NULL, NULL, NULL, '305.0000', 1, 242, 241, '', 0, NULL, 160, NULL, 1),
(609, '20', '', 'Cable Rojo', 'Link Basic', '5e', NULL, NULL, NULL, NULL, '305.0000', 1, 242, 241, '', 0, NULL, 160, NULL, 1),
(610, '27', '', 'Jack Coupler Verde', 'Lanpro', '5e', NULL, NULL, NULL, NULL, '50.0000', 50, 242, 248, '', NULL, NULL, 160, NULL, 1),
(611, '28', '', 'Jack Coupler Amarillo', 'Lanpro', '5e', NULL, NULL, NULL, NULL, '50.0000', 50, 242, 248, NULL, NULL, NULL, 160, NULL, 1),
(612, '29', '', 'Botas RJ45 Azul', 'Lanpro', '5e', NULL, NULL, NULL, NULL, '100.0000', 100, 242, 251, NULL, NULL, NULL, 160, NULL, 1),
(613, '30', '', 'Botas RJ45 Verde', 'Lanpro', '5e', NULL, NULL, NULL, NULL, '100.0000', 100, 242, 251, NULL, NULL, NULL, 160, NULL, 1),
(614, '31', '', 'Botas RJ45 Blanco', 'Lanpro', '5e', NULL, NULL, NULL, NULL, '100.0000', 100, 242, 251, NULL, NULL, NULL, 160, NULL, 1),
(615, '36', '', 'Cable Coaxial ', 'Perfect Vision', 'RG6', NULL, NULL, NULL, NULL, '305.0000', 1, 242, 247, '', 0, NULL, 160, NULL, 1),
(616, '32', '', 'Botas RJ45 Negra', 'Lanpro', '5e', NULL, NULL, NULL, NULL, '100.0000', 100, 242, 251, NULL, NULL, NULL, 160, NULL, 1),
(617, '37', '', 'Cable Coaxial ', 'Perfect Vision', 'RG59', NULL, NULL, NULL, NULL, '305.0000', 1, 242, 247, '', 0, NULL, 160, NULL, 1),
(618, '33', '', 'Botas RJ45 Amarillo', 'Lanpro', '5e', NULL, NULL, NULL, NULL, '100.0000', 100, 242, 251, '', NULL, NULL, 160, NULL, 1),
(619, '34', '', 'Botas RJ45 Roja', 'Lanpro', '5e', NULL, NULL, NULL, NULL, '100.0000', 100, 242, 251, NULL, NULL, NULL, 160, NULL, 1),
(620, '38', '', 'Conector de presin', 'Perfect Vision', 'RG59', NULL, NULL, NULL, NULL, '100.0000', 100, 242, 248, NULL, NULL, NULL, 160, NULL, 1),
(621, '39', '', 'Conector RJ45', 'Lanpro', 'RJ45', NULL, NULL, NULL, NULL, '100.0000', 100, 242, 248, NULL, NULL, NULL, 160, NULL, 1),
(622, '40', '', 'Conector RJ11', 'Lanpro', 'RJ11', NULL, NULL, NULL, NULL, '100.0000', 100, 242, 248, NULL, NULL, NULL, 160, NULL, 1),
(623, '50', '', 'Tubo EMT 3/4', 'Fermetal', '3 Mts', NULL, NULL, NULL, NULL, '1.0000', 1, 250, 252, '', 0, NULL, 160, NULL, 1),
(624, '51', '', 'Tubo EMT 1', 'Fermetal', '3 Mts', NULL, NULL, NULL, NULL, '1.0000', 1, 250, 252, '', 0, NULL, 160, NULL, 1),
(625, '52', '', 'Tubo EMT 1 1/4', 'Fermetal', '3 Mts', NULL, NULL, NULL, NULL, '1.0000', 1, 250, 252, '', 0, NULL, 160, NULL, 1),
(626, '53', '', 'Tubo EMT 1 1/2', 'Fermetal', '3 Mts', NULL, NULL, NULL, NULL, '1.0000', 1, 250, 252, '', 0, NULL, 160, NULL, 1),
(627, '54', '', 'Tubo EMT 2', 'Fermetal', '3 Mts', NULL, NULL, NULL, NULL, '1.0000', 1, 250, 252, '', 0, NULL, 160, NULL, 1),
(628, '55', '', 'Tubo EMT 2 1/2"', 'Fermetal', '3 Mts', NULL, NULL, NULL, NULL, '1.0000', 1, 250, 252, '', 0, NULL, 160, NULL, 1),
(629, '56', '', 'Tubo EMT 3', 'Fermetal', '3 Mts', NULL, NULL, NULL, NULL, '1.0000', 1, 250, 252, '', 0, NULL, 160, NULL, 1),
(630, '57', '', 'Tubo EMT 3 1/2', 'Fermetal', '3 Mts', NULL, NULL, NULL, NULL, '1.0000', 1, 250, 252, '', 0, NULL, 160, NULL, 1),
(631, '58', '', 'Tubo EMT 4', 'Fermetal', '3 Mts', NULL, NULL, NULL, NULL, '1.0000', 1, 250, 252, '', 0, NULL, 160, NULL, 1),
(632, '100', '', 'Disco Duro 256GB ', 'Western Digital', '5400rpm SATA', NULL, NULL, NULL, NULL, '1.0000', 1, 246, 253, '', 0, NULL, 160, NULL, 1),
(633, '101', '', 'Disco Duro 256GB', 'Seagate', '5400rpm SATA', NULL, NULL, NULL, NULL, '1.0000', 1, 246, 253, '', 0, NULL, 160, NULL, 1),
(634, '102', '', 'Disco Duro 256GB', 'Hitachi', '5400rpm SATA', NULL, NULL, NULL, NULL, '1.0000', 1, 246, 253, '', 0, NULL, 160, NULL, 1),
(635, '41', '', 'Conector RJ12', 'Lanpro', 'RJ12', NULL, NULL, NULL, NULL, '100.0000', 100, 242, 248, NULL, NULL, NULL, 160, NULL, 1),
(636, '42', '', 'Conector RJ14', 'Lanpro', 'RJ14', NULL, NULL, NULL, NULL, '100.0000', 100, 242, 248, NULL, NULL, NULL, 160, NULL, 1),
(637, '103', '', 'Disco Duro 256GB', 'Samsung', '5400rpm SATA', NULL, NULL, NULL, NULL, '1.0000', 1, 246, 253, '', 0, NULL, 160, NULL, 1),
(638, '104', '', 'Disco Duro 500GB', 'Western Digital', '5400rpm SATA', NULL, NULL, NULL, NULL, '1.0000', 1, 246, 253, '', 0, NULL, 160, NULL, 1),
(639, '59', '', 'Cajetin EMT 2x4', 'Fermetal', 'Salida 1/2" y 3/4"', NULL, NULL, NULL, NULL, '1.0000', 1, 250, 255, '', 0, NULL, 160, NULL, 1),
(640, '105', '', 'Disco Duro 500GB', 'Seagate', '5400rpm SATA', NULL, NULL, NULL, NULL, '1.0000', 1, 246, 253, '', 0, NULL, 160, NULL, 1),
(641, '60', '', 'Cajetin EMT 4x4', 'Fermetal', 'Salida 1/2" y 3/4"', NULL, NULL, NULL, NULL, '1.0000', 1, 250, 255, '', 0, NULL, 160, NULL, 1),
(642, '106', '', 'Disco Duro 500GB', 'Hitachi', '5400rpm SATA', NULL, NULL, NULL, NULL, '1.0000', 1, 246, 253, '', 0, NULL, 160, NULL, 1),
(643, '107', '', 'Disco Duro 500GB', 'Samsung', '5400rpm SATA', NULL, NULL, NULL, NULL, '1.0000', 1, 246, 253, '', 0, NULL, 160, NULL, 1),
(644, '43', '', 'Face Plate 2 puertos', 'Lanpro', '2 Puertos', NULL, NULL, NULL, NULL, '1.0000', 1, 242, 256, '', 0, NULL, 160, NULL, 1),
(645, '61', '', 'Cajetin EMT 5x5', 'Fermetal', 'Salida 1" y 3/4"', NULL, NULL, NULL, NULL, '1.0000', 1, 250, 255, '', 0, NULL, 160, NULL, 1),
(646, '108', '', 'Disco Duro 1TB', 'Western Digital', '5400rpm SATA', NULL, NULL, NULL, NULL, '1.0000', 1, 246, 253, '', 0, NULL, 160, NULL, 1),
(647, '44', '', 'Face Plate 4 puerto', 'Lanpro', '4 Puertos', NULL, NULL, NULL, NULL, '1.0000', 1, 242, 256, '', 0, NULL, 160, NULL, 1),
(648, '109', '', 'Disco Duro 1TB', 'Seagate', '5400rpm SATA', NULL, NULL, NULL, NULL, '1.0000', 1, 246, 253, '', 0, NULL, 160, NULL, 1),
(649, '45', '', 'Face Plate 6 puerto', 'Lanpro', '6 Puertos', NULL, NULL, NULL, NULL, '1.0000', 1, 242, 256, '', 0, NULL, 160, NULL, 1),
(650, '110', '', 'Disco Duro 1TB', 'Hitachi', '5400rpm SATA', NULL, NULL, NULL, NULL, '1.0000', 1, 246, 253, '', 0, NULL, 160, NULL, 1),
(651, '62', '', 'Cajetin EMT 6x6x4', 'Fermetal', 'Salida 1.5", 1" 3/4"', NULL, NULL, NULL, NULL, '1.0000', 1, 250, 255, '', 0, NULL, 160, NULL, 1),
(652, '111', '', 'Disco Duro 1TB', 'Samsung', '5400rpm SATA', NULL, NULL, NULL, NULL, '1.0000', 1, 246, 253, '', 0, NULL, 160, NULL, 1),
(653, '63', '', 'Cajetin EMT 8x8x6', 'Fermetal', 'Salida 1.5", 1" 3/4"', NULL, NULL, NULL, NULL, '1.0000', 1, 250, 255, '', 0, NULL, 160, NULL, 1),
(654, '112', '', 'Disco Duro 1 1/5TB', 'Western Digital', '5400rpm SATA', NULL, NULL, NULL, NULL, '1.0000', 1, 246, 253, '', 0, NULL, 160, NULL, 1),
(655, '64', '', 'Cajetin EMT 10x10x4', 'Fermetal', 'Salida 1.5", 1" 3/4"', NULL, NULL, NULL, NULL, '1.0000', 1, 250, 255, '', 0, NULL, 160, NULL, 1),
(656, '65', '', 'Cajetin EMT 12x12x6', 'Fermetal', 'Salida 1.5", 1" 3/4"', NULL, NULL, NULL, NULL, '1.0000', 1, 250, 255, '', 0, NULL, 160, NULL, 1),
(657, '113', '', 'Disco Duro 1 1/5TB', 'Seagate', '5400rpm SATA', NULL, NULL, NULL, NULL, '1.0000', 1, 246, 253, '', 0, NULL, 160, NULL, 1),
(661, '114', '', 'Disco Duro 1 1/5TB', 'Hitachi', '5400rpm SATA', NULL, NULL, NULL, NULL, '1.0000', 1, 246, 253, '', 0, NULL, 160, NULL, 1),
(662, '115', '', 'Disco Duro 1 1/5TB', 'Samsung', '5400rpm SATA', NULL, NULL, NULL, NULL, '1.0000', 1, 246, 253, '', 0, NULL, 160, NULL, 1),
(664, '66', '', 'Cajetin EMT 16x16x6', 'Fermetal', 'Salida 1.5", 1" 3/4"', NULL, NULL, NULL, NULL, '1.0000', 1, 250, 255, '', 0, NULL, 160, NULL, 1),
(666, '67', '', 'Cajetin EMT 20x20x4', 'Fermetal', 'Salida 1.5", 1" 3/4"', NULL, NULL, NULL, NULL, '1.0000', 1, 250, 255, '', 0, NULL, 160, NULL, 1),
(667, '68', '', 'Conectores EMT 3/4', 'Fermetal', '3/4"', NULL, NULL, NULL, NULL, '1.0000', 1, 250, 257, '', 0, NULL, 160, NULL, 1),
(668, '69', '', 'Conectores EMT 1', 'Fermetal', '1"', NULL, NULL, NULL, NULL, '1.0000', 1, 250, 257, '', 0, NULL, 160, NULL, 1),
(669, '70', '', 'Conectores EMT 1, 1/4', 'Fermetal', '1, 1/4"', NULL, NULL, NULL, NULL, '1.0000', 1, 250, 257, '', 0, NULL, 160, NULL, 1),
(670, '71', '', 'Conectores EMT 2"', 'Fermetal', '2"', NULL, NULL, NULL, NULL, '1.0000', 1, 250, 257, '', 0, NULL, 160, NULL, 1),
(671, '72', '', 'Conectores EMT 3', 'Fermetal', '3"', NULL, NULL, NULL, NULL, '1.0000', 1, 250, 257, '', 0, NULL, 160, NULL, 1),
(672, '73', '', 'Conectores EMT 4', 'Fermetal', '4"', NULL, NULL, NULL, NULL, '1.0000', 1, 250, 257, '', 0, NULL, 160, NULL, 1),
(673, '74', '', 'Curva EMT 3/4', 'Fermetal', '3/4"', NULL, NULL, NULL, NULL, '1.0000', 1, 250, 258, '', 0, NULL, 160, NULL, 1),
(674, '75', '', 'Curva EMT 1', 'Fermetal', '1"', NULL, NULL, NULL, NULL, '1.0000', 1, 250, 258, '', 0, NULL, 160, NULL, 1),
(675, '76', '', 'Curva EMT 1, 1/4', 'Fermetal', '1, 1/4"', NULL, NULL, NULL, NULL, '1.0000', 1, 250, 258, '', 0, NULL, 160, NULL, 1),
(676, '77', '', 'Anillo EMT 3/4', 'Fermetal', '3/4"', NULL, NULL, NULL, NULL, '1.0000', 1, 250, 264, '', 0, NULL, 160, NULL, 1),
(677, '78', '', 'Anillo EMT 1', 'Fermetal', '1"', NULL, NULL, NULL, NULL, '1.0000', 1, 250, 264, '', 0, NULL, 160, NULL, 1),
(678, '79', '', 'Anillo EMT 1, 1/4', 'Fermetal', '1, 1/4"', NULL, NULL, NULL, NULL, '1.0000', 1, 250, 264, '', 0, NULL, 160, NULL, 1),
(679, '80', '', 'Anillo EMT 1, 1/2"', 'Fermetal', '1, 1/2"', NULL, NULL, NULL, NULL, '1.0000', 1, 250, 264, '', 0, NULL, 160, NULL, 1),
(680, '81', '', 'Anillo EMT 2"', 'Fermetal', '2"', NULL, NULL, NULL, NULL, '1.0000', 1, 250, 264, '', 0, NULL, 160, NULL, 1),
(681, '82', '', 'Anillo EMT 2, 1/2"', 'Fermetal', '2, 1/2"', NULL, NULL, NULL, NULL, '1.0000', 1, 250, 264, '', 0, NULL, 160, NULL, 1),
(682, '83', '', 'Anillo EMT 3"', 'Fermetal', '3"', NULL, NULL, NULL, NULL, '1.0000', 1, 250, 264, '', 0, NULL, 160, NULL, 1),
(683, '84', '', 'Anillo EMT 3, 1/2"', 'Fermetal', '3, 1/2"', NULL, NULL, NULL, NULL, '1.0000', 1, 250, 264, '', 0, NULL, 160, NULL, 1),
(684, '85', '', 'Anillo EMT 4"', 'Fermetal', '4"', NULL, NULL, NULL, NULL, '1.0000', 1, 250, 264, '', 0, NULL, 160, NULL, 1),
(685, '200', '', 'Alicate Electricista', 'Lobster', '8"', NULL, NULL, NULL, NULL, '1.0000', 1, 259, 268, '', 0, NULL, 160, NULL, 1),
(686, '86', '', 'Abrazadera EMT 3/4"', 'Fermetal', '3/4"', NULL, NULL, NULL, NULL, '1.0000', 1, 250, 269, '', 0, NULL, 160, NULL, 1),
(687, '201', '', 'Piqueta de corte ', 'Stanley', '6"', NULL, NULL, NULL, NULL, '1.0000', 1, 259, 268, '', 0, NULL, 160, NULL, 1),
(688, '87', '', 'Abrazadera EMT 1"', 'Fermetal', '1"', NULL, NULL, NULL, NULL, '1.0000', 1, 250, 269, '', 0, NULL, 160, NULL, 1),
(689, '88', '', 'Abrazadera EMT 1, 1/4"', 'Fermetal', '1, 1/4"', NULL, NULL, NULL, NULL, '1.0000', 1, 250, 269, '', 0, NULL, 160, NULL, 1),
(690, '89', '', 'Abrazadera EMT 1, 1/2"', 'Fermetal', '1, 1/2"', NULL, NULL, NULL, NULL, '1.0000', 1, 250, 269, '', 0, NULL, 160, NULL, 1),
(691, '90', '', 'Abrazadera EMT 2"', 'Fermetal', '2"', NULL, NULL, NULL, NULL, '1.0000', 1, 250, 269, '', 0, NULL, 160, NULL, 1),
(692, '91', '', 'Abrazadera EMT 2, 1/2"', 'Fermetal', '2, 1/2"', NULL, NULL, NULL, NULL, '1.0000', 1, 250, 269, '', 0, NULL, 160, NULL, 1),
(693, '92', '', 'Abrazadera EMT 3"', 'Fermetal', '3"', NULL, NULL, NULL, NULL, '1.0000', 1, 250, 269, '', 0, NULL, 160, NULL, 1),
(694, '93', '', 'Abrazadera EMT 3, 1/2"', 'Fermetal', '3, 1/2"', NULL, NULL, NULL, NULL, '1.0000', 1, 250, 269, '', 0, NULL, 160, NULL, 1),
(695, '94', '', 'Abrazadera EMT 4"', 'Fermetal', '4"', NULL, NULL, NULL, NULL, '1.0000', 1, 250, 269, '', 0, NULL, 160, NULL, 1),
(696, '95', '', 'Tuerca 1/4', 'Fermetal', '1/4"', NULL, NULL, NULL, NULL, '1.0000', 1, 250, 271, '', 0, NULL, 160, NULL, 1),
(697, '116', '', 'Tarjeta Madre 775', 'Intel', '775 DDRAM2', NULL, NULL, NULL, NULL, '1.0000', 1, 246, 270, '', 0, NULL, 160, NULL, 1),
(698, '96', '', 'Tuerca 5/6"', 'Fermetal', '5/6"', NULL, NULL, NULL, NULL, '1.0000', 1, 250, 271, '', 0, NULL, 160, NULL, 1),
(699, '117', '', 'Tarjeta Madre 775', 'Asus', '775 DDRAM2', NULL, NULL, NULL, NULL, '1.0000', 1, 246, 270, '', 0, NULL, 160, NULL, 1),
(700, '118', '', 'Tarjeta Madre 775', 'Biostar', '775 DDRAM2', NULL, NULL, NULL, NULL, '1.0000', 1, 246, 270, '', 0, NULL, 160, NULL, 1),
(701, '97', '', 'Tornillo 1/4"', 'Fermetal', '1"', NULL, NULL, NULL, NULL, '1.0000', 1, 250, 272, '', 0, NULL, 160, NULL, 1),
(702, '119', '', 'Tarjeta Madre 775', 'Gigabyte', '775 DDRAM2', NULL, NULL, NULL, NULL, '1.0000', 1, 246, 270, '', 0, NULL, 160, NULL, 1),
(703, '120', '', 'Tarjeta Madre 775', 'Foxcomn', '775 DDRAM2', NULL, NULL, NULL, NULL, '1.0000', 1, 246, 270, '', 0, NULL, 160, NULL, 1),
(704, '98', '', 'Ramplug 5/16', 'Fermetal', '5/16"', NULL, NULL, NULL, NULL, '1.0000', 1, 250, 273, '', 0, NULL, 160, NULL, 1),
(705, '202', '', 'Kit destornilladores 6 piezas', 'Stanley', 'Kit 6 piezas', NULL, NULL, NULL, NULL, '1.0000', 1, 259, 263, '', 0, NULL, 160, NULL, 1),
(706, '121', '', 'Tarjeta Madre 775', 'AsRock', '775 DDRAM2', NULL, NULL, NULL, NULL, '1.0000', 1, 246, 270, '', 0, NULL, 160, NULL, 1),
(707, '99', '', 'Arandela 5/16"', 'Fermetal', '5/16"', NULL, NULL, NULL, NULL, '1.0000', 1, 250, 274, '', 0, NULL, 160, NULL, 1),
(708, '122', '', 'Tarjeta Madre 1155', 'Intel', '1155 DDRAM3', NULL, NULL, NULL, NULL, '1.0000', 1, 246, 270, '', 0, NULL, 160, NULL, 1),
(709, '123', '', 'Tarjeta Madre 1155', 'Asus', '1155 DDRAM3', NULL, NULL, NULL, NULL, '1.0000', 1, 246, 270, '', 0, NULL, 160, NULL, 1),
(710, '124', '', 'Tarjeta Madre 1155', 'Biostar', '1155 DDRAM3', NULL, NULL, NULL, NULL, '1.0000', 1, 246, 270, '', 0, NULL, 160, NULL, 1),
(711, '125', '', 'Tarjeta Madre 1155', 'Gigabyte', '1155 DDRAM3', NULL, NULL, NULL, NULL, '1.0000', 1, 246, 270, '', 0, NULL, 160, NULL, 1),
(712, '126', '', 'Tarjeta Madre 1155', 'Foxcomn', '1155 DDRAM3', NULL, NULL, NULL, NULL, '1.0000', 1, 246, 270, '', 0, NULL, 160, NULL, 1),
(713, '127', '', 'Tarjeta Madre 1155', 'AsRock', '1155 DDRAM3', NULL, NULL, NULL, NULL, '1.0000', 1, 246, 270, '', 0, NULL, 160, NULL, 1),
(715, '128', '', 'Tarjeta Madre 1150', 'Intel', '1150 DDRAM3', NULL, NULL, NULL, NULL, '1.0000', 1, 246, 270, '', 0, NULL, 160, NULL, 1),
(716, '203', '', 'Arco de segueta ', 'Stanley', 'Arco sin hoja de Segueta ', NULL, NULL, NULL, NULL, '1.0000', 1, 259, 275, '', 0, NULL, 160, NULL, 1),
(717, '300', '', 'Tubo EMT 1"', 'Fermetal', '1"', NULL, NULL, NULL, NULL, '1.0000', 1, 250, 276, '', 0, NULL, 160, NULL, 1),
(718, '129', '', 'Tarjeta Madre 1150', 'Asus', '1150 DDRAM3', NULL, NULL, NULL, NULL, '1.0000', 1, 246, 270, '', 0, NULL, 160, NULL, 1),
(719, '130', '', 'Tarjeta Madre 1150', 'Biostar', '1150 DDRAM3', NULL, NULL, NULL, NULL, '1.0000', 1, 246, 270, '', 0, NULL, 160, NULL, 1),
(720, '131', '', 'Tarjeta Madre 1150', 'Gigabyte', '1150 DDRAM3', NULL, NULL, NULL, NULL, '1.0000', 1, 246, 270, '', 0, NULL, 160, NULL, 1),
(721, '132', '', 'Tarjeta Madre 1150', 'AsRock', '1150 DDRAM3', NULL, NULL, NULL, NULL, '1.0000', 1, 246, 270, '', 0, NULL, 160, NULL, 1),
(722, '133', '', 'Tarjeta Madre 1150', 'MSI', '1150 DDRAM3', NULL, NULL, NULL, NULL, '1.0000', 1, 246, 270, '', 0, NULL, 160, NULL, 1),
(723, '204', '', 'Hoja de segueta', 'Stanley', 'Hoja de segueta', NULL, NULL, NULL, NULL, '1.0000', 1, 259, 275, '', 0, NULL, 160, NULL, 1),
(725, '301', '', 'DVR 4 Canales', 'Hikvision', '4 Canales', NULL, NULL, NULL, NULL, '1.0000', 1, 245, 277, '', 0, NULL, 160, NULL, 1),
(726, '302', '', 'DVR 8 Canales', 'Hikvision', '8 Canales', NULL, NULL, NULL, NULL, '1.0000', 1, 245, 277, '', 0, NULL, 160, NULL, 1),
(727, '303', '', 'DVR 16 Canales', 'Hikvision', '16 Canales', NULL, NULL, NULL, NULL, '1.0000', 1, 245, 277, '', 0, NULL, 160, NULL, 1),
(740, 'ARDEGU0002', '', 'Producto Prueba', 'Prueba', ' 22f', 'par', 'f001', '14', 'rojo', '0.0000', 1, 213, 283, '', 0, NULL, 160, NULL, 1),
(741, 'ARDEGU0003', '', 'Kit Guantes Prueba', ' ', ' ', NULL, '', '13', '', '0.0000', 1, 213, 283, '', 0, 46, 161, NULL, 1),
(744, 'ARDEME0002', '', 'Ducto', 'J&J', ' ', NULL, '', 'M', 'purpura', '1200.0000', 1, 213, 310, 'Materialdescartable de todo tipo color purpura   vendido en cajaqs, resmas, pieza , etc.', 0, NULL, 160, NULL, 1),
(745, 'ARDEIN0003', '', 'lALO', ' ', ' ', NULL, '', 'LANDA', 'AMARILLO', '0.0000', 1, 213, 292, '', 0, 47, 161, NULL, 1),
(746, 'ARDEGU0004', '', 'Guantes de caucho', 'Harns', ' ', NULL, '', '10', 'Negro', '0.0000', 1, 213, 283, '', 0, NULL, 160, NULL, 1),
(749, 'ARDEGU0005', '', 'Kit Guante Latex', ' ', ' ', NULL, '', '10', 'Negro', '0.0000', 1, 213, 283, '', 0, 48, 161, NULL, 1),
(751, 'ARDEGU0006', '', 'Guantes de latex II', 'Hamrs', ' ', NULL, '', '14', 'rojo', '0.0000', 1, 213, 283, '', 0, NULL, 160, NULL, 1),
(752, 'ARDEGU0007', '', 'Kit Guantes Latex II', ' ', ' ', NULL, '', '12', 'Rojo', '0.0000', 1, 213, 283, '', 0, 49, 161, NULL, 1),
(755, 'ARDEGU0008', '', 'prueba', ' ', ' ', ' ', '', '', '', '1.0000', 1, 213, 283, '', 0, NULL, 160, NULL, 1),
(756, 'ARDEGA0002', '', 'gasa galenico', 'pruebas', '224', 'h44', '', '', '', '1.0000', 1, 213, 289, '', 0, NULL, 160, NULL, 1),
(757, 'ARDEGA0003', '', 'gasa gr', 'generica', 'gh-44', '234', '', '', 'blanco', '1.0000', 1, 213, 289, '', 0, NULL, 160, NULL, 1),
(759, 'ARDEGA0004', '', 'gasa p', ' ', 'g2-44', 'algodon', '', '', 'blanco', '1.0000', 1, 213, 289, '', 0, NULL, 160, NULL, 1),
(760, 'ARDEAG0022', '', 'aguja fina', ' ', '22-2w', 'fina', '', '', '', '1.0000', 1, 213, 149, '', 0, NULL, 160, NULL, 1),
(761, 'ARDEAG0023', '', 'aguja gruesa', ' ', '22-34', 'gruesa', '', '', '', '1.0000', 1, 213, 149, '', 0, NULL, 160, NULL, 1),
(762, 'ARDEAG0024', '', 'aguja gruesa', ' ', '22-h', 'gruesa', '', '', '', '1.0000', 1, 213, 149, '', 0, NULL, 160, NULL, 1),
(763, 'ARDEGU0009', '', 'Guantes XXX', 'XX', 'Prueba', 'Prueba', '', '', '', '1.0000', 1, 213, 283, '', 0, NULL, 160, NULL, 1),
(765, 'ARDEGU00010', '', 'guantes arm', 'harms', '3344', 'latex', '', '12', 'azul', '1.0000', 1, 213, 283, '', 0, NULL, 160, NULL, 1),
(767, 'ARDEES0004', '', 'esponja', 'scotch', 'metalica', 'standard', ' ', ' ', 'plateada', '1.0000', 1, 213, 304, '', 0, NULL, 160, NULL, 1),
(768, 'ARDEES0005', '', 'esponja2', 'scotch', 'metalico', 'standard', ' ', ' ', 'plateada', '1.0000', 1, 213, 304, '', 0, NULL, 160, NULL, 1),
(769, 'ARDEGA0005', '', 'Prueba XXX', 'XX', 'XXX', 'XXXX', ' ', '14', 'Negro', '1.0000', 1, 213, 289, '', 0, NULL, 160, NULL, 1),
(812, 'ARDEGU000011', ' ', 'Producto Prueba', 'Prueba2', ' 22f', 'par', 'f001', '14', 'rojo', '0.0000', 1, 213, 283, '', NULL, NULL, 160, NULL, 1),
(815, 'ARDEGU000012', ' ', 'Producto Prueba', 'Prueba3', ' 22f', 'par', 'f001', '14', 'rojo', '0.0000', 1, 213, 283, '', NULL, NULL, 160, NULL, 1);

-- --------------------------------------------------------

--
-- Table structure for table `mercancia_has_factura`
--

CREATE TABLE `mercancia_has_factura` (
  `id` int(11) NOT NULL,
  `factura_id` int(11) NOT NULL,
  `mercancia_id` int(11) NOT NULL,
  `cantidad` decimal(19,4) NOT NULL DEFAULT '1.0000',
  `cantidadx` int(11) NOT NULL DEFAULT '1',
  `unidad_medida_id` int(11) NOT NULL,
  `precio_unitario_um` decimal(19,4) NOT NULL DEFAULT '0.0000',
  `porc_impuesto` int(11) NOT NULL DEFAULT '0',
  `impuesto` decimal(19,4) NOT NULL DEFAULT '0.0000',
  `porc_descuento` int(11) NOT NULL DEFAULT '0',
  `descuento` decimal(19,4) NOT NULL DEFAULT '0.0000',
  `preciou_consumo` decimal(19,4) NOT NULL DEFAULT '0.0000',
  `devolucion` tinyint(1) NOT NULL DEFAULT '0',
  `cantidadNC` decimal(19,4) NOT NULL DEFAULT '0.0000',
  `precioNC` decimal(19,4) NOT NULL DEFAULT '0.0000',
  `comentario_devolucion` varchar(400) DEFAULT 'N/A',
  `fecha_devolucion` date DEFAULT NULL
) ENGINE=InnoDB DEFAULT CHARSET=utf8;

-- --------------------------------------------------------

--
-- Table structure for table `mercancia_has_modelo`
--

CREATE TABLE `mercancia_has_modelo` (
  `id` int(11) NOT NULL,
  `mercancia_id` int(11) NOT NULL,
  `modelo_id` int(11) NOT NULL
) ENGINE=InnoDB AUTO_INCREMENT=6 DEFAULT CHARSET=utf8;

--
-- Dumping data for table `mercancia_has_modelo`
--

INSERT INTO `mercancia_has_modelo` (`id`, `mercancia_id`, `modelo_id`) VALUES
(1, 740, 37),
(2, 745, 37),
(3, 744, 37),
(4, 741, 37),
(5, 114, 37);

-- --------------------------------------------------------

--
-- Table structure for table `mercancia_has_oc`
--

CREATE TABLE `mercancia_has_oc` (
  `id` int(11) NOT NULL,
  `orden_compra_id` int(11) NOT NULL,
  `mercancia_id` int(11) NOT NULL,
  `cantidad` decimal(19,4) NOT NULL DEFAULT '1.0000',
  `cantidadx` int(11) NOT NULL DEFAULT '1',
  `unidad_medida_id` int(11) NOT NULL,
  `precio_unitario_um` decimal(19,4) NOT NULL DEFAULT '0.0000',
  `porc_impuesto` int(11) NOT NULL DEFAULT '0',
  `impuesto` decimal(19,4) NOT NULL DEFAULT '0.0000',
  `porc_descuento` int(11) NOT NULL DEFAULT '0',
  `descuento` decimal(19,4) NOT NULL DEFAULT '0.0000',
  `preciou_consumo` decimal(19,4) NOT NULL DEFAULT '0.0000'
) ENGINE=InnoDB DEFAULT CHARSET=utf8;

-- --------------------------------------------------------

--
-- Table structure for table `mercancia_has_reposicion`
--

CREATE TABLE `mercancia_has_reposicion` (
  `id` int(11) NOT NULL,
  `cantidad` decimal(19,4) NOT NULL DEFAULT '0.0000',
  `cantidad_recibida` decimal(19,4) NOT NULL DEFAULT '0.0000',
  `precio` decimal(19,4) NOT NULL DEFAULT '0.0000',
  `ingrediente_id` int(11) NOT NULL,
  `unidad_medida_id` int(11) NOT NULL,
  `proveedor_id` int(11) DEFAULT '0',
  `reposicion_id` int(11) DEFAULT NULL,
  `lote` varchar(45) DEFAULT NULL,
  `fecha_vencimiento` date DEFAULT NULL
) ENGINE=InnoDB AUTO_INCREMENT=4 DEFAULT CHARSET=utf8;

--
-- Dumping data for table `mercancia_has_reposicion`
--

INSERT INTO `mercancia_has_reposicion` (`id`, `cantidad`, `cantidad_recibida`, `precio`, `ingrediente_id`, `unidad_medida_id`, `proveedor_id`, `reposicion_id`, `lote`, `fecha_vencimiento`) VALUES
(1, '1.0000', '0.0000', '0.0000', 1, 19, NULL, 1, NULL, NULL),
(2, '1.0000', '1.0000', '0.0000', 751, 19, NULL, 2, '123abc', '2018-12-31'),
(3, '1.0000', '0.0000', '0.0000', 751, 19, NULL, 3, NULL, NULL);

-- --------------------------------------------------------

--
-- Table structure for table `mercancia_has_unidad_negocio`
--

CREATE TABLE `mercancia_has_unidad_negocio` (
  `mercancia_id` int(11) NOT NULL,
  `unidad_negocio_id` int(11) NOT NULL DEFAULT '0',
  `codigo_modelo` varchar(45) DEFAULT NULL,
  `existencia` decimal(19,4) DEFAULT '0.0000',
  `stock_min` decimal(19,4) DEFAULT '0.0000',
  `stock_max` decimal(19,4) DEFAULT '0.0000',
  `status` tinyint(1) DEFAULT '0',
  `descripcion` text,
  `tipo_inventario_id` int(11) DEFAULT NULL,
  `punto_reorden` decimal(19,4) DEFAULT '0.0000',
  `tipo_almacenaje_id` int(11) DEFAULT NULL,
  `ancho` decimal(10,0) DEFAULT '0',
  `alto` int(11) DEFAULT '0',
  `largo` int(11) DEFAULT '0',
  `umvolumen_id` int(11) DEFAULT NULL,
  `zona` varchar(300) DEFAULT NULL,
  `pasillo` varchar(300) DEFAULT NULL,
  `cuadrante` varchar(300) DEFAULT NULL,
  `paleta` varchar(300) DEFAULT NULL,
  `rack` varchar(300) DEFAULT NULL,
  `columna` varchar(300) DEFAULT NULL,
  `estante` varchar(300) DEFAULT NULL,
  `entre_panio` varchar(300) DEFAULT NULL,
  `um_recepcion_id` int(11) NOT NULL,
  `um_despacho_id` int(11) NOT NULL,
  `um_sistema_id` int(11) NOT NULL,
  `cantumdespacho_x_cantumrecepcion` decimal(19,4) NOT NULL DEFAULT '0.0000',
  `cantumsistema_x_cantumdespacho` decimal(19,4) NOT NULL DEFAULT '0.0000',
  `periodo_requisicion_id` int(11) NOT NULL,
  `dia_requisicion_id` int(11) NOT NULL,
  `horas_requisicion` int(11) NOT NULL,
  `fecha_prox_mtto` date DEFAULT NULL,
  `existencia_cargada` tinyint(1) NOT NULL DEFAULT '0'
) ENGINE=InnoDB DEFAULT CHARSET=utf8;

--
-- Dumping data for table `mercancia_has_unidad_negocio`
--

INSERT INTO `mercancia_has_unidad_negocio` (`mercancia_id`, `unidad_negocio_id`, `codigo_modelo`, `existencia`, `stock_min`, `stock_max`, `status`, `descripcion`, `tipo_inventario_id`, `punto_reorden`, `tipo_almacenaje_id`, `ancho`, `alto`, `largo`, `umvolumen_id`, `zona`, `pasillo`, `cuadrante`, `paleta`, `rack`, `columna`, `estante`, `entre_panio`, `um_recepcion_id`, `um_despacho_id`, `um_sistema_id`, `cantumdespacho_x_cantumrecepcion`, `cantumsistema_x_cantumdespacho`, `periodo_requisicion_id`, `dia_requisicion_id`, `horas_requisicion`, `fecha_prox_mtto`, `existencia_cargada`) VALUES
(1, 515, NULL, '0.0000', '0.0000', '0.0000', 0, '', NULL, '0.0000', NULL, '0', 0, 0, NULL, NULL, NULL, NULL, NULL, NULL, NULL, NULL, NULL, 0, 0, 0, '0.0000', '0.0000', 0, 0, 0, NULL, 0),
(1, 516, NULL, '100000.0000', '0.0000', '5000.0000', 0, '', NULL, '0.0000', NULL, '0', 0, 0, NULL, NULL, NULL, NULL, NULL, NULL, NULL, NULL, NULL, 0, 0, 0, '0.0000', '0.0000', 0, 0, 0, NULL, 0),
(1, 522, NULL, '7.0000', '0.0000', '0.0000', 0, NULL, NULL, '0.0000', NULL, '0', 0, 0, NULL, NULL, 'SUR', NULL, NULL, NULL, NULL, '2', 'C', 0, 0, 0, '0.0000', '0.0000', 0, 0, 0, NULL, 0),
(2, 515, NULL, '0.0000', '0.0000', '0.0000', 0, '', NULL, '0.0000', NULL, '0', 0, 0, NULL, NULL, NULL, NULL, NULL, NULL, NULL, NULL, NULL, 0, 0, 0, '0.0000', '0.0000', 0, 0, 0, NULL, 0),
(2, 516, NULL, '0.0000', '0.0000', '10000.0000', 0, '', NULL, '0.0000', NULL, '0', 0, 0, NULL, NULL, NULL, NULL, NULL, NULL, NULL, NULL, NULL, 0, 0, 0, '0.0000', '0.0000', 0, 0, 0, NULL, 0),
(2, 522, NULL, '16.0000', '0.0000', '0.0000', 0, NULL, NULL, '0.0000', NULL, '0', 0, 0, NULL, NULL, 'SUR', NULL, NULL, NULL, NULL, '2', 'C', 0, 0, 0, '0.0000', '0.0000', 0, 0, 0, NULL, 0),
(3, 515, NULL, '0.0000', '0.0000', '0.0000', 0, '', NULL, '0.0000', NULL, '0', 0, 0, NULL, NULL, NULL, NULL, NULL, NULL, NULL, NULL, NULL, 0, 0, 0, '0.0000', '0.0000', 0, 0, 0, NULL, 0),
(3, 516, NULL, '0.0000', '0.0000', '1000.0000', 0, '', NULL, '0.0000', NULL, '0', 0, 0, NULL, NULL, NULL, NULL, NULL, NULL, NULL, NULL, NULL, 0, 0, 0, '0.0000', '0.0000', 0, 0, 0, NULL, 0),
(3, 522, NULL, '44.0000', '0.0000', '0.0000', 0, NULL, NULL, '0.0000', NULL, '0', 0, 0, NULL, NULL, 'SUR', NULL, NULL, NULL, NULL, '1', 'B', 0, 0, 0, '0.0000', '0.0000', 0, 0, 0, NULL, 0),
(4, 515, NULL, '0.0000', '0.0000', '0.0000', 0, '', NULL, '0.0000', NULL, '0', 0, 0, NULL, NULL, NULL, NULL, NULL, NULL, NULL, NULL, NULL, 0, 0, 0, '0.0000', '0.0000', 0, 0, 0, NULL, 0),
(4, 516, NULL, '0.0000', '0.0000', '2000.0000', 0, '', NULL, '0.0000', NULL, '0', 0, 0, NULL, NULL, NULL, NULL, NULL, NULL, NULL, NULL, NULL, 0, 0, 0, '0.0000', '0.0000', 0, 0, 0, NULL, 0),
(4, 522, NULL, '49.0000', '0.0000', '0.0000', 0, NULL, NULL, '0.0000', NULL, '0', 0, 0, NULL, NULL, 'SUR', NULL, NULL, NULL, NULL, '1', 'B', 0, 0, 0, '0.0000', '0.0000', 0, 0, 0, NULL, 0),
(5, 515, NULL, '0.0000', '0.0000', '0.0000', 0, '', NULL, '0.0000', NULL, '0', 0, 0, NULL, NULL, NULL, NULL, NULL, NULL, NULL, NULL, NULL, 0, 0, 0, '0.0000', '0.0000', 0, 0, 0, NULL, 0),
(5, 516, NULL, '0.0000', '0.0000', '10000.0000', 0, '', NULL, '0.0000', NULL, '0', 0, 0, NULL, NULL, NULL, NULL, NULL, NULL, NULL, NULL, NULL, 0, 0, 0, '0.0000', '0.0000', 0, 0, 0, NULL, 0),
(5, 522, NULL, '50.0000', '0.0000', '0.0000', 0, NULL, NULL, '0.0000', NULL, '0', 0, 0, NULL, NULL, 'SUR', NULL, NULL, NULL, NULL, '1', 'B', 0, 0, 0, '0.0000', '0.0000', 0, 0, 0, NULL, 0),
(6, 515, NULL, '0.0000', '0.0000', '0.0000', 0, '', NULL, '0.0000', NULL, '0', 0, 0, NULL, NULL, NULL, NULL, NULL, NULL, NULL, NULL, NULL, 0, 0, 0, '0.0000', '0.0000', 0, 0, 0, NULL, 0),
(6, 516, NULL, '0.0000', '0.0000', '15000.0000', 0, '', NULL, '0.0000', NULL, '0', 0, 0, NULL, NULL, NULL, NULL, NULL, NULL, NULL, NULL, NULL, 0, 0, 0, '0.0000', '0.0000', 0, 0, 0, NULL, 0),
(6, 522, NULL, '2.0000', '0.0000', '0.0000', 0, NULL, NULL, '0.0000', NULL, '0', 0, 0, NULL, NULL, 'SUR', NULL, NULL, NULL, NULL, '1', 'E', 0, 0, 0, '0.0000', '0.0000', 0, 0, 0, NULL, 0),
(7, 515, NULL, '0.0000', '0.0000', '0.0000', 0, '', NULL, '0.0000', NULL, '0', 0, 0, NULL, NULL, NULL, NULL, NULL, NULL, NULL, NULL, NULL, 0, 0, 0, '0.0000', '0.0000', 0, 0, 0, NULL, 0),
(7, 516, NULL, '0.0000', '0.0000', '12000.0000', 0, '', NULL, '0.0000', NULL, '0', 0, 0, NULL, NULL, NULL, NULL, NULL, NULL, NULL, NULL, NULL, 0, 0, 0, '0.0000', '0.0000', 0, 0, 0, NULL, 0),
(7, 522, NULL, '3.0000', '0.0000', '0.0000', 0, NULL, NULL, '0.0000', NULL, '0', 0, 0, NULL, NULL, 'SUR', NULL, NULL, NULL, NULL, '3', 'F', 0, 0, 0, '0.0000', '0.0000', 0, 0, 0, NULL, 0),
(8, 515, NULL, '0.0000', '0.0000', '0.0000', 0, '', NULL, '0.0000', NULL, '0', 0, 0, NULL, NULL, NULL, NULL, NULL, NULL, NULL, NULL, NULL, 0, 0, 0, '0.0000', '0.0000', 0, 0, 0, NULL, 0),
(8, 516, NULL, '0.0000', '0.0000', '0.0000', 0, '', NULL, '0.0000', NULL, '0', 0, 0, NULL, NULL, NULL, NULL, NULL, NULL, NULL, NULL, NULL, 0, 0, 0, '0.0000', '0.0000', 0, 0, 0, NULL, 0),
(8, 522, NULL, '6.0000', '0.0000', '0.0000', 0, NULL, NULL, '0.0000', NULL, '0', 0, 0, NULL, NULL, 'SUR', NULL, NULL, NULL, NULL, '3', 'F', 0, 0, 0, '0.0000', '0.0000', 0, 0, 0, NULL, 0),
(9, 515, NULL, '0.0000', '0.0000', '0.0000', 0, '', NULL, '0.0000', NULL, '0', 0, 0, NULL, NULL, NULL, NULL, NULL, NULL, NULL, NULL, NULL, 0, 0, 0, '0.0000', '0.0000', 0, 0, 0, NULL, 0),
(9, 516, NULL, '0.0000', '0.0000', '0.0000', 0, '', NULL, '0.0000', NULL, '0', 0, 0, NULL, NULL, NULL, NULL, NULL, NULL, NULL, NULL, NULL, 0, 0, 0, '0.0000', '0.0000', 0, 0, 0, NULL, 0),
(9, 522, NULL, '4.0000', '0.0000', '0.0000', 0, NULL, NULL, '0.0000', NULL, '0', 0, 0, NULL, NULL, 'SUR', NULL, NULL, NULL, NULL, '3', 'F', 0, 0, 0, '0.0000', '0.0000', 0, 0, 0, NULL, 0),
(10, 515, NULL, '0.0000', '0.0000', '0.0000', 0, '', NULL, '0.0000', NULL, '0', 0, 0, NULL, NULL, NULL, NULL, NULL, NULL, NULL, NULL, NULL, 0, 0, 0, '0.0000', '0.0000', 0, 0, 0, NULL, 0),
(10, 516, NULL, '0.0000', '0.0000', '0.0000', 0, '', NULL, '0.0000', NULL, '0', 0, 0, NULL, NULL, NULL, NULL, NULL, NULL, NULL, NULL, NULL, 0, 0, 0, '0.0000', '0.0000', 0, 0, 0, NULL, 0),
(10, 522, NULL, '400.0000', '0.0000', '0.0000', 0, NULL, NULL, '0.0000', NULL, '0', 0, 0, NULL, NULL, 'SUR', NULL, NULL, NULL, NULL, '1', 'A', 0, 0, 0, '0.0000', '0.0000', 0, 0, 0, NULL, 0),
(11, 515, NULL, '0.0000', '0.0000', '0.0000', 0, '', NULL, '0.0000', NULL, '0', 0, 0, NULL, NULL, NULL, NULL, NULL, NULL, NULL, NULL, NULL, 0, 0, 0, '0.0000', '0.0000', 0, 0, 0, NULL, 0),
(11, 516, NULL, '0.0000', '0.0000', '0.0000', 0, '', NULL, '0.0000', NULL, '0', 0, 0, NULL, NULL, NULL, NULL, NULL, NULL, NULL, NULL, NULL, 0, 0, 0, '0.0000', '0.0000', 0, 0, 0, NULL, 0),
(11, 522, NULL, '600.0000', '0.0000', '0.0000', 0, NULL, NULL, '0.0000', NULL, '0', 0, 0, NULL, NULL, 'SUR', NULL, NULL, NULL, NULL, '1', 'B', 0, 0, 0, '0.0000', '0.0000', 0, 0, 0, NULL, 0),
(12, 515, NULL, '0.0000', '0.0000', '0.0000', 0, '', NULL, '0.0000', NULL, '0', 0, 0, NULL, NULL, NULL, NULL, NULL, NULL, NULL, NULL, NULL, 0, 0, 0, '0.0000', '0.0000', 0, 0, 0, NULL, 0),
(12, 516, NULL, '0.0000', '0.0000', '0.0000', 0, '', NULL, '0.0000', NULL, '0', 0, 0, NULL, NULL, NULL, NULL, NULL, NULL, NULL, NULL, NULL, 0, 0, 0, '0.0000', '0.0000', 0, 0, 0, NULL, 0),
(12, 522, NULL, '800.0000', '0.0000', '0.0000', 0, NULL, NULL, '0.0000', NULL, '0', 0, 0, NULL, NULL, 'SUR', NULL, NULL, NULL, NULL, '1', 'E', 0, 0, 0, '0.0000', '0.0000', 0, 0, 0, NULL, 0),
(13, 515, NULL, '0.0000', '0.0000', '0.0000', 0, '', NULL, '0.0000', NULL, '0', 0, 0, NULL, NULL, NULL, NULL, NULL, NULL, NULL, NULL, NULL, 0, 0, 0, '0.0000', '0.0000', 0, 0, 0, NULL, 0),
(13, 516, NULL, '0.0000', '0.0000', '0.0000', 0, '', NULL, '0.0000', NULL, '0', 0, 0, NULL, NULL, NULL, NULL, NULL, NULL, NULL, NULL, NULL, 0, 0, 0, '0.0000', '0.0000', 0, 0, 0, NULL, 0),
(13, 522, NULL, '85.0000', '0.0000', '0.0000', 0, NULL, NULL, '0.0000', NULL, '0', 0, 0, NULL, NULL, 'SUR', NULL, NULL, NULL, NULL, '1', 'E', 0, 0, 0, '0.0000', '0.0000', 0, 0, 0, NULL, 0),
(14, 515, NULL, '0.0000', '0.0000', '0.0000', 0, '', NULL, '0.0000', NULL, '0', 0, 0, NULL, NULL, NULL, NULL, NULL, NULL, NULL, NULL, NULL, 0, 0, 0, '0.0000', '0.0000', 0, 0, 0, NULL, 0),
(14, 516, NULL, '0.0000', '0.0000', '0.0000', 0, '', NULL, '0.0000', NULL, '0', 0, 0, NULL, NULL, NULL, NULL, NULL, NULL, NULL, NULL, NULL, 0, 0, 0, '0.0000', '0.0000', 0, 0, 0, NULL, 0),
(14, 522, NULL, '900.0000', '0.0000', '0.0000', 0, NULL, NULL, '0.0000', NULL, '0', 0, 0, NULL, NULL, 'SUR', NULL, NULL, NULL, NULL, '1', 'F', 0, 0, 0, '0.0000', '0.0000', 0, 0, 0, NULL, 0),
(15, 515, NULL, '0.0000', '0.0000', '0.0000', 0, '', NULL, '0.0000', NULL, '0', 0, 0, NULL, NULL, NULL, NULL, NULL, NULL, NULL, NULL, NULL, 0, 0, 0, '0.0000', '0.0000', 0, 0, 0, NULL, 0),
(15, 516, NULL, '0.0000', '0.0000', '0.0000', 0, '', NULL, '0.0000', NULL, '0', 0, 0, NULL, NULL, NULL, NULL, NULL, NULL, NULL, NULL, NULL, 0, 0, 0, '0.0000', '0.0000', 0, 0, 0, NULL, 0),
(15, 522, NULL, '950.0000', '0.0000', '0.0000', 0, NULL, NULL, '0.0000', NULL, '0', 0, 0, NULL, NULL, 'SUR', NULL, NULL, NULL, NULL, '1', 'C', 0, 0, 0, '0.0000', '0.0000', 0, 0, 0, NULL, 0),
(16, 515, NULL, '0.0000', '0.0000', '0.0000', 0, '', NULL, '0.0000', NULL, '0', 0, 0, NULL, NULL, NULL, NULL, NULL, NULL, NULL, NULL, NULL, 0, 0, 0, '0.0000', '0.0000', 0, 0, 0, NULL, 0),
(16, 516, NULL, '0.0000', '0.0000', '0.0000', 0, '', NULL, '0.0000', NULL, '0', 0, 0, NULL, NULL, NULL, NULL, NULL, NULL, NULL, NULL, NULL, 0, 0, 0, '0.0000', '0.0000', 0, 0, 0, NULL, 0),
(16, 522, NULL, '16.0000', '0.0000', '0.0000', 0, NULL, NULL, '0.0000', NULL, '0', 0, 0, NULL, NULL, 'SUR', NULL, NULL, NULL, NULL, '1', 'D', 0, 0, 0, '0.0000', '0.0000', 0, 0, 0, NULL, 0),
(17, 515, NULL, '0.0000', '0.0000', '0.0000', 0, '', NULL, '0.0000', NULL, '0', 0, 0, NULL, NULL, NULL, NULL, NULL, NULL, NULL, NULL, NULL, 0, 0, 0, '0.0000', '0.0000', 0, 0, 0, NULL, 0),
(17, 516, NULL, '0.0000', '0.0000', '0.0000', 0, '', NULL, '0.0000', NULL, '0', 0, 0, NULL, NULL, NULL, NULL, NULL, NULL, NULL, NULL, NULL, 0, 0, 0, '0.0000', '0.0000', 0, 0, 0, NULL, 0),
(17, 522, NULL, '300.0000', '0.0000', '0.0000', 0, NULL, NULL, '0.0000', NULL, '0', 0, 0, NULL, NULL, 'SUR', NULL, NULL, NULL, NULL, '1', 'B', 0, 0, 0, '0.0000', '0.0000', 0, 0, 0, NULL, 0),
(18, 515, NULL, '0.0000', '0.0000', '0.0000', 0, '', NULL, '0.0000', NULL, '0', 0, 0, NULL, NULL, NULL, NULL, NULL, NULL, NULL, NULL, NULL, 0, 0, 0, '0.0000', '0.0000', 0, 0, 0, NULL, 0),
(18, 516, NULL, '0.0000', '0.0000', '0.0000', 0, '', NULL, '0.0000', NULL, '0', 0, 0, NULL, NULL, NULL, NULL, NULL, NULL, NULL, NULL, NULL, 0, 0, 0, '0.0000', '0.0000', 0, 0, 0, NULL, 0),
(18, 522, NULL, '100.0000', '0.0000', '0.0000', 0, NULL, NULL, '0.0000', NULL, '0', 0, 0, NULL, NULL, 'SUR', NULL, NULL, NULL, NULL, '2', 'B', 0, 0, 0, '0.0000', '0.0000', 0, 0, 0, NULL, 0),
(19, 515, NULL, '0.0000', '0.0000', '0.0000', 0, '', NULL, '0.0000', NULL, '0', 0, 0, NULL, NULL, NULL, NULL, NULL, NULL, NULL, NULL, NULL, 0, 0, 0, '0.0000', '0.0000', 0, 0, 0, NULL, 0),
(19, 516, NULL, '0.0000', '0.0000', '0.0000', 0, '', NULL, '0.0000', NULL, '0', 0, 0, NULL, NULL, NULL, NULL, NULL, NULL, NULL, NULL, NULL, 0, 0, 0, '0.0000', '0.0000', 0, 0, 0, NULL, 0),
(19, 522, NULL, '19.0000', '0.0000', '0.0000', 0, NULL, NULL, '0.0000', NULL, '0', 0, 0, NULL, NULL, 'SUR', NULL, NULL, NULL, NULL, '1', 'E', 0, 0, 0, '0.0000', '0.0000', 0, 0, 0, NULL, 0),
(20, 515, NULL, '0.0000', '0.0000', '0.0000', 0, '', NULL, '0.0000', NULL, '0', 0, 0, NULL, NULL, NULL, NULL, NULL, NULL, NULL, NULL, NULL, 0, 0, 0, '0.0000', '0.0000', 0, 0, 0, NULL, 0),
(20, 516, NULL, '0.0000', '0.0000', '0.0000', 0, '', NULL, '0.0000', NULL, '0', 0, 0, NULL, NULL, NULL, NULL, NULL, NULL, NULL, NULL, NULL, 0, 0, 0, '0.0000', '0.0000', 0, 0, 0, NULL, 0),
(20, 522, NULL, '100.0000', '0.0000', '0.0000', 0, NULL, NULL, '0.0000', NULL, '0', 0, 0, NULL, NULL, 'SUR', NULL, NULL, NULL, NULL, '1', 'E', 0, 0, 0, '0.0000', '0.0000', 0, 0, 0, NULL, 0),
(21, 515, NULL, '0.0000', '0.0000', '0.0000', 0, '', NULL, '0.0000', NULL, '0', 0, 0, NULL, NULL, NULL, NULL, NULL, NULL, NULL, NULL, NULL, 0, 0, 0, '0.0000', '0.0000', 0, 0, 0, NULL, 0),
(21, 516, NULL, '0.0000', '0.0000', '0.0000', 0, '', NULL, '0.0000', NULL, '0', 0, 0, NULL, NULL, NULL, NULL, NULL, NULL, NULL, NULL, NULL, 0, 0, 0, '0.0000', '0.0000', 0, 0, 0, NULL, 0),
(21, 522, NULL, '45.0000', '0.0000', '0.0000', 0, NULL, NULL, '0.0000', NULL, '0', 0, 0, NULL, NULL, 'SUR', NULL, NULL, NULL, NULL, '1', 'E', 0, 0, 0, '0.0000', '0.0000', 0, 0, 0, NULL, 0),
(22, 515, NULL, '0.0000', '0.0000', '0.0000', 0, '', NULL, '0.0000', NULL, '0', 0, 0, NULL, NULL, NULL, NULL, NULL, NULL, NULL, NULL, NULL, 0, 0, 0, '0.0000', '0.0000', 0, 0, 0, NULL, 0),
(22, 516, NULL, '0.0000', '0.0000', '0.0000', 0, '', NULL, '0.0000', NULL, '0', 0, 0, NULL, NULL, NULL, NULL, NULL, NULL, NULL, NULL, NULL, 0, 0, 0, '0.0000', '0.0000', 0, 0, 0, NULL, 0),
(22, 522, NULL, '125.0000', '0.0000', '0.0000', 0, NULL, NULL, '0.0000', NULL, '0', 0, 0, NULL, NULL, 'OESTE', NULL, '1', NULL, NULL, NULL, NULL, 0, 0, 0, '0.0000', '0.0000', 0, 0, 0, NULL, 0),
(23, 515, NULL, '0.0000', '0.0000', '0.0000', 0, '', NULL, '0.0000', NULL, '0', 0, 0, NULL, NULL, NULL, NULL, NULL, NULL, NULL, NULL, NULL, 0, 0, 0, '0.0000', '0.0000', 0, 0, 0, NULL, 0),
(23, 516, NULL, '0.0000', '0.0000', '0.0000', 0, '', NULL, '0.0000', NULL, '0', 0, 0, NULL, NULL, NULL, NULL, NULL, NULL, NULL, NULL, NULL, 0, 0, 0, '0.0000', '0.0000', 0, 0, 0, NULL, 0),
(23, 522, NULL, '100.0000', '0.0000', '0.0000', 0, NULL, NULL, '0.0000', NULL, '0', 0, 0, NULL, NULL, 'OESTE', NULL, '1', NULL, NULL, NULL, NULL, 0, 0, 0, '0.0000', '0.0000', 0, 0, 0, NULL, 0),
(24, 515, NULL, '0.0000', '0.0000', '0.0000', 0, '', NULL, '0.0000', NULL, '0', 0, 0, NULL, NULL, NULL, NULL, NULL, NULL, NULL, NULL, NULL, 0, 0, 0, '0.0000', '0.0000', 0, 0, 0, NULL, 0),
(24, 516, NULL, '0.0000', '0.0000', '0.0000', 0, '', NULL, '0.0000', NULL, '0', 0, 0, NULL, NULL, NULL, NULL, NULL, NULL, NULL, NULL, NULL, 0, 0, 0, '0.0000', '0.0000', 0, 0, 0, NULL, 0),
(24, 522, NULL, '7.0000', '0.0000', '0.0000', 0, NULL, NULL, '0.0000', NULL, '0', 0, 0, NULL, NULL, 'SUR', NULL, NULL, NULL, NULL, '3', 'C', 0, 0, 0, '0.0000', '0.0000', 0, 0, 0, NULL, 0),
(25, 515, NULL, '0.0000', '0.0000', '0.0000', 0, '', NULL, '0.0000', NULL, '0', 0, 0, NULL, NULL, NULL, NULL, NULL, NULL, NULL, NULL, NULL, 0, 0, 0, '0.0000', '0.0000', 0, 0, 0, NULL, 0),
(25, 516, NULL, '0.0000', '0.0000', '0.0000', 0, '', NULL, '0.0000', NULL, '0', 0, 0, NULL, NULL, NULL, NULL, NULL, NULL, NULL, NULL, NULL, 0, 0, 0, '0.0000', '0.0000', 0, 0, 0, NULL, 0),
(25, 522, NULL, '45000.0000', '0.0000', '0.0000', 0, NULL, NULL, '0.0000', NULL, '0', 0, 0, NULL, NULL, 'NORTE', NULL, '6', NULL, NULL, NULL, NULL, 0, 0, 0, '0.0000', '0.0000', 0, 0, 0, NULL, 0),
(26, 515, NULL, '0.0000', '0.0000', '0.0000', 0, '', NULL, '0.0000', NULL, '0', 0, 0, NULL, NULL, NULL, NULL, NULL, NULL, NULL, NULL, NULL, 0, 0, 0, '0.0000', '0.0000', 0, 0, 0, NULL, 0),
(26, 516, NULL, '0.0000', '0.0000', '0.0000', 0, '', NULL, '0.0000', NULL, '0', 0, 0, NULL, NULL, NULL, NULL, NULL, NULL, NULL, NULL, NULL, 0, 0, 0, '0.0000', '0.0000', 0, 0, 0, NULL, 0),
(26, 522, NULL, '21000.0000', '0.0000', '0.0000', 0, NULL, NULL, '0.0000', NULL, '0', 0, 0, NULL, NULL, 'NORTE', NULL, '10 Y 11', NULL, NULL, NULL, NULL, 0, 0, 0, '0.0000', '0.0000', 0, 0, 0, NULL, 0),
(27, 515, NULL, '0.0000', '0.0000', '0.0000', 0, '', NULL, '0.0000', NULL, '0', 0, 0, NULL, NULL, NULL, NULL, NULL, NULL, NULL, NULL, NULL, 0, 0, 0, '0.0000', '0.0000', 0, 0, 0, NULL, 0),
(27, 516, NULL, '0.0000', '0.0000', '0.0000', 0, '', NULL, '0.0000', NULL, '0', 0, 0, NULL, NULL, NULL, NULL, NULL, NULL, NULL, NULL, NULL, 0, 0, 0, '0.0000', '0.0000', 0, 0, 0, NULL, 0),
(27, 522, NULL, '1600.0000', '0.0000', '0.0000', 0, NULL, NULL, '0.0000', NULL, '0', 0, 0, NULL, NULL, 'SUR', NULL, NULL, NULL, NULL, '2', 'G', 0, 0, 0, '0.0000', '0.0000', 0, 0, 0, NULL, 0),
(28, 515, NULL, '0.0000', '0.0000', '0.0000', 0, '', NULL, '0.0000', NULL, '0', 0, 0, NULL, NULL, NULL, NULL, NULL, NULL, NULL, NULL, NULL, 0, 0, 0, '0.0000', '0.0000', 0, 0, 0, NULL, 0),
(28, 516, NULL, '0.0000', '0.0000', '0.0000', 0, '', NULL, '0.0000', NULL, '0', 0, 0, NULL, NULL, NULL, NULL, NULL, NULL, NULL, NULL, NULL, 0, 0, 0, '0.0000', '0.0000', 0, 0, 0, NULL, 0),
(28, 522, NULL, '2900.0000', '0.0000', '0.0000', 0, NULL, NULL, '0.0000', NULL, '0', 0, 0, NULL, NULL, 'SUR', NULL, NULL, NULL, NULL, '1', 'G', 0, 0, 0, '0.0000', '0.0000', 0, 0, 0, NULL, 0),
(29, 515, NULL, '0.0000', '0.0000', '0.0000', 0, '', NULL, '0.0000', NULL, '0', 0, 0, NULL, NULL, NULL, NULL, NULL, NULL, NULL, NULL, NULL, 0, 0, 0, '0.0000', '0.0000', 0, 0, 0, NULL, 0),
(29, 516, NULL, '0.0000', '0.0000', '0.0000', 0, '', NULL, '0.0000', NULL, '0', 0, 0, NULL, NULL, NULL, NULL, NULL, NULL, NULL, NULL, NULL, 0, 0, 0, '0.0000', '0.0000', 0, 0, 0, NULL, 0),
(29, 522, NULL, '2200.0000', '0.0000', '0.0000', 0, NULL, NULL, '0.0000', NULL, '0', 0, 0, NULL, NULL, 'SUR', NULL, NULL, NULL, NULL, '1', 'H', 0, 0, 0, '0.0000', '0.0000', 0, 0, 0, NULL, 0),
(30, 515, NULL, '0.0000', '0.0000', '0.0000', 0, '', NULL, '0.0000', NULL, '0', 0, 0, NULL, NULL, NULL, NULL, NULL, NULL, NULL, NULL, NULL, 0, 0, 0, '0.0000', '0.0000', 0, 0, 0, NULL, 0),
(30, 516, NULL, '0.0000', '0.0000', '0.0000', 0, '', NULL, '0.0000', NULL, '0', 0, 0, NULL, NULL, NULL, NULL, NULL, NULL, NULL, NULL, NULL, 0, 0, 0, '0.0000', '0.0000', 0, 0, 0, NULL, 0),
(30, 522, NULL, '3.0000', '0.0000', '0.0000', 0, NULL, NULL, '0.0000', NULL, '0', 0, 0, NULL, NULL, 'SUR', NULL, NULL, NULL, NULL, '2', 'A', 0, 0, 0, '0.0000', '0.0000', 0, 0, 0, NULL, 0),
(31, 515, NULL, '0.0000', '0.0000', '0.0000', 0, '', NULL, '0.0000', NULL, '0', 0, 0, NULL, NULL, NULL, NULL, NULL, NULL, NULL, NULL, NULL, 0, 0, 0, '0.0000', '0.0000', 0, 0, 0, NULL, 0),
(31, 516, NULL, '0.0000', '0.0000', '0.0000', 0, '', NULL, '0.0000', NULL, '0', 0, 0, NULL, NULL, NULL, NULL, NULL, NULL, NULL, NULL, NULL, 0, 0, 0, '0.0000', '0.0000', 0, 0, 0, NULL, 0),
(31, 522, NULL, '1.0000', '0.0000', '0.0000', 0, NULL, NULL, '0.0000', NULL, '0', 0, 0, NULL, NULL, 'SUR', NULL, NULL, NULL, NULL, '3', 'A', 0, 0, 0, '0.0000', '0.0000', 0, 0, 0, NULL, 0),
(32, 515, NULL, '0.0000', '0.0000', '0.0000', 0, '', NULL, '0.0000', NULL, '0', 0, 0, NULL, NULL, NULL, NULL, NULL, NULL, NULL, NULL, NULL, 0, 0, 0, '0.0000', '0.0000', 0, 0, 0, NULL, 0),
(32, 516, NULL, '0.0000', '0.0000', '0.0000', 0, '', NULL, '0.0000', NULL, '0', 0, 0, NULL, NULL, NULL, NULL, NULL, NULL, NULL, NULL, NULL, 0, 0, 0, '0.0000', '0.0000', 0, 0, 0, NULL, 0),
(32, 522, NULL, '1.0000', '0.0000', '0.0000', 0, NULL, NULL, '0.0000', NULL, '0', 0, 0, NULL, NULL, 'SUR', NULL, NULL, NULL, NULL, '4', 'A', 0, 0, 0, '0.0000', '0.0000', 0, 0, 0, NULL, 0),
(33, 515, NULL, '0.0000', '0.0000', '0.0000', 0, '', NULL, '0.0000', NULL, '0', 0, 0, NULL, NULL, NULL, NULL, NULL, NULL, NULL, NULL, NULL, 0, 0, 0, '0.0000', '0.0000', 0, 0, 0, NULL, 0),
(33, 516, NULL, '0.0000', '0.0000', '0.0000', 0, '', NULL, '0.0000', NULL, '0', 0, 0, NULL, NULL, NULL, NULL, NULL, NULL, NULL, NULL, NULL, 0, 0, 0, '0.0000', '0.0000', 0, 0, 0, NULL, 0),
(33, 522, NULL, '4.0000', '0.0000', '0.0000', 0, NULL, NULL, '0.0000', NULL, '0', 0, 0, NULL, NULL, 'SUR', NULL, NULL, NULL, NULL, '2', 'C', 0, 0, 0, '0.0000', '0.0000', 0, 0, 0, NULL, 0),
(34, 515, NULL, '0.0000', '0.0000', '0.0000', 0, '', NULL, '0.0000', NULL, '0', 0, 0, NULL, NULL, NULL, NULL, NULL, NULL, NULL, NULL, NULL, 0, 0, 0, '0.0000', '0.0000', 0, 0, 0, NULL, 0),
(34, 516, NULL, '0.0000', '0.0000', '0.0000', 0, '', NULL, '0.0000', NULL, '0', 0, 0, NULL, NULL, NULL, NULL, NULL, NULL, NULL, NULL, NULL, 0, 0, 0, '0.0000', '0.0000', 0, 0, 0, NULL, 0),
(34, 522, NULL, '108.0000', '0.0000', '0.0000', 0, NULL, NULL, '0.0000', NULL, '0', 0, 0, NULL, NULL, 'NORTE', NULL, '6', NULL, NULL, NULL, NULL, 0, 0, 0, '0.0000', '0.0000', 0, 0, 0, NULL, 0),
(35, 515, NULL, '4000.0000', '100.0000', '10000.0000', 0, '', NULL, '3000.0000', NULL, '0', 0, 0, NULL, NULL, NULL, NULL, NULL, NULL, NULL, NULL, NULL, 13, 13, 13, '0.0000', '0.0000', 0, 0, 0, NULL, 0),
(35, 516, NULL, '0.0000', '0.0000', '10000.0000', 0, '', NULL, '0.0000', NULL, '0', 0, 0, NULL, NULL, NULL, NULL, NULL, NULL, NULL, NULL, NULL, 0, 0, 0, '0.0000', '0.0000', 0, 0, 0, NULL, 0),
(35, 522, NULL, '1.0000', '0.0000', '0.0000', 0, NULL, NULL, '0.0000', NULL, '0', 0, 0, NULL, NULL, 'SUR', NULL, NULL, NULL, NULL, '1', 'D', 0, 0, 0, '0.0000', '0.0000', 0, 0, 0, NULL, 0),
(36, 515, NULL, '0.0000', '0.0000', '0.0000', 0, '', NULL, '0.0000', NULL, '0', 0, 0, NULL, NULL, NULL, NULL, NULL, NULL, NULL, NULL, NULL, 0, 0, 0, '0.0000', '0.0000', 0, 0, 0, NULL, 0),
(36, 516, NULL, '0.0000', '0.0000', '0.0000', 0, '', NULL, '0.0000', NULL, '0', 0, 0, NULL, NULL, NULL, NULL, NULL, NULL, NULL, NULL, NULL, 0, 0, 0, '0.0000', '0.0000', 0, 0, 0, NULL, 0),
(36, 522, NULL, '24.0000', '0.0000', '0.0000', 0, NULL, NULL, '0.0000', NULL, '0', 0, 0, NULL, NULL, 'SUR', NULL, NULL, NULL, NULL, '1', 'D', 0, 0, 0, '0.0000', '0.0000', 0, 0, 0, NULL, 0),
(37, 515, NULL, '0.0000', '0.0000', '0.0000', 0, '', NULL, '0.0000', NULL, '0', 0, 0, NULL, NULL, NULL, NULL, NULL, NULL, NULL, NULL, NULL, 0, 0, 0, '0.0000', '0.0000', 0, 0, 0, NULL, 0),
(37, 516, NULL, '0.0000', '0.0000', '0.0000', 0, '', NULL, '0.0000', NULL, '0', 0, 0, NULL, NULL, NULL, NULL, NULL, NULL, NULL, NULL, NULL, 0, 0, 0, '0.0000', '0.0000', 0, 0, 0, NULL, 0),
(37, 522, NULL, '7000.0000', '0.0000', '0.0000', 0, NULL, NULL, '0.0000', NULL, '0', 0, 0, NULL, NULL, 'ESTE', NULL, '16', NULL, NULL, NULL, NULL, 0, 0, 0, '0.0000', '0.0000', 0, 0, 0, NULL, 0),
(38, 515, NULL, '0.0000', '0.0000', '0.0000', 0, '', NULL, '0.0000', NULL, '0', 0, 0, NULL, NULL, NULL, NULL, NULL, NULL, NULL, NULL, NULL, 0, 0, 0, '0.0000', '0.0000', 0, 0, 0, NULL, 0),
(38, 516, NULL, '0.0000', '0.0000', '0.0000', 0, '', NULL, '0.0000', NULL, '0', 0, 0, NULL, NULL, NULL, NULL, NULL, NULL, NULL, NULL, NULL, 0, 0, 0, '0.0000', '0.0000', 0, 0, 0, NULL, 0),
(38, 522, NULL, '2000.0000', '0.0000', '0.0000', 0, NULL, NULL, '0.0000', NULL, '0', 0, 0, NULL, NULL, 'ESTE', NULL, '16', NULL, NULL, NULL, NULL, 0, 0, 0, '0.0000', '0.0000', 0, 0, 0, NULL, 0),
(39, 515, NULL, '0.0000', '0.0000', '0.0000', 0, '', NULL, '0.0000', NULL, '0', 0, 0, NULL, NULL, NULL, NULL, NULL, NULL, NULL, NULL, NULL, 0, 0, 0, '0.0000', '0.0000', 0, 0, 0, NULL, 0),
(39, 516, NULL, '0.0000', '0.0000', '0.0000', 0, '', NULL, '0.0000', NULL, '0', 0, 0, NULL, NULL, NULL, NULL, NULL, NULL, NULL, NULL, NULL, 0, 0, 0, '0.0000', '0.0000', 0, 0, 0, NULL, 0),
(39, 522, NULL, '7000.0000', '0.0000', '0.0000', 0, NULL, NULL, '0.0000', NULL, '0', 0, 0, NULL, NULL, 'ESTE', NULL, '16', NULL, NULL, NULL, NULL, 0, 0, 0, '0.0000', '0.0000', 0, 0, 0, NULL, 0),
(40, 515, NULL, '0.0000', '0.0000', '0.0000', 0, '', NULL, '0.0000', NULL, '0', 0, 0, NULL, NULL, NULL, NULL, NULL, NULL, NULL, NULL, NULL, 0, 0, 0, '0.0000', '0.0000', 0, 0, 0, NULL, 0),
(40, 516, NULL, '0.0000', '0.0000', '0.0000', 0, '', NULL, '0.0000', NULL, '0', 0, 0, NULL, NULL, NULL, NULL, NULL, NULL, NULL, NULL, NULL, 0, 0, 0, '0.0000', '0.0000', 0, 0, 0, NULL, 0),
(40, 522, NULL, '17.0000', '0.0000', '0.0000', 0, NULL, NULL, '0.0000', NULL, '0', 0, 0, NULL, NULL, 'SUR', NULL, NULL, NULL, NULL, '2', 'D', 0, 0, 0, '0.0000', '0.0000', 0, 0, 0, NULL, 0),
(41, 515, NULL, '0.0000', '0.0000', '0.0000', 0, '', NULL, '0.0000', NULL, '0', 0, 0, NULL, NULL, NULL, NULL, NULL, NULL, NULL, NULL, NULL, 0, 0, 0, '0.0000', '0.0000', 0, 0, 0, NULL, 0),
(41, 516, NULL, '0.0000', '0.0000', '0.0000', 0, '', NULL, '0.0000', NULL, '0', 0, 0, NULL, NULL, NULL, NULL, NULL, NULL, NULL, NULL, NULL, 0, 0, 0, '0.0000', '0.0000', 0, 0, 0, NULL, 0),
(41, 522, NULL, '2450.0000', '0.0000', '0.0000', 0, NULL, NULL, '0.0000', NULL, '0', 0, 0, NULL, NULL, 'SUR', NULL, NULL, NULL, NULL, '2', 'D', 0, 0, 0, '0.0000', '0.0000', 0, 0, 0, NULL, 0),
(42, 515, NULL, '0.0000', '0.0000', '0.0000', 0, '', NULL, '0.0000', NULL, '0', 0, 0, NULL, NULL, NULL, NULL, NULL, NULL, NULL, NULL, NULL, 0, 0, 0, '0.0000', '0.0000', 0, 0, 0, NULL, 0),
(42, 516, NULL, '0.0000', '0.0000', '0.0000', 0, '', NULL, '0.0000', NULL, '0', 0, 0, NULL, NULL, NULL, NULL, NULL, NULL, NULL, NULL, NULL, 0, 0, 0, '0.0000', '0.0000', 0, 0, 0, NULL, 0),
(42, 522, NULL, '26.0000', '0.0000', '0.0000', 0, NULL, NULL, '0.0000', NULL, '0', 0, 0, NULL, NULL, 'SUR', NULL, NULL, NULL, NULL, '2', 'E', 0, 0, 0, '0.0000', '0.0000', 0, 0, 0, NULL, 0),
(43, 515, NULL, '0.0000', '0.0000', '0.0000', 0, '', NULL, '0.0000', NULL, '0', 0, 0, NULL, NULL, NULL, NULL, NULL, NULL, NULL, NULL, NULL, 0, 0, 0, '0.0000', '0.0000', 0, 0, 0, NULL, 0),
(43, 516, NULL, '0.0000', '0.0000', '0.0000', 0, '', NULL, '0.0000', NULL, '0', 0, 0, NULL, NULL, NULL, NULL, NULL, NULL, NULL, NULL, NULL, 0, 0, 0, '0.0000', '0.0000', 0, 0, 0, NULL, 0),
(43, 522, NULL, '1150.0000', '0.0000', '0.0000', 0, NULL, NULL, '0.0000', NULL, '0', 0, 0, NULL, NULL, 'SUR', NULL, NULL, NULL, NULL, '2', 'E', 0, 0, 0, '0.0000', '0.0000', 0, 0, 0, NULL, 0),
(44, 515, NULL, '0.0000', '0.0000', '0.0000', 0, '', NULL, '0.0000', NULL, '0', 0, 0, NULL, NULL, NULL, NULL, NULL, NULL, NULL, NULL, NULL, 0, 0, 0, '0.0000', '0.0000', 0, 0, 0, NULL, 0),
(44, 516, NULL, '0.0000', '0.0000', '0.0000', 0, '', NULL, '0.0000', NULL, '0', 0, 0, NULL, NULL, NULL, NULL, NULL, NULL, NULL, NULL, NULL, 0, 0, 0, '0.0000', '0.0000', 0, 0, 0, NULL, 0),
(44, 522, NULL, '32.0000', '0.0000', '0.0000', 0, NULL, NULL, '0.0000', NULL, '0', 0, 0, NULL, NULL, 'SUR', NULL, NULL, NULL, NULL, '2', 'E', 0, 0, 0, '0.0000', '0.0000', 0, 0, 0, NULL, 0),
(45, 515, NULL, '0.0000', '0.0000', '0.0000', 0, '', NULL, '0.0000', NULL, '0', 0, 0, NULL, NULL, NULL, NULL, NULL, NULL, NULL, NULL, NULL, 0, 0, 0, '0.0000', '0.0000', 0, 0, 0, NULL, 0),
(45, 516, NULL, '0.0000', '0.0000', '0.0000', 0, '', NULL, '0.0000', NULL, '0', 0, 0, NULL, NULL, NULL, NULL, NULL, NULL, NULL, NULL, NULL, 0, 0, 0, '0.0000', '0.0000', 0, 0, 0, NULL, 0),
(45, 522, NULL, '550.0000', '0.0000', '0.0000', 0, NULL, NULL, '0.0000', NULL, '0', 0, 0, NULL, NULL, 'SUR', NULL, NULL, NULL, NULL, '2', 'E', 0, 0, 0, '0.0000', '0.0000', 0, 0, 0, NULL, 0),
(46, 515, NULL, '0.0000', '0.0000', '0.0000', 0, '', NULL, '0.0000', NULL, '0', 0, 0, NULL, NULL, NULL, NULL, NULL, NULL, NULL, NULL, NULL, 0, 0, 0, '0.0000', '0.0000', 0, 0, 0, NULL, 0),
(46, 516, NULL, '0.0000', '0.0000', '0.0000', 0, '', NULL, '0.0000', NULL, '0', 0, 0, NULL, NULL, NULL, NULL, NULL, NULL, NULL, NULL, NULL, 0, 0, 0, '0.0000', '0.0000', 0, 0, 0, NULL, 0),
(46, 522, NULL, '30.0000', '0.0000', '0.0000', 0, NULL, NULL, '0.0000', NULL, '0', 0, 0, NULL, NULL, 'SUR', NULL, NULL, NULL, NULL, '2', 'F', 0, 0, 0, '0.0000', '0.0000', 0, 0, 0, NULL, 0),
(47, 515, NULL, '0.0000', '0.0000', '0.0000', 0, '', NULL, '0.0000', NULL, '0', 0, 0, NULL, NULL, NULL, NULL, NULL, NULL, NULL, NULL, NULL, 0, 0, 0, '0.0000', '0.0000', 0, 0, 0, NULL, 0),
(47, 516, NULL, '0.0000', '0.0000', '0.0000', 0, '', NULL, '0.0000', NULL, '0', 0, 0, NULL, NULL, NULL, NULL, NULL, NULL, NULL, NULL, NULL, 0, 0, 0, '0.0000', '0.0000', 0, 0, 0, NULL, 0),
(47, 522, NULL, '1050.0000', '0.0000', '0.0000', 0, NULL, NULL, '0.0000', NULL, '0', 0, 0, NULL, NULL, 'SUR', NULL, NULL, NULL, NULL, '2', 'F', 0, 0, 0, '0.0000', '0.0000', 0, 0, 0, NULL, 0),
(48, 515, NULL, '0.0000', '0.0000', '0.0000', 0, '', NULL, '0.0000', NULL, '0', 0, 0, NULL, NULL, NULL, NULL, NULL, NULL, NULL, NULL, NULL, 0, 0, 0, '0.0000', '0.0000', 0, 0, 0, NULL, 0),
(48, 516, NULL, '0.0000', '0.0000', '0.0000', 0, '', NULL, '0.0000', NULL, '0', 0, 0, NULL, NULL, NULL, NULL, NULL, NULL, NULL, NULL, NULL, 0, 0, 0, '0.0000', '0.0000', 0, 0, 0, NULL, 0),
(48, 522, NULL, '150.0000', '0.0000', '0.0000', 0, NULL, NULL, '0.0000', NULL, '0', 0, 0, NULL, NULL, 'SUR', NULL, NULL, NULL, NULL, '4', 'E', 0, 0, 0, '0.0000', '0.0000', 0, 0, 0, NULL, 0),
(49, 515, NULL, '0.0000', '0.0000', '0.0000', 0, '', NULL, '0.0000', NULL, '0', 0, 0, NULL, NULL, NULL, NULL, NULL, NULL, NULL, NULL, NULL, 0, 0, 0, '0.0000', '0.0000', 0, 0, 0, NULL, 0),
(49, 516, NULL, '0.0000', '0.0000', '0.0000', 0, '', NULL, '0.0000', NULL, '0', 0, 0, NULL, NULL, NULL, NULL, NULL, NULL, NULL, NULL, NULL, 0, 0, 0, '0.0000', '0.0000', 0, 0, 0, NULL, 0),
(49, 522, NULL, '25.0000', '0.0000', '0.0000', 0, NULL, NULL, '0.0000', NULL, '0', 0, 0, NULL, NULL, 'SUR', NULL, NULL, NULL, NULL, '4', 'E', 0, 0, 0, '0.0000', '0.0000', 0, 0, 0, NULL, 0),
(50, 515, NULL, '0.0000', '0.0000', '0.0000', 0, '', NULL, '0.0000', NULL, '0', 0, 0, NULL, NULL, NULL, NULL, NULL, NULL, NULL, NULL, NULL, 0, 0, 0, '0.0000', '0.0000', 0, 0, 0, NULL, 0),
(50, 516, NULL, '0.0000', '0.0000', '0.0000', 0, '', NULL, '0.0000', NULL, '0', 0, 0, NULL, NULL, NULL, NULL, NULL, NULL, NULL, NULL, NULL, 0, 0, 0, '0.0000', '0.0000', 0, 0, 0, NULL, 0),
(50, 522, NULL, '11.0000', '0.0000', '0.0000', 0, NULL, NULL, '0.0000', NULL, '0', 0, 0, NULL, NULL, 'SUR', NULL, NULL, NULL, NULL, '4', 'E', 0, 0, 0, '0.0000', '0.0000', 0, 0, 0, NULL, 0),
(51, 515, NULL, '0.0000', '0.0000', '0.0000', 0, '', NULL, '0.0000', NULL, '0', 0, 0, NULL, NULL, NULL, NULL, NULL, NULL, NULL, NULL, NULL, 0, 0, 0, '0.0000', '0.0000', 0, 0, 0, NULL, 0),
(51, 516, NULL, '0.0000', '0.0000', '0.0000', 0, '', NULL, '0.0000', NULL, '0', 0, 0, NULL, NULL, NULL, NULL, NULL, NULL, NULL, NULL, NULL, 0, 0, 0, '0.0000', '0.0000', 0, 0, 0, NULL, 0),
(51, 522, NULL, '10.0000', '0.0000', '0.0000', 0, NULL, NULL, '0.0000', NULL, '0', 0, 0, NULL, NULL, 'SUR', NULL, NULL, NULL, NULL, '4', 'E', 0, 0, 0, '0.0000', '0.0000', 0, 0, 0, NULL, 0),
(52, 515, NULL, '0.0000', '0.0000', '0.0000', 0, '', NULL, '0.0000', NULL, '0', 0, 0, NULL, NULL, NULL, NULL, NULL, NULL, NULL, NULL, NULL, 0, 0, 0, '0.0000', '0.0000', 0, 0, 0, NULL, 0),
(52, 516, NULL, '0.0000', '0.0000', '0.0000', 0, '', NULL, '0.0000', NULL, '0', 0, 0, NULL, NULL, NULL, NULL, NULL, NULL, NULL, NULL, NULL, 0, 0, 0, '0.0000', '0.0000', 0, 0, 0, NULL, 0),
(52, 522, NULL, '25.0000', '0.0000', '0.0000', 0, NULL, NULL, '0.0000', NULL, '0', 0, 0, NULL, NULL, 'SUR', NULL, NULL, NULL, NULL, '4', 'A', 0, 0, 0, '0.0000', '0.0000', 0, 0, 0, NULL, 0),
(53, 515, NULL, '0.0000', '0.0000', '0.0000', 0, '', NULL, '0.0000', NULL, '0', 0, 0, NULL, NULL, NULL, NULL, NULL, NULL, NULL, NULL, NULL, 0, 0, 0, '0.0000', '0.0000', 0, 0, 0, NULL, 0),
(53, 516, NULL, '0.0000', '0.0000', '0.0000', 0, '', NULL, '0.0000', NULL, '0', 0, 0, NULL, NULL, NULL, NULL, NULL, NULL, NULL, NULL, NULL, 0, 0, 0, '0.0000', '0.0000', 0, 0, 0, NULL, 0),
(53, 522, NULL, '2.0000', '0.0000', '0.0000', 0, NULL, NULL, '0.0000', NULL, '0', 0, 0, NULL, NULL, 'SUR', NULL, NULL, NULL, NULL, '3', 'F', 0, 0, 0, '0.0000', '0.0000', 0, 0, 0, NULL, 0),
(54, 515, NULL, '0.0000', '0.0000', '0.0000', 0, '', NULL, '0.0000', NULL, '0', 0, 0, NULL, NULL, NULL, NULL, NULL, NULL, NULL, NULL, NULL, 0, 0, 0, '0.0000', '0.0000', 0, 0, 0, NULL, 0),
(54, 516, NULL, '0.0000', '0.0000', '0.0000', 0, '', NULL, '0.0000', NULL, '0', 0, 0, NULL, NULL, NULL, NULL, NULL, NULL, NULL, NULL, NULL, 0, 0, 0, '0.0000', '0.0000', 0, 0, 0, NULL, 0),
(54, 522, NULL, '76.0000', '0.0000', '0.0000', 0, NULL, NULL, '0.0000', NULL, '0', 0, 0, NULL, NULL, 'SUR', NULL, NULL, NULL, NULL, '1', 'E', 0, 0, 0, '0.0000', '0.0000', 0, 0, 0, NULL, 0),
(55, 515, NULL, '0.0000', '0.0000', '0.0000', 0, '', NULL, '0.0000', NULL, '0', 0, 0, NULL, NULL, NULL, NULL, NULL, NULL, NULL, NULL, NULL, 0, 0, 0, '0.0000', '0.0000', 0, 0, 0, NULL, 0),
(55, 516, NULL, '0.0000', '0.0000', '0.0000', 0, '', NULL, '0.0000', NULL, '0', 0, 0, NULL, NULL, NULL, NULL, NULL, NULL, NULL, NULL, NULL, 0, 0, 0, '0.0000', '0.0000', 0, 0, 0, NULL, 0),
(55, 522, NULL, '1500.0000', '0.0000', '0.0000', 0, NULL, NULL, '0.0000', NULL, '0', 0, 0, NULL, NULL, 'SUR', NULL, NULL, NULL, NULL, '1', 'F', 0, 0, 0, '0.0000', '0.0000', 0, 0, 0, NULL, 0),
(56, 515, NULL, '0.0000', '0.0000', '0.0000', 0, '', NULL, '0.0000', NULL, '0', 0, 0, NULL, NULL, NULL, NULL, NULL, NULL, NULL, NULL, NULL, 0, 0, 0, '0.0000', '0.0000', 0, 0, 0, NULL, 0),
(56, 516, NULL, '0.0000', '0.0000', '0.0000', 0, '', NULL, '0.0000', NULL, '0', 0, 0, NULL, NULL, NULL, NULL, NULL, NULL, NULL, NULL, NULL, 0, 0, 0, '0.0000', '0.0000', 0, 0, 0, NULL, 0),
(56, 522, NULL, '3.0000', '0.0000', '0.0000', 0, NULL, NULL, '0.0000', NULL, '0', 0, 0, NULL, NULL, 'SUR', NULL, NULL, NULL, NULL, '4', 'E', 0, 0, 0, '0.0000', '0.0000', 0, 0, 0, NULL, 0),
(57, 515, NULL, '0.0000', '0.0000', '0.0000', 0, '', NULL, '0.0000', NULL, '0', 0, 0, NULL, NULL, NULL, NULL, NULL, NULL, NULL, NULL, NULL, 0, 0, 0, '0.0000', '0.0000', 0, 0, 0, NULL, 0),
(57, 516, NULL, '0.0000', '0.0000', '0.0000', 0, '', NULL, '0.0000', NULL, '0', 0, 0, NULL, NULL, NULL, NULL, NULL, NULL, NULL, NULL, NULL, 0, 0, 0, '0.0000', '0.0000', 0, 0, 0, NULL, 0),
(57, 522, NULL, '30.0000', '0.0000', '0.0000', 0, NULL, NULL, '0.0000', NULL, '0', 0, 0, NULL, NULL, 'SUR', NULL, NULL, NULL, NULL, '4', 'E', 0, 0, 0, '0.0000', '0.0000', 0, 0, 0, NULL, 0),
(58, 515, NULL, '0.0000', '0.0000', '0.0000', 0, '', NULL, '0.0000', NULL, '0', 0, 0, NULL, NULL, NULL, NULL, NULL, NULL, NULL, NULL, NULL, 0, 0, 0, '0.0000', '0.0000', 0, 0, 0, NULL, 0),
(58, 516, NULL, '0.0000', '0.0000', '0.0000', 0, '', NULL, '0.0000', NULL, '0', 0, 0, NULL, NULL, NULL, NULL, NULL, NULL, NULL, NULL, NULL, 0, 0, 0, '0.0000', '0.0000', 0, 0, 0, NULL, 0),
(58, 522, NULL, '120.0000', '0.0000', '0.0000', 0, NULL, NULL, '0.0000', NULL, '0', 0, 0, NULL, NULL, 'SUR', NULL, NULL, NULL, NULL, '4', 'C', 0, 0, 0, '0.0000', '0.0000', 0, 0, 0, NULL, 0),
(59, 515, NULL, '0.0000', '0.0000', '0.0000', 0, '', NULL, '0.0000', NULL, '0', 0, 0, NULL, NULL, NULL, NULL, NULL, NULL, NULL, NULL, NULL, 0, 0, 0, '0.0000', '0.0000', 0, 0, 0, NULL, 0),
(59, 516, NULL, '0.0000', '0.0000', '0.0000', 0, '', NULL, '0.0000', NULL, '0', 0, 0, NULL, NULL, NULL, NULL, NULL, NULL, NULL, NULL, NULL, 0, 0, 0, '0.0000', '0.0000', 0, 0, 0, NULL, 0),
(59, 522, NULL, '50.0000', '0.0000', '0.0000', 0, NULL, NULL, '0.0000', NULL, '0', 0, 0, NULL, NULL, 'SUR', NULL, NULL, NULL, NULL, '4', 'D', 0, 0, 0, '0.0000', '0.0000', 0, 0, 0, NULL, 0),
(60, 515, NULL, '0.0000', '0.0000', '0.0000', 0, '', NULL, '0.0000', NULL, '0', 0, 0, NULL, NULL, NULL, NULL, NULL, NULL, NULL, NULL, NULL, 0, 0, 0, '0.0000', '0.0000', 0, 0, 0, NULL, 0),
(60, 516, NULL, '0.0000', '0.0000', '0.0000', 0, '', NULL, '0.0000', NULL, '0', 0, 0, NULL, NULL, NULL, NULL, NULL, NULL, NULL, NULL, NULL, 0, 0, 0, '0.0000', '0.0000', 0, 0, 0, NULL, 0),
(60, 522, NULL, '100.0000', '0.0000', '0.0000', 0, NULL, NULL, '0.0000', NULL, '0', 0, 0, NULL, NULL, 'SUR', NULL, NULL, NULL, NULL, '4', 'D', 0, 0, 0, '0.0000', '0.0000', 0, 0, 0, NULL, 0),
(61, 515, NULL, '0.0000', '0.0000', '0.0000', 0, '', NULL, '0.0000', NULL, '0', 0, 0, NULL, NULL, NULL, NULL, NULL, NULL, NULL, NULL, NULL, 0, 0, 0, '0.0000', '0.0000', 0, 0, 0, NULL, 0),
(61, 516, NULL, '0.0000', '0.0000', '0.0000', 0, '', NULL, '0.0000', NULL, '0', 0, 0, NULL, NULL, NULL, NULL, NULL, NULL, NULL, NULL, NULL, 0, 0, 0, '0.0000', '0.0000', 0, 0, 0, NULL, 0),
(61, 522, NULL, '2700.0000', '0.0000', '0.0000', 0, NULL, NULL, '0.0000', NULL, '0', 0, 0, NULL, NULL, 'OESTE', NULL, '1', NULL, NULL, NULL, NULL, 0, 0, 0, '0.0000', '0.0000', 0, 0, 0, NULL, 0),
(62, 515, NULL, '0.0000', '0.0000', '0.0000', 0, '', NULL, '0.0000', NULL, '0', 0, 0, NULL, NULL, NULL, NULL, NULL, NULL, NULL, NULL, NULL, 0, 0, 0, '0.0000', '0.0000', 0, 0, 0, NULL, 0),
(62, 516, NULL, '0.0000', '0.0000', '0.0000', 0, '', NULL, '0.0000', NULL, '0', 0, 0, NULL, NULL, NULL, NULL, NULL, NULL, NULL, NULL, NULL, 0, 0, 0, '0.0000', '0.0000', 0, 0, 0, NULL, 0),
(62, 522, NULL, '8.0000', '0.0000', '0.0000', 0, NULL, NULL, '0.0000', NULL, '0', 0, 0, NULL, NULL, 'SUR', NULL, NULL, NULL, NULL, '1', 'D', 0, 0, 0, '0.0000', '0.0000', 0, 0, 0, NULL, 0),
(63, 515, NULL, '0.0000', '0.0000', '0.0000', 0, '', NULL, '0.0000', NULL, '0', 0, 0, NULL, NULL, NULL, NULL, NULL, NULL, NULL, NULL, NULL, 0, 0, 0, '0.0000', '0.0000', 0, 0, 0, NULL, 0),
(63, 516, NULL, '0.0000', '0.0000', '0.0000', 0, '', NULL, '0.0000', NULL, '0', 0, 0, NULL, NULL, NULL, NULL, NULL, NULL, NULL, NULL, NULL, 0, 0, 0, '0.0000', '0.0000', 0, 0, 0, NULL, 0),
(63, 522, NULL, '10000.0000', '0.0000', '0.0000', 0, NULL, NULL, '0.0000', NULL, '0', 0, 0, NULL, NULL, 'NORTE', NULL, '6', NULL, NULL, NULL, NULL, 0, 0, 0, '0.0000', '0.0000', 0, 0, 0, NULL, 0),
(64, 515, NULL, '0.0000', '0.0000', '0.0000', 0, '', NULL, '0.0000', NULL, '0', 0, 0, NULL, NULL, NULL, NULL, NULL, NULL, NULL, NULL, NULL, 0, 0, 0, '0.0000', '0.0000', 0, 0, 0, NULL, 0),
(64, 516, NULL, '0.0000', '0.0000', '0.0000', 0, '', NULL, '0.0000', NULL, '0', 0, 0, NULL, NULL, NULL, NULL, NULL, NULL, NULL, NULL, NULL, 0, 0, 0, '0.0000', '0.0000', 0, 0, 0, NULL, 0),
(64, 522, NULL, '44.0000', '0.0000', '0.0000', 0, NULL, NULL, '0.0000', NULL, '0', 0, 0, NULL, NULL, 'SUR', NULL, NULL, NULL, NULL, '1', 'D', 0, 0, 0, '0.0000', '0.0000', 0, 0, 0, NULL, 0),
(65, 515, NULL, '0.0000', '0.0000', '0.0000', 0, '', NULL, '0.0000', NULL, '0', 0, 0, NULL, NULL, NULL, NULL, NULL, NULL, NULL, NULL, NULL, 0, 0, 0, '0.0000', '0.0000', 0, 0, 0, NULL, 0),
(65, 516, NULL, '0.0000', '0.0000', '0.0000', 0, '', NULL, '0.0000', NULL, '0', 0, 0, NULL, NULL, NULL, NULL, NULL, NULL, NULL, NULL, NULL, 0, 0, 0, '0.0000', '0.0000', 0, 0, 0, NULL, 0),
(65, 522, NULL, '100.0000', '0.0000', '0.0000', 0, NULL, NULL, '0.0000', NULL, '0', 0, 0, NULL, NULL, 'SUR', NULL, NULL, NULL, NULL, '1', 'E', 0, 0, 0, '0.0000', '0.0000', 0, 0, 0, NULL, 0),
(66, 515, NULL, '0.0000', '0.0000', '0.0000', 0, '', NULL, '0.0000', NULL, '0', 0, 0, NULL, NULL, NULL, NULL, NULL, NULL, NULL, NULL, NULL, 0, 0, 0, '0.0000', '0.0000', 0, 0, 0, NULL, 0),
(66, 516, NULL, '0.0000', '0.0000', '0.0000', 0, '', NULL, '0.0000', NULL, '0', 0, 0, NULL, NULL, NULL, NULL, NULL, NULL, NULL, NULL, NULL, 0, 0, 0, '0.0000', '0.0000', 0, 0, 0, NULL, 0),
(66, 522, NULL, '43.0000', '0.0000', '0.0000', 0, NULL, NULL, '0.0000', NULL, '0', 0, 0, NULL, NULL, 'SUR', NULL, NULL, NULL, NULL, '1', 'E', 0, 0, 0, '0.0000', '0.0000', 0, 0, 0, NULL, 0),
(67, 515, NULL, '0.0000', '0.0000', '0.0000', 0, '', NULL, '0.0000', NULL, '0', 0, 0, NULL, NULL, NULL, NULL, NULL, NULL, NULL, NULL, NULL, 0, 0, 0, '0.0000', '0.0000', 0, 0, 0, NULL, 0),
(67, 516, NULL, '0.0000', '0.0000', '0.0000', 0, '', NULL, '0.0000', NULL, '0', 0, 0, NULL, NULL, NULL, NULL, NULL, NULL, NULL, NULL, NULL, 0, 0, 0, '0.0000', '0.0000', 0, 0, 0, NULL, 0),
(67, 522, NULL, '1.0000', '0.0000', '0.0000', 0, NULL, NULL, '0.0000', NULL, '0', 0, 0, NULL, NULL, 'SUR', NULL, NULL, NULL, NULL, '1', 'F', 0, 0, 0, '0.0000', '0.0000', 0, 0, 0, NULL, 0),
(68, 515, NULL, '0.0000', '0.0000', '0.0000', 0, '', NULL, '0.0000', NULL, '0', 0, 0, NULL, NULL, NULL, NULL, NULL, NULL, NULL, NULL, NULL, 0, 0, 0, '0.0000', '0.0000', 0, 0, 0, NULL, 0),
(68, 516, NULL, '0.0000', '0.0000', '0.0000', 0, '', NULL, '0.0000', NULL, '0', 0, 0, NULL, NULL, NULL, NULL, NULL, NULL, NULL, NULL, NULL, 0, 0, 0, '0.0000', '0.0000', 0, 0, 0, NULL, 0),
(68, 522, NULL, '20800.0000', '0.0000', '0.0000', 0, NULL, NULL, '0.0000', NULL, '0', 0, 0, NULL, NULL, 'OESTE', NULL, '3', NULL, NULL, NULL, NULL, 0, 0, 0, '0.0000', '0.0000', 0, 0, 0, NULL, 0),
(69, 515, NULL, '0.0000', '0.0000', '0.0000', 0, '', NULL, '0.0000', NULL, '0', 0, 0, NULL, NULL, NULL, NULL, NULL, NULL, NULL, NULL, NULL, 0, 0, 0, '0.0000', '0.0000', 0, 0, 0, NULL, 0),
(69, 516, NULL, '0.0000', '0.0000', '0.0000', 0, '', NULL, '0.0000', NULL, '0', 0, 0, NULL, NULL, NULL, NULL, NULL, NULL, NULL, NULL, NULL, 0, 0, 0, '0.0000', '0.0000', 0, 0, 0, NULL, 0),
(69, 522, NULL, '28000.0000', '0.0000', '0.0000', 0, NULL, NULL, '0.0000', NULL, '0', 0, 0, NULL, NULL, 'OESTE', NULL, '4', NULL, NULL, NULL, NULL, 0, 0, 0, '0.0000', '0.0000', 0, 0, 0, NULL, 0),
(70, 515, NULL, '0.0000', '0.0000', '0.0000', 0, '', NULL, '0.0000', NULL, '0', 0, 0, NULL, NULL, NULL, NULL, NULL, NULL, NULL, NULL, NULL, 0, 0, 0, '0.0000', '0.0000', 0, 0, 0, NULL, 0),
(70, 516, NULL, '0.0000', '0.0000', '0.0000', 0, '', NULL, '0.0000', NULL, '0', 0, 0, NULL, NULL, NULL, NULL, NULL, NULL, NULL, NULL, NULL, 0, 0, 0, '0.0000', '0.0000', 0, 0, 0, NULL, 0),
(70, 522, NULL, '2400.0000', '0.0000', '0.0000', 0, NULL, NULL, '0.0000', NULL, '0', 0, 0, NULL, NULL, 'OESTE', NULL, '4', NULL, NULL, NULL, NULL, 0, 0, 0, '0.0000', '0.0000', 0, 0, 0, NULL, 0),
(71, 515, NULL, '0.0000', '0.0000', '0.0000', 0, '', NULL, '0.0000', NULL, '0', 0, 0, NULL, NULL, NULL, NULL, NULL, NULL, NULL, NULL, NULL, 0, 0, 0, '0.0000', '0.0000', 0, 0, 0, NULL, 0),
(71, 516, NULL, '0.0000', '0.0000', '0.0000', 0, '', NULL, '0.0000', NULL, '0', 0, 0, NULL, NULL, NULL, NULL, NULL, NULL, NULL, NULL, NULL, 0, 0, 0, '0.0000', '0.0000', 0, 0, 0, NULL, 0),
(71, 522, NULL, '19.0000', '0.0000', '0.0000', 0, NULL, NULL, '0.0000', NULL, '0', 0, 0, NULL, NULL, 'SUR', NULL, NULL, NULL, NULL, '2', 'C', 0, 0, 0, '0.0000', '0.0000', 0, 0, 0, NULL, 0),
(72, 515, NULL, '2000.0000', '1000.0000', '7000.0000', 0, '', NULL, '3000.0000', NULL, '0', 0, 0, NULL, NULL, NULL, NULL, NULL, NULL, NULL, NULL, NULL, 0, 0, 0, '0.0000', '0.0000', 0, 0, 0, NULL, 0),
(72, 516, NULL, '0.0000', '0.0000', '0.0000', 0, '', NULL, '0.0000', NULL, '0', 0, 0, NULL, NULL, NULL, NULL, NULL, NULL, NULL, NULL, NULL, 0, 0, 0, '0.0000', '0.0000', 0, 0, 0, NULL, 0),
(72, 522, NULL, '1.0000', '0.0000', '0.0000', 0, NULL, NULL, '0.0000', NULL, '0', 0, 0, NULL, NULL, 'SUR', NULL, NULL, NULL, NULL, '1', 'A', 0, 0, 0, '0.0000', '0.0000', 0, 0, 0, NULL, 0),
(73, 515, NULL, '0.0000', '0.0000', '0.0000', 0, '', NULL, '0.0000', NULL, '0', 0, 0, NULL, NULL, NULL, NULL, NULL, NULL, NULL, NULL, NULL, 0, 0, 0, '0.0000', '0.0000', 0, 0, 0, NULL, 0),
(73, 516, NULL, '0.0000', '0.0000', '0.0000', 0, '', NULL, '0.0000', NULL, '0', 0, 0, NULL, NULL, NULL, NULL, NULL, NULL, NULL, NULL, NULL, 0, 0, 0, '0.0000', '0.0000', 0, 0, 0, NULL, 0),
(73, 522, NULL, '22000.0000', '0.0000', '0.0000', 0, NULL, NULL, '0.0000', NULL, '0', 0, 0, NULL, NULL, 'NORTE', NULL, '5', NULL, NULL, NULL, NULL, 0, 0, 0, '0.0000', '0.0000', 0, 0, 0, NULL, 0),
(74, 515, NULL, '0.0000', '0.0000', '0.0000', 0, '', NULL, '0.0000', NULL, '0', 0, 0, NULL, NULL, NULL, NULL, NULL, NULL, NULL, NULL, NULL, 0, 0, 0, '0.0000', '0.0000', 0, 0, 0, NULL, 0),
(74, 516, NULL, '100.0000', '0.0000', '0.0000', 0, '', NULL, '0.0000', NULL, '0', 0, 0, NULL, NULL, NULL, NULL, NULL, NULL, NULL, NULL, NULL, 0, 0, 0, '0.0000', '0.0000', 0, 0, 0, NULL, 0),
(74, 520, NULL, '0.0000', '0.0000', '0.0000', 0, NULL, NULL, '0.0000', NULL, '0', 0, 0, NULL, NULL, NULL, NULL, NULL, NULL, NULL, NULL, NULL, 0, 0, 0, '0.0000', '0.0000', 0, 0, 0, NULL, 0),
(74, 522, NULL, '75.0000', '1.0000', '1.0000', 0, NULL, 164, '10.0000', 237, '1000', 1900, 10000, 32, 'jgh', 'SUR', 'cvhj', '', 'bn', 'vb', '1', 'A', 0, 0, 0, '0.0000', '0.0000', 0, 0, 0, NULL, 0),
(75, 515, NULL, '0.0000', '0.0000', '0.0000', 0, '', NULL, '0.0000', NULL, '0', 0, 0, NULL, NULL, NULL, NULL, NULL, NULL, NULL, NULL, NULL, 0, 0, 0, '0.0000', '0.0000', 0, 0, 0, NULL, 0),
(75, 516, NULL, '0.0000', '0.0000', '0.0000', 0, '', NULL, '0.0000', NULL, '0', 0, 0, NULL, NULL, NULL, NULL, NULL, NULL, NULL, NULL, NULL, 0, 0, 0, '0.0000', '0.0000', 0, 0, 0, NULL, 0),
(75, 522, NULL, '200.0000', '0.0000', '0.0000', 0, NULL, NULL, '0.0000', NULL, '0', 0, 0, NULL, NULL, 'SUR', NULL, NULL, NULL, NULL, '1', 'B', 0, 0, 0, '0.0000', '0.0000', 0, 0, 0, NULL, 0),
(76, 515, NULL, '0.0000', '0.0000', '0.0000', 0, '', NULL, '0.0000', NULL, '0', 0, 0, NULL, NULL, NULL, NULL, NULL, NULL, NULL, NULL, NULL, 0, 0, 0, '0.0000', '0.0000', 0, 0, 0, NULL, 0),
(76, 516, NULL, '0.0000', '0.0000', '0.0000', 0, '', NULL, '0.0000', NULL, '0', 0, 0, NULL, NULL, NULL, NULL, NULL, NULL, NULL, NULL, NULL, 0, 0, 0, '0.0000', '0.0000', 0, 0, 0, NULL, 0),
(76, 522, NULL, '135.0000', '0.0000', '0.0000', 0, NULL, NULL, '0.0000', NULL, '0', 0, 0, NULL, NULL, 'SUR', NULL, NULL, NULL, NULL, '3', 'B', 0, 0, 0, '0.0000', '0.0000', 0, 0, 0, NULL, 0),
(77, 522, NULL, '14850.0000', '0.0000', '0.0000', 0, NULL, NULL, '0.0000', NULL, '0', 0, 0, NULL, NULL, 'NORTE', NULL, '6 Y 7', NULL, NULL, NULL, NULL, 0, 0, 0, '0.0000', '0.0000', 0, 0, 0, NULL, 0),
(78, 515, NULL, '0.0000', '0.0000', '0.0000', 0, '', NULL, '0.0000', NULL, '0', 0, 0, NULL, NULL, NULL, NULL, NULL, NULL, NULL, NULL, NULL, 0, 0, 0, '0.0000', '0.0000', 0, 0, 0, NULL, 0),
(78, 516, NULL, '0.0000', '0.0000', '0.0000', 0, '', NULL, '0.0000', NULL, '0', 0, 0, NULL, NULL, NULL, NULL, NULL, NULL, NULL, NULL, NULL, 0, 0, 0, '0.0000', '0.0000', 0, 0, 0, NULL, 0),
(78, 522, NULL, '700.0000', '0.0000', '0.0000', 0, NULL, NULL, '0.0000', NULL, '0', 0, 0, NULL, NULL, 'NORTE', NULL, '6 Y 7', NULL, NULL, NULL, NULL, 0, 0, 0, '0.0000', '0.0000', 0, 0, 0, NULL, 0),
(79, 515, NULL, '0.0000', '0.0000', '0.0000', 0, '', NULL, '0.0000', NULL, '0', 0, 0, NULL, NULL, NULL, NULL, NULL, NULL, NULL, NULL, NULL, 0, 0, 0, '0.0000', '0.0000', 0, 0, 0, NULL, 0),
(79, 516, NULL, '0.0000', '0.0000', '0.0000', 0, '', NULL, '0.0000', NULL, '0', 0, 0, NULL, NULL, NULL, NULL, NULL, NULL, NULL, NULL, NULL, 0, 0, 0, '0.0000', '0.0000', 0, 0, 0, NULL, 0),
(79, 522, NULL, '350.0000', '0.0000', '0.0000', 0, NULL, NULL, '0.0000', NULL, '0', 0, 0, NULL, NULL, 'NORTE', NULL, '6 Y 7', NULL, NULL, NULL, NULL, 0, 0, 0, '0.0000', '0.0000', 0, 0, 0, NULL, 0),
(80, 515, NULL, '0.0000', '0.0000', '0.0000', 0, '', NULL, '0.0000', NULL, '0', 0, 0, NULL, NULL, NULL, NULL, NULL, NULL, NULL, NULL, NULL, 0, 0, 0, '0.0000', '0.0000', 0, 0, 0, NULL, 0),
(80, 516, NULL, '0.0000', '0.0000', '0.0000', 0, '', NULL, '0.0000', NULL, '0', 0, 0, NULL, NULL, NULL, NULL, NULL, NULL, NULL, NULL, NULL, 0, 0, 0, '0.0000', '0.0000', 0, 0, 0, NULL, 0),
(80, 522, NULL, '1050.0000', '0.0000', '0.0000', 0, NULL, NULL, '0.0000', NULL, '0', 0, 0, NULL, NULL, 'NORTE', NULL, '6 Y 7', NULL, NULL, NULL, NULL, 0, 0, 0, '0.0000', '0.0000', 0, 0, 0, NULL, 0),
(81, 515, NULL, '0.0000', '0.0000', '0.0000', 0, '', NULL, '0.0000', NULL, '0', 0, 0, NULL, NULL, NULL, NULL, NULL, NULL, NULL, NULL, NULL, 0, 0, 0, '0.0000', '0.0000', 0, 0, 0, NULL, 0),
(81, 516, NULL, '0.0000', '0.0000', '0.0000', 0, '', NULL, '0.0000', NULL, '0', 0, 0, NULL, NULL, NULL, NULL, NULL, NULL, NULL, NULL, NULL, 0, 0, 0, '0.0000', '0.0000', 0, 0, 0, NULL, 0),
(81, 522, NULL, '22000.0000', '0.0000', '0.0000', 0, NULL, NULL, '0.0000', NULL, '0', 0, 0, NULL, NULL, 'NORTE', NULL, '6 Y 7', NULL, NULL, NULL, NULL, 0, 0, 0, '0.0000', '0.0000', 0, 0, 0, NULL, 0),
(82, 515, NULL, '0.0000', '0.0000', '0.0000', 0, '', NULL, '0.0000', NULL, '0', 0, 0, NULL, NULL, NULL, NULL, NULL, NULL, NULL, NULL, NULL, 0, 0, 0, '0.0000', '0.0000', 0, 0, 0, NULL, 0),
(82, 516, NULL, '0.0000', '0.0000', '0.0000', 0, '', NULL, '0.0000', NULL, '0', 0, 0, NULL, NULL, NULL, NULL, NULL, NULL, NULL, NULL, NULL, 0, 0, 0, '0.0000', '0.0000', 0, 0, 0, NULL, 0),
(82, 522, NULL, '1.0000', '0.0000', '0.0000', 0, NULL, NULL, '0.0000', NULL, '0', 0, 0, NULL, NULL, 'NORTE', NULL, NULL, NULL, NULL, '3', 'B', 0, 0, 0, '0.0000', '0.0000', 0, 0, 0, NULL, 0),
(83, 515, NULL, '0.0000', '0.0000', '0.0000', 0, '', NULL, '0.0000', NULL, '0', 0, 0, NULL, NULL, NULL, NULL, NULL, NULL, NULL, NULL, NULL, 0, 0, 0, '0.0000', '0.0000', 0, 0, 0, NULL, 0),
(83, 516, NULL, '0.0000', '0.0000', '0.0000', 0, '', NULL, '0.0000', NULL, '0', 0, 0, NULL, NULL, NULL, NULL, NULL, NULL, NULL, NULL, NULL, 0, 0, 0, '0.0000', '0.0000', 0, 0, 0, NULL, 0),
(83, 522, NULL, '900.0000', '0.0000', '0.0000', 0, NULL, NULL, '0.0000', NULL, '0', 0, 0, NULL, NULL, 'NORTE', NULL, '9', NULL, NULL, NULL, NULL, 0, 0, 0, '0.0000', '0.0000', 0, 0, 0, NULL, 0),
(84, 515, NULL, '0.0000', '0.0000', '0.0000', 0, '', NULL, '0.0000', NULL, '0', 0, 0, NULL, NULL, NULL, NULL, NULL, NULL, NULL, NULL, NULL, 0, 0, 0, '0.0000', '0.0000', 0, 0, 0, NULL, 0),
(84, 516, NULL, '0.0000', '0.0000', '0.0000', 0, '', NULL, '0.0000', NULL, '0', 0, 0, NULL, NULL, NULL, NULL, NULL, NULL, NULL, NULL, NULL, 0, 0, 0, '0.0000', '0.0000', 0, 0, 0, NULL, 0),
(84, 522, NULL, '900.0000', '0.0000', '0.0000', 0, NULL, NULL, '0.0000', NULL, '0', 0, 0, NULL, NULL, 'NORTE', NULL, '9', NULL, NULL, NULL, NULL, 0, 0, 0, '0.0000', '0.0000', 0, 0, 0, NULL, 0),
(85, 515, NULL, '0.0000', '0.0000', '0.0000', 0, '', NULL, '0.0000', NULL, '0', 0, 0, NULL, NULL, NULL, NULL, NULL, NULL, NULL, NULL, NULL, 0, 0, 0, '0.0000', '0.0000', 0, 0, 0, NULL, 0),
(85, 516, NULL, '0.0000', '0.0000', '0.0000', 0, '', NULL, '0.0000', NULL, '0', 0, 0, NULL, NULL, NULL, NULL, NULL, NULL, NULL, NULL, NULL, 0, 0, 0, '0.0000', '0.0000', 0, 0, 0, NULL, 0),
(85, 522, NULL, '100.0000', '0.0000', '0.0000', 0, NULL, NULL, '0.0000', NULL, '0', 0, 0, NULL, NULL, 'NORTE', NULL, '9', NULL, NULL, NULL, NULL, 0, 0, 0, '0.0000', '0.0000', 0, 0, 0, NULL, 0),
(86, 515, NULL, '0.0000', '0.0000', '0.0000', 0, '', NULL, '0.0000', NULL, '0', 0, 0, NULL, NULL, NULL, NULL, NULL, NULL, NULL, NULL, NULL, 0, 0, 0, '0.0000', '0.0000', 0, 0, 0, NULL, 0),
(86, 516, NULL, '0.0000', '0.0000', '0.0000', 0, '', NULL, '0.0000', NULL, '0', 0, 0, NULL, NULL, NULL, NULL, NULL, NULL, NULL, NULL, NULL, 0, 0, 0, '0.0000', '0.0000', 0, 0, 0, NULL, 0),
(86, 522, NULL, '10.0000', '0.0000', '0.0000', 0, NULL, NULL, '0.0000', NULL, '0', 0, 0, NULL, NULL, 'NORTE', NULL, NULL, NULL, NULL, '5', 'C', 0, 0, 0, '0.0000', '0.0000', 0, 0, 0, NULL, 0),
(87, 515, NULL, '0.0000', '0.0000', '0.0000', 0, '', NULL, '0.0000', NULL, '0', 0, 0, NULL, NULL, NULL, NULL, NULL, NULL, NULL, NULL, NULL, 0, 0, 0, '0.0000', '0.0000', 0, 0, 0, NULL, 0),
(87, 516, NULL, '0.0000', '0.0000', '0.0000', 0, '', NULL, '0.0000', NULL, '0', 0, 0, NULL, NULL, NULL, NULL, NULL, NULL, NULL, NULL, NULL, 0, 0, 0, '0.0000', '0.0000', 0, 0, 0, NULL, 0),
(87, 522, NULL, '700.0000', '0.0000', '0.0000', 0, NULL, NULL, '0.0000', NULL, '0', 0, 0, NULL, NULL, 'NORTE', NULL, '9', NULL, NULL, NULL, NULL, 0, 0, 0, '0.0000', '0.0000', 0, 0, 0, NULL, 0),
(88, 515, NULL, '0.0000', '0.0000', '0.0000', 0, '', NULL, '0.0000', NULL, '0', 0, 0, NULL, NULL, NULL, NULL, NULL, NULL, NULL, NULL, NULL, 0, 0, 0, '0.0000', '0.0000', 0, 0, 0, NULL, 0),
(88, 516, NULL, '0.0000', '0.0000', '0.0000', 0, '', NULL, '0.0000', NULL, '0', 0, 0, NULL, NULL, NULL, NULL, NULL, NULL, NULL, NULL, NULL, 0, 0, 0, '0.0000', '0.0000', 0, 0, 0, NULL, 0),
(88, 522, NULL, '1200.0000', '0.0000', '0.0000', 0, NULL, NULL, '0.0000', NULL, '0', 0, 0, NULL, NULL, 'NORTE', NULL, '8', NULL, NULL, NULL, NULL, 0, 0, 0, '0.0000', '0.0000', 0, 0, 0, NULL, 0);
INSERT INTO `mercancia_has_unidad_negocio` (`mercancia_id`, `unidad_negocio_id`, `codigo_modelo`, `existencia`, `stock_min`, `stock_max`, `status`, `descripcion`, `tipo_inventario_id`, `punto_reorden`, `tipo_almacenaje_id`, `ancho`, `alto`, `largo`, `umvolumen_id`, `zona`, `pasillo`, `cuadrante`, `paleta`, `rack`, `columna`, `estante`, `entre_panio`, `um_recepcion_id`, `um_despacho_id`, `um_sistema_id`, `cantumdespacho_x_cantumrecepcion`, `cantumsistema_x_cantumdespacho`, `periodo_requisicion_id`, `dia_requisicion_id`, `horas_requisicion`, `fecha_prox_mtto`, `existencia_cargada`) VALUES
(89, 515, NULL, '0.0000', '0.0000', '0.0000', 0, '', NULL, '0.0000', NULL, '0', 0, 0, NULL, NULL, NULL, NULL, NULL, NULL, NULL, NULL, NULL, 0, 0, 0, '0.0000', '0.0000', 0, 0, 0, NULL, 0),
(89, 516, NULL, '0.0000', '0.0000', '0.0000', 0, '', NULL, '0.0000', NULL, '0', 0, 0, NULL, NULL, NULL, NULL, NULL, NULL, NULL, NULL, NULL, 0, 0, 0, '0.0000', '0.0000', 0, 0, 0, NULL, 0),
(89, 522, NULL, '1200.0000', '0.0000', '0.0000', 0, NULL, NULL, '0.0000', NULL, '0', 0, 0, NULL, NULL, 'NORTE', NULL, '9', NULL, NULL, NULL, NULL, 0, 0, 0, '0.0000', '0.0000', 0, 0, 0, NULL, 0),
(90, 515, NULL, '0.0000', '0.0000', '0.0000', 0, '', NULL, '0.0000', NULL, '0', 0, 0, NULL, NULL, NULL, NULL, NULL, NULL, NULL, NULL, NULL, 0, 0, 0, '0.0000', '0.0000', 0, 0, 0, NULL, 0),
(90, 516, NULL, '0.0000', '0.0000', '0.0000', 0, '', NULL, '0.0000', NULL, '0', 0, 0, NULL, NULL, NULL, NULL, NULL, NULL, NULL, NULL, NULL, 0, 0, 0, '0.0000', '0.0000', 0, 0, 0, NULL, 0),
(90, 522, NULL, '4000.0000', '0.0000', '0.0000', 0, NULL, NULL, '0.0000', NULL, '0', 0, 0, NULL, NULL, NULL, NULL, '13', NULL, NULL, NULL, NULL, 0, 0, 0, '0.0000', '0.0000', 0, 0, 0, NULL, 0),
(91, 515, NULL, '0.0000', '0.0000', '0.0000', 0, '', NULL, '0.0000', NULL, '0', 0, 0, NULL, NULL, NULL, NULL, NULL, NULL, NULL, NULL, NULL, 0, 0, 0, '0.0000', '0.0000', 0, 0, 0, NULL, 0),
(91, 516, NULL, '0.0000', '0.0000', '0.0000', 0, '', NULL, '0.0000', NULL, '0', 0, 0, NULL, NULL, NULL, NULL, NULL, NULL, NULL, NULL, NULL, 0, 0, 0, '0.0000', '0.0000', 0, 0, 0, NULL, 0),
(91, 522, NULL, '40000.0000', '0.0000', '0.0000', 0, NULL, NULL, '0.0000', NULL, '0', 0, 0, NULL, NULL, 'ESTE', NULL, '8', NULL, NULL, NULL, NULL, 0, 0, 0, '0.0000', '0.0000', 0, 0, 0, NULL, 0),
(92, 515, NULL, '0.0000', '0.0000', '0.0000', 0, '', NULL, '0.0000', NULL, '0', 0, 0, NULL, NULL, NULL, NULL, NULL, NULL, NULL, NULL, NULL, 0, 0, 0, '0.0000', '0.0000', 0, 0, 0, NULL, 0),
(92, 516, NULL, '0.0000', '0.0000', '0.0000', 0, '', NULL, '0.0000', NULL, '0', 0, 0, NULL, NULL, NULL, NULL, NULL, NULL, NULL, NULL, NULL, 0, 0, 0, '0.0000', '0.0000', 0, 0, 0, NULL, 0),
(92, 522, NULL, '10000.0000', '0.0000', '0.0000', 0, NULL, NULL, '0.0000', NULL, '0', 0, 0, NULL, NULL, 'NORTE', NULL, '8', NULL, NULL, NULL, NULL, 0, 0, 0, '0.0000', '0.0000', 0, 0, 0, NULL, 0),
(93, 515, NULL, '0.0000', '0.0000', '0.0000', 0, '', NULL, '0.0000', NULL, '0', 0, 0, NULL, NULL, NULL, NULL, NULL, NULL, NULL, NULL, NULL, 0, 0, 0, '0.0000', '0.0000', 0, 0, 0, NULL, 0),
(93, 516, NULL, '0.0000', '0.0000', '0.0000', 0, '', NULL, '0.0000', NULL, '0', 0, 0, NULL, NULL, NULL, NULL, NULL, NULL, NULL, NULL, NULL, 0, 0, 0, '0.0000', '0.0000', 0, 0, 0, NULL, 0),
(93, 522, NULL, '38.0000', '0.0000', '0.0000', 0, NULL, NULL, '0.0000', NULL, '0', 0, 0, NULL, NULL, 'NORTE', NULL, NULL, NULL, NULL, '1', 'D', 0, 0, 0, '0.0000', '0.0000', 0, 0, 0, NULL, 0),
(94, 515, NULL, '0.0000', '0.0000', '0.0000', 0, '', NULL, '0.0000', NULL, '0', 0, 0, NULL, NULL, NULL, NULL, NULL, NULL, NULL, NULL, NULL, 0, 0, 0, '0.0000', '0.0000', 0, 0, 0, NULL, 0),
(94, 516, NULL, '0.0000', '0.0000', '0.0000', 0, '', NULL, '0.0000', NULL, '0', 0, 0, NULL, NULL, NULL, NULL, NULL, NULL, NULL, NULL, NULL, 0, 0, 0, '0.0000', '0.0000', 0, 0, 0, NULL, 0),
(94, 522, NULL, '48.0000', '0.0000', '0.0000', 0, NULL, NULL, '0.0000', NULL, '0', 0, 0, NULL, NULL, 'SUR', NULL, NULL, NULL, NULL, '1', 'D', 0, 0, 0, '0.0000', '0.0000', 0, 0, 0, NULL, 0),
(95, 515, NULL, '0.0000', '0.0000', '0.0000', 0, '', NULL, '0.0000', NULL, '0', 0, 0, NULL, NULL, NULL, NULL, NULL, NULL, NULL, NULL, NULL, 0, 0, 0, '0.0000', '0.0000', 0, 0, 0, NULL, 0),
(95, 516, NULL, '0.0000', '0.0000', '0.0000', 0, '', NULL, '0.0000', NULL, '0', 0, 0, NULL, NULL, NULL, NULL, NULL, NULL, NULL, NULL, NULL, 0, 0, 0, '0.0000', '0.0000', 0, 0, 0, NULL, 0),
(95, 522, NULL, '100.0000', '0.0000', '0.0000', 0, NULL, NULL, '0.0000', NULL, '0', 0, 0, NULL, NULL, 'SUR', NULL, '2', NULL, NULL, NULL, NULL, 0, 0, 0, '0.0000', '0.0000', 0, 0, 0, NULL, 0),
(96, 515, NULL, '0.0000', '0.0000', '0.0000', 0, '', NULL, '0.0000', NULL, '0', 0, 0, NULL, NULL, NULL, NULL, NULL, NULL, NULL, NULL, NULL, 0, 0, 0, '0.0000', '0.0000', 0, 0, 0, NULL, 0),
(96, 516, NULL, '0.0000', '0.0000', '0.0000', 0, '', NULL, '0.0000', NULL, '0', 0, 0, NULL, NULL, NULL, NULL, NULL, NULL, NULL, NULL, NULL, 0, 0, 0, '0.0000', '0.0000', 0, 0, 0, NULL, 0),
(96, 522, NULL, '3100.0000', '0.0000', '0.0000', 0, NULL, NULL, '0.0000', NULL, '0', 0, 0, NULL, NULL, 'OESTE', NULL, '2', NULL, NULL, NULL, NULL, 0, 0, 0, '0.0000', '0.0000', 0, 0, 0, NULL, 0),
(97, 515, NULL, '0.0000', '0.0000', '0.0000', 0, '', NULL, '0.0000', NULL, '0', 0, 0, NULL, NULL, NULL, NULL, NULL, NULL, NULL, NULL, NULL, 0, 0, 0, '0.0000', '0.0000', 0, 0, 0, NULL, 0),
(97, 516, NULL, '0.0000', '0.0000', '0.0000', 0, '', NULL, '0.0000', NULL, '0', 0, 0, NULL, NULL, NULL, NULL, NULL, NULL, NULL, NULL, NULL, 0, 0, 0, '0.0000', '0.0000', 0, 0, 0, NULL, 0),
(97, 522, NULL, '504.0000', '0.0000', '0.0000', 0, NULL, NULL, '0.0000', NULL, '0', 0, 0, NULL, NULL, 'OESTE', NULL, '16', NULL, NULL, NULL, NULL, 0, 0, 0, '0.0000', '0.0000', 0, 0, 0, NULL, 0),
(98, 515, NULL, '0.0000', '0.0000', '0.0000', 0, '', NULL, '0.0000', NULL, '0', 0, 0, NULL, NULL, NULL, NULL, NULL, NULL, NULL, NULL, NULL, 0, 0, 0, '0.0000', '0.0000', 0, 0, 0, NULL, 0),
(98, 516, NULL, '0.0000', '0.0000', '0.0000', 0, '', NULL, '0.0000', NULL, '0', 0, 0, NULL, NULL, NULL, NULL, NULL, NULL, NULL, NULL, NULL, 0, 0, 0, '0.0000', '0.0000', 0, 0, 0, NULL, 0),
(98, 522, NULL, '48.0000', '0.0000', '0.0000', 0, NULL, NULL, '0.0000', NULL, '0', 0, 0, NULL, NULL, 'ESTE', NULL, '6', NULL, NULL, NULL, NULL, 0, 0, 0, '0.0000', '0.0000', 0, 0, 0, NULL, 0),
(99, 515, NULL, '0.0000', '0.0000', '0.0000', 0, '', NULL, '0.0000', NULL, '0', 0, 0, NULL, NULL, NULL, NULL, NULL, NULL, NULL, NULL, NULL, 0, 0, 0, '0.0000', '0.0000', 0, 0, 0, NULL, 0),
(99, 516, NULL, '0.0000', '0.0000', '0.0000', 0, '', NULL, '0.0000', NULL, '0', 0, 0, NULL, NULL, NULL, NULL, NULL, NULL, NULL, NULL, NULL, 0, 0, 0, '0.0000', '0.0000', 0, 0, 0, NULL, 0),
(99, 522, NULL, '120.0000', '0.0000', '0.0000', 0, NULL, NULL, '0.0000', NULL, '0', 0, 0, NULL, NULL, 'NORTE', NULL, '6', NULL, NULL, NULL, NULL, 0, 0, 0, '0.0000', '0.0000', 0, 0, 0, NULL, 0),
(100, 515, NULL, '0.0000', '0.0000', '0.0000', 0, '', NULL, '0.0000', NULL, '0', 0, 0, NULL, NULL, NULL, NULL, NULL, NULL, NULL, NULL, NULL, 0, 0, 0, '0.0000', '0.0000', 0, 0, 0, NULL, 0),
(100, 516, NULL, '0.0000', '0.0000', '0.0000', 0, '', NULL, '0.0000', NULL, '0', 0, 0, NULL, NULL, NULL, NULL, NULL, NULL, NULL, NULL, NULL, 0, 0, 0, '0.0000', '0.0000', 0, 0, 0, NULL, 0),
(100, 522, NULL, '100.0000', '0.0000', '0.0000', 0, NULL, NULL, '0.0000', NULL, '0', 0, 0, NULL, NULL, 'SUR', NULL, NULL, NULL, NULL, '2', 'G', 0, 0, 0, '0.0000', '0.0000', 0, 0, 0, NULL, 0),
(101, 515, NULL, '0.0000', '0.0000', '0.0000', 0, '', NULL, '0.0000', NULL, '0', 0, 0, NULL, NULL, NULL, NULL, NULL, NULL, NULL, NULL, NULL, 0, 0, 0, '0.0000', '0.0000', 0, 0, 0, NULL, 0),
(101, 516, NULL, '0.0000', '0.0000', '0.0000', 0, '', NULL, '0.0000', NULL, '0', 0, 0, NULL, NULL, NULL, NULL, NULL, NULL, NULL, NULL, NULL, 0, 0, 0, '0.0000', '0.0000', 0, 0, 0, NULL, 0),
(101, 522, NULL, '48.0000', '0.0000', '0.0000', 0, NULL, NULL, '0.0000', NULL, '0', 0, 0, NULL, NULL, 'SUR', NULL, NULL, NULL, NULL, '2', 'H', 0, 0, 0, '0.0000', '0.0000', 0, 0, 0, NULL, 0),
(102, 515, NULL, '0.0000', '0.0000', '0.0000', 0, '', NULL, '0.0000', NULL, '0', 0, 0, NULL, NULL, NULL, NULL, NULL, NULL, NULL, NULL, NULL, 0, 0, 0, '0.0000', '0.0000', 0, 0, 0, NULL, 0),
(102, 516, NULL, '0.0000', '0.0000', '0.0000', 0, '', NULL, '0.0000', NULL, '0', 0, 0, NULL, NULL, NULL, NULL, NULL, NULL, NULL, NULL, NULL, 0, 0, 0, '0.0000', '0.0000', 0, 0, 0, NULL, 0),
(102, 522, NULL, '120.0000', '0.0000', '0.0000', 0, NULL, NULL, '0.0000', NULL, '0', 0, 0, NULL, NULL, 'SUR', NULL, NULL, NULL, NULL, '3', 'F', 0, 0, 0, '0.0000', '0.0000', 0, 0, 0, NULL, 0),
(103, 515, NULL, '0.0000', '0.0000', '0.0000', 0, '', NULL, '0.0000', NULL, '0', 0, 0, NULL, NULL, NULL, NULL, NULL, NULL, NULL, NULL, NULL, 0, 0, 0, '0.0000', '0.0000', 0, 0, 0, NULL, 0),
(103, 516, NULL, '0.0000', '0.0000', '0.0000', 0, '', NULL, '0.0000', NULL, '0', 0, 0, NULL, NULL, NULL, NULL, NULL, NULL, NULL, NULL, NULL, 0, 0, 0, '0.0000', '0.0000', 0, 0, 0, NULL, 0),
(103, 522, NULL, '180.0000', '0.0000', '0.0000', 0, NULL, NULL, '0.0000', NULL, '0', 0, 0, NULL, NULL, 'SUR', NULL, NULL, NULL, NULL, '2', 'H', 0, 0, 0, '0.0000', '0.0000', 0, 0, 0, NULL, 0),
(104, 515, NULL, '0.0000', '0.0000', '0.0000', 0, '', NULL, '0.0000', NULL, '0', 0, 0, NULL, NULL, NULL, NULL, NULL, NULL, NULL, NULL, NULL, 0, 0, 0, '0.0000', '0.0000', 0, 0, 0, NULL, 0),
(104, 516, NULL, '0.0000', '0.0000', '0.0000', 0, '', NULL, '0.0000', NULL, '0', 0, 0, NULL, NULL, NULL, NULL, NULL, NULL, NULL, NULL, NULL, 0, 0, 0, '0.0000', '0.0000', 0, 0, 0, NULL, 0),
(104, 522, NULL, '16.0000', '0.0000', '0.0000', 0, NULL, NULL, '0.0000', NULL, '0', 0, 0, NULL, NULL, 'SUR', NULL, NULL, NULL, NULL, '3', 'E', 0, 0, 0, '0.0000', '0.0000', 0, 0, 0, NULL, 0),
(105, 515, NULL, '0.0000', '0.0000', '0.0000', 0, '', NULL, '0.0000', NULL, '0', 0, 0, NULL, NULL, NULL, NULL, NULL, NULL, NULL, NULL, NULL, 0, 0, 0, '0.0000', '0.0000', 0, 0, 0, NULL, 0),
(105, 516, NULL, '0.0000', '0.0000', '0.0000', 0, '', NULL, '0.0000', NULL, '0', 0, 0, NULL, NULL, NULL, NULL, NULL, NULL, NULL, NULL, NULL, 0, 0, 0, '0.0000', '0.0000', 0, 0, 0, NULL, 0),
(105, 522, NULL, '12.0000', '0.0000', '0.0000', 0, NULL, NULL, '0.0000', NULL, '0', 0, 0, NULL, NULL, 'SUR', NULL, NULL, NULL, NULL, '5', 'B', 0, 0, 0, '0.0000', '0.0000', 0, 0, 0, NULL, 0),
(106, 515, NULL, '0.0000', '0.0000', '0.0000', 0, '', NULL, '0.0000', NULL, '0', 0, 0, NULL, NULL, NULL, NULL, NULL, NULL, NULL, NULL, NULL, 0, 0, 0, '0.0000', '0.0000', 0, 0, 0, NULL, 0),
(106, 516, NULL, '0.0000', '0.0000', '0.0000', 0, '', NULL, '0.0000', NULL, '0', 0, 0, NULL, NULL, NULL, NULL, NULL, NULL, NULL, NULL, NULL, 0, 0, 0, '0.0000', '0.0000', 0, 0, 0, NULL, 0),
(106, 522, NULL, '1.0000', '0.0000', '0.0000', 0, NULL, NULL, '0.0000', NULL, '0', 0, 0, NULL, NULL, 'SUR', NULL, NULL, NULL, NULL, '3', 'F', 0, 0, 0, '0.0000', '0.0000', 0, 0, 0, NULL, 0),
(107, 515, NULL, '0.0000', '0.0000', '0.0000', 0, '', NULL, '0.0000', NULL, '0', 0, 0, NULL, NULL, NULL, NULL, NULL, NULL, NULL, NULL, NULL, 0, 0, 0, '0.0000', '0.0000', 0, 0, 0, NULL, 0),
(107, 516, NULL, '0.0000', '0.0000', '0.0000', 0, '', NULL, '0.0000', NULL, '0', 0, 0, NULL, NULL, NULL, NULL, NULL, NULL, NULL, NULL, NULL, 0, 0, 0, '0.0000', '0.0000', 0, 0, 0, NULL, 0),
(107, 522, NULL, '660.0000', '0.0000', '0.0000', 0, NULL, NULL, '0.0000', NULL, '0', 0, 0, NULL, NULL, 'SUR', NULL, NULL, NULL, NULL, '3', 'D', 0, 0, 0, '0.0000', '0.0000', 0, 0, 0, NULL, 0),
(108, 515, NULL, '0.0000', '0.0000', '0.0000', 0, '', NULL, '0.0000', NULL, '0', 0, 0, NULL, NULL, NULL, NULL, NULL, NULL, NULL, NULL, NULL, 0, 0, 0, '0.0000', '0.0000', 0, 0, 0, NULL, 0),
(108, 516, NULL, '0.0000', '0.0000', '0.0000', 0, '', NULL, '0.0000', NULL, '0', 0, 0, NULL, NULL, NULL, NULL, NULL, NULL, NULL, NULL, NULL, 0, 0, 0, '0.0000', '0.0000', 0, 0, 0, NULL, 0),
(108, 522, NULL, '21.0000', '0.0000', '0.0000', 0, NULL, NULL, '0.0000', NULL, '0', 0, 0, NULL, NULL, 'SUR', NULL, NULL, NULL, NULL, '3', 'E', 0, 0, 0, '0.0000', '0.0000', 0, 0, 0, NULL, 0),
(109, 515, NULL, '0.0000', '0.0000', '0.0000', 0, '', NULL, '0.0000', NULL, '0', 0, 0, NULL, NULL, NULL, NULL, NULL, NULL, NULL, NULL, NULL, 0, 0, 0, '0.0000', '0.0000', 0, 0, 0, NULL, 0),
(109, 516, NULL, '0.0000', '0.0000', '0.0000', 0, '', NULL, '0.0000', NULL, '0', 0, 0, NULL, NULL, NULL, NULL, NULL, NULL, NULL, NULL, NULL, 0, 0, 0, '0.0000', '0.0000', 0, 0, 0, NULL, 0),
(109, 522, NULL, '42.0000', '0.0000', '0.0000', 0, NULL, NULL, '0.0000', NULL, '0', 0, 0, NULL, NULL, 'SUR', NULL, NULL, NULL, NULL, '5', 'D', 0, 0, 0, '0.0000', '0.0000', 0, 0, 0, NULL, 0),
(110, 515, NULL, '0.0000', '0.0000', '0.0000', 0, '', NULL, '0.0000', NULL, '0', 0, 0, NULL, NULL, NULL, NULL, NULL, NULL, NULL, NULL, NULL, 0, 0, 0, '0.0000', '0.0000', 0, 0, 0, NULL, 0),
(110, 516, NULL, '0.0000', '0.0000', '0.0000', 0, '', NULL, '0.0000', NULL, '0', 0, 0, NULL, NULL, NULL, NULL, NULL, NULL, NULL, NULL, NULL, 0, 0, 0, '0.0000', '0.0000', 0, 0, 0, NULL, 0),
(110, 522, NULL, '1000.0000', '0.0000', '0.0000', 0, NULL, NULL, '0.0000', NULL, '0', 0, 0, NULL, NULL, 'NORTE', NULL, '5', NULL, NULL, NULL, NULL, 0, 0, 0, '0.0000', '0.0000', 0, 0, 0, NULL, 0),
(111, 515, NULL, '0.0000', '0.0000', '0.0000', 0, '', NULL, '0.0000', NULL, '0', 0, 0, NULL, NULL, NULL, NULL, NULL, NULL, NULL, NULL, NULL, 0, 0, 0, '0.0000', '0.0000', 0, 0, 0, NULL, 0),
(111, 516, NULL, '0.0000', '0.0000', '0.0000', 0, '', NULL, '0.0000', NULL, '0', 0, 0, NULL, NULL, NULL, NULL, NULL, NULL, NULL, NULL, NULL, 0, 0, 0, '0.0000', '0.0000', 0, 0, 0, NULL, 0),
(111, 522, NULL, '288.0000', '0.0000', '0.0000', 0, NULL, NULL, '0.0000', NULL, '0', 0, 0, NULL, NULL, 'ESTE', NULL, '13', NULL, NULL, NULL, NULL, 0, 0, 0, '0.0000', '0.0000', 0, 0, 0, NULL, 0),
(112, 515, NULL, '0.0000', '0.0000', '0.0000', 0, '', NULL, '0.0000', NULL, '0', 0, 0, NULL, NULL, NULL, NULL, NULL, NULL, NULL, NULL, NULL, 0, 0, 0, '0.0000', '0.0000', 0, 0, 0, NULL, 0),
(112, 516, NULL, '0.0000', '0.0000', '0.0000', 0, '', NULL, '0.0000', NULL, '0', 0, 0, NULL, NULL, NULL, NULL, NULL, NULL, NULL, NULL, NULL, 0, 0, 0, '0.0000', '0.0000', 0, 0, 0, NULL, 0),
(112, 521, NULL, '0.0000', '0.0000', '0.0000', 0, NULL, NULL, '0.0000', NULL, '0', 0, 0, NULL, NULL, NULL, NULL, NULL, NULL, NULL, NULL, NULL, 0, 0, 0, '0.0000', '0.0000', 0, 0, 0, NULL, 0),
(112, 522, NULL, '7200.0000', '0.0000', '0.0000', 0, NULL, NULL, '0.0000', NULL, '0', 0, 0, NULL, NULL, 'ESTE', NULL, '13', NULL, NULL, NULL, NULL, 0, 0, 0, '0.0000', '0.0000', 0, 0, 0, NULL, 0),
(113, 515, NULL, '0.0000', '0.0000', '0.0000', 0, '', NULL, '0.0000', NULL, '0', 0, 0, NULL, NULL, NULL, NULL, NULL, NULL, NULL, NULL, NULL, 0, 0, 0, '0.0000', '0.0000', 0, 0, 0, NULL, 0),
(113, 516, NULL, '0.0000', '0.0000', '0.0000', 0, '', NULL, '0.0000', NULL, '0', 0, 0, NULL, NULL, NULL, NULL, NULL, NULL, NULL, NULL, NULL, 0, 0, 0, '0.0000', '0.0000', 0, 0, 0, NULL, 0),
(113, 522, NULL, '180.0000', '0.0000', '0.0000', 0, NULL, NULL, '0.0000', NULL, '0', 0, 0, NULL, NULL, 'OESTE', NULL, '1', NULL, NULL, NULL, NULL, 0, 0, 0, '0.0000', '0.0000', 0, 0, 0, NULL, 0),
(114, 515, NULL, '0.0000', '0.0000', '0.0000', 0, '', NULL, '0.0000', NULL, '0', 0, 0, NULL, NULL, NULL, NULL, NULL, NULL, NULL, NULL, NULL, 0, 0, 0, '0.0000', '0.0000', 0, 0, 0, NULL, 0),
(114, 516, NULL, '0.0000', '0.0000', '0.0000', 0, '', NULL, '0.0000', NULL, '0', 0, 0, NULL, NULL, NULL, NULL, NULL, NULL, NULL, NULL, NULL, 0, 0, 0, '0.0000', '0.0000', 0, 0, 0, NULL, 0),
(114, 517, NULL, '0.0000', '0.0000', '0.0000', 0, NULL, NULL, '0.0000', NULL, '0', 0, 0, NULL, NULL, NULL, NULL, NULL, NULL, NULL, NULL, NULL, 0, 0, 0, '0.0000', '0.0000', 0, 0, 0, NULL, 0),
(114, 518, NULL, '0.0000', '0.0000', '0.0000', 0, NULL, NULL, '0.0000', NULL, '0', 0, 0, NULL, NULL, NULL, NULL, NULL, NULL, NULL, NULL, NULL, 0, 0, 0, '0.0000', '0.0000', 0, 0, 0, NULL, 0),
(114, 520, NULL, '0.0000', '0.0000', '0.0000', 0, NULL, NULL, '0.0000', NULL, '0', 0, 0, NULL, NULL, NULL, NULL, NULL, NULL, NULL, NULL, NULL, 0, 0, 0, '0.0000', '0.0000', 0, 0, 0, NULL, 0),
(114, 521, NULL, '0.0000', '0.0000', '0.0000', 0, NULL, NULL, '0.0000', NULL, '0', 0, 0, NULL, NULL, NULL, NULL, NULL, NULL, NULL, NULL, NULL, 0, 0, 0, '0.0000', '0.0000', 0, 0, 0, NULL, 0),
(114, 522, NULL, '2.0000', '0.0000', '0.0000', 0, NULL, NULL, '0.0000', NULL, '0', 0, 0, NULL, NULL, 'OESTE', NULL, NULL, NULL, NULL, '2', 'A', 0, 0, 0, '0.0000', '0.0000', 0, 0, 0, NULL, 0),
(580, 519, NULL, '0.0000', '2000.0000', '6000.0000', 0, 'Precio de cada metro es de 0,8 $', NULL, '0.0000', NULL, '0', 0, 0, NULL, NULL, NULL, NULL, NULL, NULL, NULL, NULL, NULL, 0, 0, 0, '0.0000', '0.0000', 0, 0, 0, NULL, 0),
(581, 519, NULL, '0.0000', '2000.0000', '6000.0000', 0, '', NULL, '0.0000', NULL, '0', 0, 0, NULL, NULL, NULL, NULL, NULL, NULL, NULL, NULL, NULL, 0, 0, 0, '0.0000', '0.0000', 0, 0, 0, NULL, 0),
(582, 519, NULL, '0.0000', '2000.0000', '6000.0000', 0, '', NULL, '0.0000', NULL, '0', 0, 0, NULL, NULL, NULL, NULL, NULL, NULL, NULL, NULL, NULL, 0, 0, 0, '0.0000', '0.0000', 0, 0, 0, NULL, 0),
(583, 519, NULL, '0.0000', '2000.0000', '6000.0000', 0, '', NULL, '0.0000', NULL, '0', 0, 0, NULL, NULL, NULL, NULL, NULL, NULL, NULL, NULL, NULL, 0, 0, 0, '0.0000', '0.0000', 0, 0, 0, NULL, 0),
(584, 519, NULL, '0.0000', '2000.0000', '6000.0000', 0, '', NULL, '0.0000', NULL, '0', 0, 0, NULL, NULL, NULL, NULL, NULL, NULL, NULL, NULL, NULL, 0, 0, 0, '0.0000', '0.0000', 0, 0, 0, NULL, 0),
(585, 519, NULL, '0.0000', '2000.0000', '6000.0000', 0, '', NULL, '0.0000', NULL, '0', 0, 0, NULL, NULL, NULL, NULL, NULL, NULL, NULL, NULL, NULL, 0, 0, 0, '0.0000', '0.0000', 0, 0, 0, NULL, 0),
(586, 519, NULL, '0.0000', '2000.0000', '6000.0000', 0, '', NULL, '0.0000', NULL, '0', 0, 0, NULL, NULL, NULL, NULL, NULL, NULL, NULL, NULL, NULL, 0, 0, 0, '0.0000', '0.0000', 0, 0, 0, NULL, 0),
(587, 519, NULL, '0.0000', '2000.0000', '6000.0000', 0, '', NULL, '0.0000', NULL, '0', 0, 0, NULL, NULL, NULL, NULL, NULL, NULL, NULL, NULL, NULL, 0, 0, 0, '0.0000', '0.0000', 0, 0, 0, NULL, 0),
(588, 519, NULL, '0.0000', '2000.0000', '6000.0000', 0, '', NULL, '0.0000', NULL, '0', 0, 0, NULL, NULL, NULL, NULL, NULL, NULL, NULL, NULL, NULL, 0, 0, 0, '0.0000', '0.0000', 0, 0, 0, NULL, 0),
(589, 519, NULL, '0.0000', '2000.0000', '6000.0000', 0, '', NULL, '0.0000', NULL, '0', 0, 0, NULL, NULL, NULL, NULL, NULL, NULL, NULL, NULL, NULL, 0, 0, 0, '0.0000', '0.0000', 0, 0, 0, NULL, 0),
(590, 519, NULL, '0.0000', '2000.0000', '6000.0000', 0, '', NULL, '0.0000', NULL, '0', 0, 0, NULL, NULL, NULL, NULL, NULL, NULL, NULL, NULL, NULL, 0, 0, 0, '0.0000', '0.0000', 0, 0, 0, NULL, 0),
(591, 519, NULL, '0.0000', '40.0000', '150.0000', 0, '', NULL, '0.0000', NULL, '0', 0, 0, NULL, NULL, NULL, NULL, NULL, NULL, NULL, NULL, NULL, 0, 0, 0, '0.0000', '0.0000', 0, 0, 0, NULL, 0),
(592, 519, NULL, '0.0000', '2000.0000', '6000.0000', 0, '', NULL, '0.0000', NULL, '0', 0, 0, NULL, NULL, NULL, NULL, NULL, NULL, NULL, NULL, NULL, 0, 0, 0, '0.0000', '0.0000', 0, 0, 0, NULL, 0),
(595, 519, NULL, '0.0000', '2000.0000', '6000.0000', 0, '', NULL, '0.0000', NULL, '0', 0, 0, NULL, NULL, NULL, NULL, NULL, NULL, NULL, NULL, NULL, 0, 0, 0, '0.0000', '0.0000', 0, 0, 0, NULL, 0),
(596, 519, NULL, '0.0000', '2000.0000', '6000.0000', 0, '', NULL, '0.0000', NULL, '0', 0, 0, NULL, NULL, NULL, NULL, NULL, NULL, NULL, NULL, NULL, 0, 0, 0, '0.0000', '0.0000', 0, 0, 0, NULL, 0),
(597, 519, NULL, '0.0000', '40.0000', '150.0000', 0, '', NULL, '0.0000', NULL, '0', 0, 0, NULL, NULL, NULL, NULL, NULL, NULL, NULL, NULL, NULL, 0, 0, 0, '0.0000', '0.0000', 0, 0, 0, NULL, 0),
(598, 519, NULL, '0.0000', '2000.0000', '6000.0000', 0, '', NULL, '0.0000', NULL, '0', 0, 0, NULL, NULL, NULL, NULL, NULL, NULL, NULL, NULL, NULL, 0, 0, 0, '0.0000', '0.0000', 0, 0, 0, NULL, 0),
(599, 519, NULL, '0.0000', '2000.0000', '6000.0000', 0, '', NULL, '0.0000', NULL, '0', 0, 0, NULL, NULL, NULL, NULL, NULL, NULL, NULL, NULL, NULL, 0, 0, 0, '0.0000', '0.0000', 0, 0, 0, NULL, 0),
(601, 519, NULL, '0.0000', '2000.0000', '6000.0000', 0, '', NULL, '0.0000', NULL, '0', 0, 0, NULL, NULL, NULL, NULL, NULL, NULL, NULL, NULL, NULL, 0, 0, 0, '0.0000', '0.0000', 0, 0, 0, NULL, 0),
(604, 519, NULL, '0.0000', '2000.0000', '6000.0000', 0, '', NULL, '0.0000', NULL, '0', 0, 0, NULL, NULL, NULL, NULL, NULL, NULL, NULL, NULL, NULL, 0, 0, 0, '0.0000', '0.0000', 0, 0, 0, NULL, 0),
(605, 519, NULL, '0.0000', '40.0000', '150.0000', 0, '', NULL, '0.0000', NULL, '0', 0, 0, NULL, NULL, NULL, NULL, NULL, NULL, NULL, NULL, NULL, 0, 0, 0, '0.0000', '0.0000', 0, 0, 0, NULL, 0),
(606, 519, NULL, '0.0000', '40.0000', '150.0000', 0, '', NULL, '0.0000', NULL, '0', 0, 0, NULL, NULL, NULL, NULL, NULL, NULL, NULL, NULL, NULL, 0, 0, 0, '0.0000', '0.0000', 0, 0, 0, NULL, 0),
(608, 519, NULL, '0.0000', '2000.0000', '6000.0000', 0, '', NULL, '0.0000', NULL, '0', 0, 0, NULL, NULL, NULL, NULL, NULL, NULL, NULL, NULL, NULL, 0, 0, 0, '0.0000', '0.0000', 0, 0, 0, NULL, 0),
(609, 519, NULL, '0.0000', '2000.0000', '6000.0000', 0, '', NULL, '0.0000', NULL, '0', 0, 0, NULL, NULL, NULL, NULL, NULL, NULL, NULL, NULL, NULL, 0, 0, 0, '0.0000', '0.0000', 0, 0, 0, NULL, 0),
(610, 519, NULL, '0.0000', '40.0000', '150.0000', 0, '', NULL, '0.0000', NULL, '0', 0, 0, NULL, NULL, NULL, NULL, NULL, NULL, NULL, NULL, NULL, 0, 0, 0, '0.0000', '0.0000', 0, 0, 0, NULL, 0),
(611, 519, NULL, '0.0000', '40.0000', '150.0000', 0, '', NULL, '0.0000', NULL, '0', 0, 0, NULL, NULL, NULL, NULL, NULL, NULL, NULL, NULL, NULL, 0, 0, 0, '0.0000', '0.0000', 0, 0, 0, NULL, 0),
(612, 519, NULL, '0.0000', '80.0000', '250.0000', 0, '', NULL, '0.0000', NULL, '0', 0, 0, NULL, NULL, NULL, NULL, NULL, NULL, NULL, NULL, NULL, 0, 0, 0, '0.0000', '0.0000', 0, 0, 0, NULL, 0),
(613, 519, NULL, '0.0000', '80.0000', '250.0000', 0, '', NULL, '0.0000', NULL, '0', 0, 0, NULL, NULL, NULL, NULL, NULL, NULL, NULL, NULL, NULL, 0, 0, 0, '0.0000', '0.0000', 0, 0, 0, NULL, 0),
(614, 519, NULL, '0.0000', '80.0000', '250.0000', 0, '', NULL, '0.0000', NULL, '0', 0, 0, NULL, NULL, NULL, NULL, NULL, NULL, NULL, NULL, NULL, 0, 0, 0, '0.0000', '0.0000', 0, 0, 0, NULL, 0),
(615, 519, NULL, '0.0000', '100.0000', '800.0000', 0, '', NULL, '0.0000', NULL, '0', 0, 0, NULL, NULL, NULL, NULL, NULL, NULL, NULL, NULL, NULL, 0, 0, 0, '0.0000', '0.0000', 0, 0, 0, NULL, 0),
(616, 519, NULL, '0.0000', '80.0000', '250.0000', 0, '', NULL, '0.0000', NULL, '0', 0, 0, NULL, NULL, NULL, NULL, NULL, NULL, NULL, NULL, NULL, 0, 0, 0, '0.0000', '0.0000', 0, 0, 0, NULL, 0),
(617, 519, NULL, '0.0000', '100.0000', '800.0000', 0, '', NULL, '0.0000', NULL, '0', 0, 0, NULL, NULL, NULL, NULL, NULL, NULL, NULL, NULL, NULL, 0, 0, 0, '0.0000', '0.0000', 0, 0, 0, NULL, 0),
(618, 519, NULL, '0.0000', '80.0000', '250.0000', 0, '', NULL, '0.0000', NULL, '0', 0, 0, NULL, NULL, NULL, NULL, NULL, NULL, NULL, NULL, NULL, 0, 0, 0, '0.0000', '0.0000', 0, 0, 0, NULL, 0),
(619, 519, NULL, '0.0000', '80.0000', '250.0000', 0, '', NULL, '0.0000', NULL, '0', 0, 0, NULL, NULL, NULL, NULL, NULL, NULL, NULL, NULL, NULL, 0, 0, 0, '0.0000', '0.0000', 0, 0, 0, NULL, 0),
(620, 519, NULL, '0.0000', '100.0000', '250.0000', 0, '', NULL, '0.0000', NULL, '0', 0, 0, NULL, NULL, NULL, NULL, NULL, NULL, NULL, NULL, NULL, 0, 0, 0, '0.0000', '0.0000', 0, 0, 0, NULL, 0),
(621, 519, NULL, '0.0000', '200.0000', '2000.0000', 0, '', NULL, '0.0000', NULL, '0', 0, 0, NULL, NULL, NULL, NULL, NULL, NULL, NULL, NULL, NULL, 0, 0, 0, '0.0000', '0.0000', 0, 0, 0, NULL, 0),
(622, 519, NULL, '0.0000', '100.0000', '250.0000', 0, '', NULL, '0.0000', NULL, '0', 0, 0, NULL, NULL, NULL, NULL, NULL, NULL, NULL, NULL, NULL, 0, 0, 0, '0.0000', '0.0000', 0, 0, 0, NULL, 0),
(623, 519, NULL, '0.0000', '10.0000', '30.0000', 0, '', NULL, '0.0000', NULL, '0', 0, 0, NULL, NULL, NULL, NULL, NULL, NULL, NULL, NULL, NULL, 0, 0, 0, '0.0000', '0.0000', 0, 0, 0, NULL, 0),
(624, 519, NULL, '0.0000', '10.0000', '30.0000', 0, '', NULL, '0.0000', NULL, '0', 0, 0, NULL, NULL, NULL, NULL, NULL, NULL, NULL, NULL, NULL, 0, 0, 0, '0.0000', '0.0000', 0, 0, 0, NULL, 0),
(625, 519, NULL, '0.0000', '10.0000', '30.0000', 0, '', NULL, '0.0000', NULL, '0', 0, 0, NULL, NULL, NULL, NULL, NULL, NULL, NULL, NULL, NULL, 0, 0, 0, '0.0000', '0.0000', 0, 0, 0, NULL, 0),
(626, 519, NULL, '0.0000', '10.0000', '30.0000', 0, '', NULL, '0.0000', NULL, '0', 0, 0, NULL, NULL, NULL, NULL, NULL, NULL, NULL, NULL, NULL, 0, 0, 0, '0.0000', '0.0000', 0, 0, 0, NULL, 0),
(627, 519, NULL, '0.0000', '10.0000', '30.0000', 0, '', NULL, '0.0000', NULL, '0', 0, 0, NULL, NULL, NULL, NULL, NULL, NULL, NULL, NULL, NULL, 0, 0, 0, '0.0000', '0.0000', 0, 0, 0, NULL, 0),
(628, 519, NULL, '0.0000', '10.0000', '30.0000', 0, '', NULL, '0.0000', NULL, '0', 0, 0, NULL, NULL, NULL, NULL, NULL, NULL, NULL, NULL, NULL, 0, 0, 0, '0.0000', '0.0000', 0, 0, 0, NULL, 0),
(629, 519, NULL, '0.0000', '10.0000', '30.0000', 0, '', NULL, '0.0000', NULL, '0', 0, 0, NULL, NULL, NULL, NULL, NULL, NULL, NULL, NULL, NULL, 0, 0, 0, '0.0000', '0.0000', 0, 0, 0, NULL, 0),
(630, 519, NULL, '0.0000', '10.0000', '30.0000', 0, '', NULL, '0.0000', NULL, '0', 0, 0, NULL, NULL, NULL, NULL, NULL, NULL, NULL, NULL, NULL, 0, 0, 0, '0.0000', '0.0000', 0, 0, 0, NULL, 0),
(631, 519, NULL, '0.0000', '10.0000', '30.0000', 0, '', NULL, '0.0000', NULL, '0', 0, 0, NULL, NULL, NULL, NULL, NULL, NULL, NULL, NULL, NULL, 0, 0, 0, '0.0000', '0.0000', 0, 0, 0, NULL, 0),
(632, 519, NULL, '0.0000', '6.0000', '10.0000', 0, '', NULL, '0.0000', NULL, '0', 0, 0, NULL, NULL, NULL, NULL, NULL, NULL, NULL, NULL, NULL, 0, 0, 0, '0.0000', '0.0000', 0, 0, 0, NULL, 0),
(633, 519, NULL, '0.0000', '6.0000', '10.0000', 0, '', NULL, '0.0000', NULL, '0', 0, 0, NULL, NULL, NULL, NULL, NULL, NULL, NULL, NULL, NULL, 0, 0, 0, '0.0000', '0.0000', 0, 0, 0, NULL, 0),
(634, 519, NULL, '0.0000', '6.0000', '10.0000', 0, '', NULL, '0.0000', NULL, '0', 0, 0, NULL, NULL, NULL, NULL, NULL, NULL, NULL, NULL, NULL, 0, 0, 0, '0.0000', '0.0000', 0, 0, 0, NULL, 0),
(635, 519, NULL, '0.0000', '100.0000', '500.0000', 0, '', NULL, '0.0000', NULL, '0', 0, 0, NULL, NULL, NULL, NULL, NULL, NULL, NULL, NULL, NULL, 0, 0, 0, '0.0000', '0.0000', 0, 0, 0, NULL, 0),
(636, 519, NULL, '0.0000', '100.0000', '800.0000', 0, '', NULL, '0.0000', NULL, '0', 0, 0, NULL, NULL, NULL, NULL, NULL, NULL, NULL, NULL, NULL, 0, 0, 0, '0.0000', '0.0000', 0, 0, 0, NULL, 0),
(637, 519, NULL, '0.0000', '6.0000', '10.0000', 0, '', NULL, '0.0000', NULL, '0', 0, 0, NULL, NULL, NULL, NULL, NULL, NULL, NULL, NULL, NULL, 0, 0, 0, '0.0000', '0.0000', 0, 0, 0, NULL, 0),
(638, 519, NULL, '0.0000', '6.0000', '10.0000', 0, '', NULL, '0.0000', NULL, '0', 0, 0, NULL, NULL, NULL, NULL, NULL, NULL, NULL, NULL, NULL, 0, 0, 0, '0.0000', '0.0000', 0, 0, 0, NULL, 0),
(639, 519, NULL, '0.0000', '10.0000', '30.0000', 0, '', NULL, '0.0000', NULL, '0', 0, 0, NULL, NULL, NULL, NULL, NULL, NULL, NULL, NULL, NULL, 0, 0, 0, '0.0000', '0.0000', 0, 0, 0, NULL, 0),
(640, 519, NULL, '0.0000', '6.0000', '10.0000', 0, '', NULL, '0.0000', NULL, '0', 0, 0, NULL, NULL, NULL, NULL, NULL, NULL, NULL, NULL, NULL, 0, 0, 0, '0.0000', '0.0000', 0, 0, 0, NULL, 0),
(641, 519, NULL, '0.0000', '10.0000', '30.0000', 0, '', NULL, '0.0000', NULL, '0', 0, 0, NULL, NULL, NULL, NULL, NULL, NULL, NULL, NULL, NULL, 0, 0, 0, '0.0000', '0.0000', 0, 0, 0, NULL, 0),
(642, 519, NULL, '0.0000', '6.0000', '10.0000', 0, '', NULL, '0.0000', NULL, '0', 0, 0, NULL, NULL, NULL, NULL, NULL, NULL, NULL, NULL, NULL, 0, 0, 0, '0.0000', '0.0000', 0, 0, 0, NULL, 0),
(643, 519, NULL, '0.0000', '6.0000', '10.0000', 0, '', NULL, '0.0000', NULL, '0', 0, 0, NULL, NULL, NULL, NULL, NULL, NULL, NULL, NULL, NULL, 0, 0, 0, '0.0000', '0.0000', 0, 0, 0, NULL, 0),
(644, 519, NULL, '0.0000', '15.0000', '40.0000', 0, '', NULL, '0.0000', NULL, '0', 0, 0, NULL, NULL, NULL, NULL, NULL, NULL, NULL, NULL, NULL, 0, 0, 0, '0.0000', '0.0000', 0, 0, 0, NULL, 0),
(645, 519, NULL, '0.0000', '10.0000', '30.0000', 0, '', NULL, '0.0000', NULL, '0', 0, 0, NULL, NULL, NULL, NULL, NULL, NULL, NULL, NULL, NULL, 0, 0, 0, '0.0000', '0.0000', 0, 0, 0, NULL, 0),
(646, 519, NULL, '0.0000', '6.0000', '10.0000', 0, '', NULL, '0.0000', NULL, '0', 0, 0, NULL, NULL, NULL, NULL, NULL, NULL, NULL, NULL, NULL, 0, 0, 0, '0.0000', '0.0000', 0, 0, 0, NULL, 0),
(647, 519, NULL, '0.0000', '15.0000', '25.0000', 0, '', NULL, '0.0000', NULL, '0', 0, 0, NULL, NULL, NULL, NULL, NULL, NULL, NULL, NULL, NULL, 0, 0, 0, '0.0000', '0.0000', 0, 0, 0, NULL, 0),
(648, 519, NULL, '0.0000', '6.0000', '10.0000', 0, '', NULL, '0.0000', NULL, '0', 0, 0, NULL, NULL, NULL, NULL, NULL, NULL, NULL, NULL, NULL, 0, 0, 0, '0.0000', '0.0000', 0, 0, 0, NULL, 0),
(649, 519, NULL, '0.0000', '6.0000', '12.0000', 0, '', NULL, '0.0000', NULL, '0', 0, 0, NULL, NULL, NULL, NULL, NULL, NULL, NULL, NULL, NULL, 0, 0, 0, '0.0000', '0.0000', 0, 0, 0, NULL, 0),
(650, 519, NULL, '0.0000', '6.0000', '10.0000', 0, '', NULL, '0.0000', NULL, '0', 0, 0, NULL, NULL, NULL, NULL, NULL, NULL, NULL, NULL, NULL, 0, 0, 0, '0.0000', '0.0000', 0, 0, 0, NULL, 0),
(651, 519, NULL, '0.0000', '10.0000', '30.0000', 0, '', NULL, '0.0000', NULL, '0', 0, 0, NULL, NULL, NULL, NULL, NULL, NULL, NULL, NULL, NULL, 0, 0, 0, '0.0000', '0.0000', 0, 0, 0, NULL, 0),
(652, 519, NULL, '0.0000', '6.0000', '10.0000', 0, '', NULL, '0.0000', NULL, '0', 0, 0, NULL, NULL, NULL, NULL, NULL, NULL, NULL, NULL, NULL, 0, 0, 0, '0.0000', '0.0000', 0, 0, 0, NULL, 0),
(653, 519, NULL, '0.0000', '10.0000', '30.0000', 0, '', NULL, '0.0000', NULL, '0', 0, 0, NULL, NULL, NULL, NULL, NULL, NULL, NULL, NULL, NULL, 0, 0, 0, '0.0000', '0.0000', 0, 0, 0, NULL, 0),
(654, 519, NULL, '0.0000', '6.0000', '10.0000', 0, '', NULL, '0.0000', NULL, '0', 0, 0, NULL, NULL, NULL, NULL, NULL, NULL, NULL, NULL, NULL, 0, 0, 0, '0.0000', '0.0000', 0, 0, 0, NULL, 0),
(655, 519, NULL, '0.0000', '10.0000', '30.0000', 0, '', NULL, '0.0000', NULL, '0', 0, 0, NULL, NULL, NULL, NULL, NULL, NULL, NULL, NULL, NULL, 0, 0, 0, '0.0000', '0.0000', 0, 0, 0, NULL, 0),
(656, 519, NULL, '0.0000', '10.0000', '30.0000', 0, '', NULL, '0.0000', NULL, '0', 0, 0, NULL, NULL, NULL, NULL, NULL, NULL, NULL, NULL, NULL, 0, 0, 0, '0.0000', '0.0000', 0, 0, 0, NULL, 0),
(657, 519, NULL, '0.0000', '6.0000', '10.0000', 0, '', NULL, '0.0000', NULL, '0', 0, 0, NULL, NULL, NULL, NULL, NULL, NULL, NULL, NULL, NULL, 0, 0, 0, '0.0000', '0.0000', 0, 0, 0, NULL, 0),
(661, 519, NULL, '0.0000', '6.0000', '10.0000', 0, '', NULL, '0.0000', NULL, '0', 0, 0, NULL, NULL, NULL, NULL, NULL, NULL, NULL, NULL, NULL, 0, 0, 0, '0.0000', '0.0000', 0, 0, 0, NULL, 0),
(662, 519, NULL, '0.0000', '6.0000', '10.0000', 0, '', NULL, '0.0000', NULL, '0', 0, 0, NULL, NULL, NULL, NULL, NULL, NULL, NULL, NULL, NULL, 0, 0, 0, '0.0000', '0.0000', 0, 0, 0, NULL, 0),
(664, 519, NULL, '0.0000', '10.0000', '30.0000', 0, '', NULL, '0.0000', NULL, '0', 0, 0, NULL, NULL, NULL, NULL, NULL, NULL, NULL, NULL, NULL, 0, 0, 0, '0.0000', '0.0000', 0, 0, 0, NULL, 0),
(666, 519, NULL, '0.0000', '10.0000', '30.0000', 0, '', NULL, '0.0000', NULL, '0', 0, 0, NULL, NULL, NULL, NULL, NULL, NULL, NULL, NULL, NULL, 0, 0, 0, '0.0000', '0.0000', 0, 0, 0, NULL, 0),
(667, 519, NULL, '0.0000', '10.0000', '30.0000', 0, '', NULL, '0.0000', NULL, '0', 0, 0, NULL, NULL, NULL, NULL, NULL, NULL, NULL, NULL, NULL, 0, 0, 0, '0.0000', '0.0000', 0, 0, 0, NULL, 0),
(668, 519, NULL, '0.0000', '10.0000', '30.0000', 0, '', NULL, '0.0000', NULL, '0', 0, 0, NULL, NULL, NULL, NULL, NULL, NULL, NULL, NULL, NULL, 0, 0, 0, '0.0000', '0.0000', 0, 0, 0, NULL, 0),
(669, 519, NULL, '0.0000', '10.0000', '30.0000', 0, '', NULL, '0.0000', NULL, '0', 0, 0, NULL, NULL, NULL, NULL, NULL, NULL, NULL, NULL, NULL, 0, 0, 0, '0.0000', '0.0000', 0, 0, 0, NULL, 0),
(670, 519, NULL, '0.0000', '10.0000', '30.0000', 0, '', NULL, '0.0000', NULL, '0', 0, 0, NULL, NULL, NULL, NULL, NULL, NULL, NULL, NULL, NULL, 0, 0, 0, '0.0000', '0.0000', 0, 0, 0, NULL, 0),
(671, 519, NULL, '0.0000', '10.0000', '30.0000', 0, '', NULL, '0.0000', NULL, '0', 0, 0, NULL, NULL, NULL, NULL, NULL, NULL, NULL, NULL, NULL, 0, 0, 0, '0.0000', '0.0000', 0, 0, 0, NULL, 0),
(672, 519, NULL, '0.0000', '10.0000', '30.0000', 0, '', NULL, '0.0000', NULL, '0', 0, 0, NULL, NULL, NULL, NULL, NULL, NULL, NULL, NULL, NULL, 0, 0, 0, '0.0000', '0.0000', 0, 0, 0, NULL, 0),
(673, 519, NULL, '0.0000', '10.0000', '30.0000', 0, '', NULL, '0.0000', NULL, '0', 0, 0, NULL, NULL, NULL, NULL, NULL, NULL, NULL, NULL, NULL, 0, 0, 0, '0.0000', '0.0000', 0, 0, 0, NULL, 0),
(674, 519, NULL, '0.0000', '10.0000', '30.0000', 0, '', NULL, '0.0000', NULL, '0', 0, 0, NULL, NULL, NULL, NULL, NULL, NULL, NULL, NULL, NULL, 0, 0, 0, '0.0000', '0.0000', 0, 0, 0, NULL, 0),
(675, 519, NULL, '0.0000', '10.0000', '30.0000', 0, '', NULL, '0.0000', NULL, '0', 0, 0, NULL, NULL, NULL, NULL, NULL, NULL, NULL, NULL, NULL, 0, 0, 0, '0.0000', '0.0000', 0, 0, 0, NULL, 0),
(676, 519, NULL, '0.0000', '10.0000', '30.0000', 0, '', NULL, '0.0000', NULL, '0', 0, 0, NULL, NULL, NULL, NULL, NULL, NULL, NULL, NULL, NULL, 0, 0, 0, '0.0000', '0.0000', 0, 0, 0, NULL, 0),
(677, 519, NULL, '0.0000', '10.0000', '30.0000', 0, '', NULL, '0.0000', NULL, '0', 0, 0, NULL, NULL, NULL, NULL, NULL, NULL, NULL, NULL, NULL, 0, 0, 0, '0.0000', '0.0000', 0, 0, 0, NULL, 0),
(678, 519, NULL, '0.0000', '10.0000', '30.0000', 0, '', NULL, '0.0000', NULL, '0', 0, 0, NULL, NULL, NULL, NULL, NULL, NULL, NULL, NULL, NULL, 0, 0, 0, '0.0000', '0.0000', 0, 0, 0, NULL, 0),
(679, 519, NULL, '0.0000', '10.0000', '30.0000', 0, '', NULL, '0.0000', NULL, '0', 0, 0, NULL, NULL, NULL, NULL, NULL, NULL, NULL, NULL, NULL, 0, 0, 0, '0.0000', '0.0000', 0, 0, 0, NULL, 0),
(680, 519, NULL, '0.0000', '10.0000', '30.0000', 0, '', NULL, '0.0000', NULL, '0', 0, 0, NULL, NULL, NULL, NULL, NULL, NULL, NULL, NULL, NULL, 0, 0, 0, '0.0000', '0.0000', 0, 0, 0, NULL, 0),
(681, 519, NULL, '0.0000', '10.0000', '30.0000', 0, '', NULL, '0.0000', NULL, '0', 0, 0, NULL, NULL, NULL, NULL, NULL, NULL, NULL, NULL, NULL, 0, 0, 0, '0.0000', '0.0000', 0, 0, 0, NULL, 0),
(682, 519, NULL, '0.0000', '10.0000', '30.0000', 0, '', NULL, '0.0000', NULL, '0', 0, 0, NULL, NULL, NULL, NULL, NULL, NULL, NULL, NULL, NULL, 0, 0, 0, '0.0000', '0.0000', 0, 0, 0, NULL, 0),
(683, 519, NULL, '0.0000', '10.0000', '30.0000', 0, '', NULL, '0.0000', NULL, '0', 0, 0, NULL, NULL, NULL, NULL, NULL, NULL, NULL, NULL, NULL, 0, 0, 0, '0.0000', '0.0000', 0, 0, 0, NULL, 0),
(684, 519, NULL, '0.0000', '10.0000', '30.0000', 0, '', NULL, '0.0000', NULL, '0', 0, 0, NULL, NULL, NULL, NULL, NULL, NULL, NULL, NULL, NULL, 0, 0, 0, '0.0000', '0.0000', 0, 0, 0, NULL, 0),
(685, 519, NULL, '0.0000', '3.0000', '5.0000', 0, '', NULL, '0.0000', NULL, '0', 0, 0, NULL, NULL, NULL, NULL, NULL, NULL, NULL, NULL, NULL, 0, 0, 0, '0.0000', '0.0000', 0, 0, 0, NULL, 0),
(686, 519, NULL, '0.0000', '10.0000', '30.0000', 0, '', NULL, '0.0000', NULL, '0', 0, 0, NULL, NULL, NULL, NULL, NULL, NULL, NULL, NULL, NULL, 0, 0, 0, '0.0000', '0.0000', 0, 0, 0, NULL, 0),
(687, 519, NULL, '0.0000', '4.0000', '8.0000', 0, '', NULL, '0.0000', NULL, '0', 0, 0, NULL, NULL, NULL, NULL, NULL, NULL, NULL, NULL, NULL, 0, 0, 0, '0.0000', '0.0000', 0, 0, 0, NULL, 0),
(688, 519, NULL, '0.0000', '10.0000', '30.0000', 0, '', NULL, '0.0000', NULL, '0', 0, 0, NULL, NULL, NULL, NULL, NULL, NULL, NULL, NULL, NULL, 0, 0, 0, '0.0000', '0.0000', 0, 0, 0, NULL, 0),
(689, 519, NULL, '0.0000', '10.0000', '30.0000', 0, '', NULL, '0.0000', NULL, '0', 0, 0, NULL, NULL, NULL, NULL, NULL, NULL, NULL, NULL, NULL, 0, 0, 0, '0.0000', '0.0000', 0, 0, 0, NULL, 0),
(690, 519, NULL, '0.0000', '10.0000', '30.0000', 0, '', NULL, '0.0000', NULL, '0', 0, 0, NULL, NULL, NULL, NULL, NULL, NULL, NULL, NULL, NULL, 0, 0, 0, '0.0000', '0.0000', 0, 0, 0, NULL, 0),
(691, 519, NULL, '0.0000', '10.0000', '30.0000', 0, '', NULL, '0.0000', NULL, '0', 0, 0, NULL, NULL, NULL, NULL, NULL, NULL, NULL, NULL, NULL, 0, 0, 0, '0.0000', '0.0000', 0, 0, 0, NULL, 0),
(692, 519, NULL, '0.0000', '10.0000', '30.0000', 0, '', NULL, '0.0000', NULL, '0', 0, 0, NULL, NULL, NULL, NULL, NULL, NULL, NULL, NULL, NULL, 0, 0, 0, '0.0000', '0.0000', 0, 0, 0, NULL, 0),
(693, 519, NULL, '0.0000', '10.0000', '30.0000', 0, '', NULL, '0.0000', NULL, '0', 0, 0, NULL, NULL, NULL, NULL, NULL, NULL, NULL, NULL, NULL, 0, 0, 0, '0.0000', '0.0000', 0, 0, 0, NULL, 0),
(694, 519, NULL, '0.0000', '10.0000', '30.0000', 0, '', NULL, '0.0000', NULL, '0', 0, 0, NULL, NULL, NULL, NULL, NULL, NULL, NULL, NULL, NULL, 0, 0, 0, '0.0000', '0.0000', 0, 0, 0, NULL, 0),
(695, 519, NULL, '0.0000', '10.0000', '30.0000', 0, '', NULL, '0.0000', NULL, '0', 0, 0, NULL, NULL, NULL, NULL, NULL, NULL, NULL, NULL, NULL, 0, 0, 0, '0.0000', '0.0000', 0, 0, 0, NULL, 0),
(696, 519, NULL, '0.0000', '10.0000', '30.0000', 0, '', NULL, '0.0000', NULL, '0', 0, 0, NULL, NULL, NULL, NULL, NULL, NULL, NULL, NULL, NULL, 0, 0, 0, '0.0000', '0.0000', 0, 0, 0, NULL, 0),
(697, 519, NULL, '0.0000', '1.0000', '1.0000', 0, '', NULL, '0.0000', NULL, '0', 0, 0, NULL, NULL, NULL, NULL, NULL, NULL, NULL, NULL, NULL, 0, 0, 0, '0.0000', '0.0000', 0, 0, 0, NULL, 0),
(698, 519, NULL, '0.0000', '10.0000', '30.0000', 0, '', NULL, '0.0000', NULL, '0', 0, 0, NULL, NULL, NULL, NULL, NULL, NULL, NULL, NULL, NULL, 0, 0, 0, '0.0000', '0.0000', 0, 0, 0, NULL, 0),
(699, 519, NULL, '0.0000', '1.0000', '1.0000', 0, '', NULL, '0.0000', NULL, '0', 0, 0, NULL, NULL, NULL, NULL, NULL, NULL, NULL, NULL, NULL, 0, 0, 0, '0.0000', '0.0000', 0, 0, 0, NULL, 0),
(700, 519, NULL, '0.0000', '1.0000', '1.0000', 0, '', NULL, '0.0000', NULL, '0', 0, 0, NULL, NULL, NULL, NULL, NULL, NULL, NULL, NULL, NULL, 0, 0, 0, '0.0000', '0.0000', 0, 0, 0, NULL, 0),
(701, 519, NULL, '0.0000', '10.0000', '30.0000', 0, '', NULL, '0.0000', NULL, '0', 0, 0, NULL, NULL, NULL, NULL, NULL, NULL, NULL, NULL, NULL, 0, 0, 0, '0.0000', '0.0000', 0, 0, 0, NULL, 0),
(702, 519, NULL, '0.0000', '1.0000', '1.0000', 0, '', NULL, '0.0000', NULL, '0', 0, 0, NULL, NULL, NULL, NULL, NULL, NULL, NULL, NULL, NULL, 0, 0, 0, '0.0000', '0.0000', 0, 0, 0, NULL, 0),
(703, 519, NULL, '0.0000', '1.0000', '1.0000', 0, '', NULL, '0.0000', NULL, '0', 0, 0, NULL, NULL, NULL, NULL, NULL, NULL, NULL, NULL, NULL, 0, 0, 0, '0.0000', '0.0000', 0, 0, 0, NULL, 0),
(704, 519, NULL, '0.0000', '10.0000', '30.0000', 0, '', NULL, '0.0000', NULL, '0', 0, 0, NULL, NULL, NULL, NULL, NULL, NULL, NULL, NULL, NULL, 0, 0, 0, '0.0000', '0.0000', 0, 0, 0, NULL, 0),
(705, 519, NULL, '0.0000', '4.0000', '6.0000', 0, '', NULL, '0.0000', NULL, '0', 0, 0, NULL, NULL, NULL, NULL, NULL, NULL, NULL, NULL, NULL, 0, 0, 0, '0.0000', '0.0000', 0, 0, 0, NULL, 0),
(706, 519, NULL, '0.0000', '1.0000', '1.0000', 0, '', NULL, '0.0000', NULL, '0', 0, 0, NULL, NULL, NULL, NULL, NULL, NULL, NULL, NULL, NULL, 0, 0, 0, '0.0000', '0.0000', 0, 0, 0, NULL, 0),
(707, 519, NULL, '0.0000', '10.0000', '30.0000', 0, '', NULL, '0.0000', NULL, '0', 0, 0, NULL, NULL, NULL, NULL, NULL, NULL, NULL, NULL, NULL, 0, 0, 0, '0.0000', '0.0000', 0, 0, 0, NULL, 0),
(708, 519, NULL, '0.0000', '1.0000', '1.0000', 0, '', NULL, '0.0000', NULL, '0', 0, 0, NULL, NULL, NULL, NULL, NULL, NULL, NULL, NULL, NULL, 0, 0, 0, '0.0000', '0.0000', 0, 0, 0, NULL, 0),
(709, 519, NULL, '0.0000', '1.0000', '1.0000', 0, '', NULL, '0.0000', NULL, '0', 0, 0, NULL, NULL, NULL, NULL, NULL, NULL, NULL, NULL, NULL, 0, 0, 0, '0.0000', '0.0000', 0, 0, 0, NULL, 0),
(710, 519, NULL, '0.0000', '1.0000', '1.0000', 0, '', NULL, '0.0000', NULL, '0', 0, 0, NULL, NULL, NULL, NULL, NULL, NULL, NULL, NULL, NULL, 0, 0, 0, '0.0000', '0.0000', 0, 0, 0, NULL, 0),
(711, 519, NULL, '0.0000', '1.0000', '1.0000', 0, '', NULL, '0.0000', NULL, '0', 0, 0, NULL, NULL, NULL, NULL, NULL, NULL, NULL, NULL, NULL, 0, 0, 0, '0.0000', '0.0000', 0, 0, 0, NULL, 0),
(712, 519, NULL, '0.0000', '1.0000', '1.0000', 0, '', NULL, '0.0000', NULL, '0', 0, 0, NULL, NULL, NULL, NULL, NULL, NULL, NULL, NULL, NULL, 0, 0, 0, '0.0000', '0.0000', 0, 0, 0, NULL, 0),
(713, 519, NULL, '0.0000', '1.0000', '1.0000', 0, '', NULL, '0.0000', NULL, '0', 0, 0, NULL, NULL, NULL, NULL, NULL, NULL, NULL, NULL, NULL, 0, 0, 0, '0.0000', '0.0000', 0, 0, 0, NULL, 0),
(715, 519, NULL, '0.0000', '1.0000', '1.0000', 0, '', NULL, '0.0000', NULL, '0', 0, 0, NULL, NULL, NULL, NULL, NULL, NULL, NULL, NULL, NULL, 0, 0, 0, '0.0000', '0.0000', 0, 0, 0, NULL, 0),
(716, 519, NULL, '0.0000', '3.0000', '4.0000', 0, '', NULL, '0.0000', NULL, '0', 0, 0, NULL, NULL, NULL, NULL, NULL, NULL, NULL, NULL, NULL, 0, 0, 0, '0.0000', '0.0000', 0, 0, 0, NULL, 0),
(717, 519, NULL, '0.0000', '10.0000', '30.0000', 0, '', NULL, '0.0000', NULL, '0', 0, 0, NULL, NULL, NULL, NULL, NULL, NULL, NULL, NULL, NULL, 0, 0, 0, '0.0000', '0.0000', 0, 0, 0, NULL, 0),
(718, 519, NULL, '0.0000', '1.0000', '1.0000', 0, '', NULL, '0.0000', NULL, '0', 0, 0, NULL, NULL, NULL, NULL, NULL, NULL, NULL, NULL, NULL, 0, 0, 0, '0.0000', '0.0000', 0, 0, 0, NULL, 0),
(719, 519, NULL, '0.0000', '1.0000', '1.0000', 0, '', NULL, '0.0000', NULL, '0', 0, 0, NULL, NULL, NULL, NULL, NULL, NULL, NULL, NULL, NULL, 0, 0, 0, '0.0000', '0.0000', 0, 0, 0, NULL, 0),
(720, 519, NULL, '0.0000', '1.0000', '1.0000', 0, '', NULL, '0.0000', NULL, '0', 0, 0, NULL, NULL, NULL, NULL, NULL, NULL, NULL, NULL, NULL, 0, 0, 0, '0.0000', '0.0000', 0, 0, 0, NULL, 0),
(721, 519, NULL, '0.0000', '1.0000', '1.0000', 0, '', NULL, '0.0000', NULL, '0', 0, 0, NULL, NULL, NULL, NULL, NULL, NULL, NULL, NULL, NULL, 0, 0, 0, '0.0000', '0.0000', 0, 0, 0, NULL, 0),
(722, 519, NULL, '0.0000', '1.0000', '1.0000', 0, '', NULL, '0.0000', NULL, '0', 0, 0, NULL, NULL, NULL, NULL, NULL, NULL, NULL, NULL, NULL, 0, 0, 0, '0.0000', '0.0000', 0, 0, 0, NULL, 0),
(723, 519, NULL, '0.0000', '3.0000', '6000.0000', 0, '', NULL, '0.0000', NULL, '0', 0, 0, NULL, NULL, NULL, NULL, NULL, NULL, NULL, NULL, NULL, 0, 0, 0, '0.0000', '0.0000', 0, 0, 0, NULL, 0),
(725, 519, NULL, '0.0000', '1.0000', '3.0000', 0, '', NULL, '0.0000', NULL, '0', 0, 0, NULL, NULL, NULL, NULL, NULL, NULL, NULL, NULL, NULL, 0, 0, 0, '0.0000', '0.0000', 0, 0, 0, NULL, 0),
(726, 519, NULL, '0.0000', '1.0000', '3.0000', 0, '', NULL, '0.0000', NULL, '0', 0, 0, NULL, NULL, NULL, NULL, NULL, NULL, NULL, NULL, NULL, 0, 0, 0, '0.0000', '0.0000', 0, 0, 0, NULL, 0),
(727, 519, NULL, '0.0000', '1.0000', '3.0000', 0, '', NULL, '0.0000', NULL, '0', 0, 0, NULL, NULL, NULL, NULL, NULL, NULL, NULL, NULL, NULL, 0, 0, 0, '0.0000', '0.0000', 0, 0, 0, NULL, 0),
(740, 515, NULL, '0.0000', '0.0000', '0.0000', 0, '', NULL, '0.0000', NULL, '0', 0, 0, NULL, NULL, NULL, NULL, NULL, NULL, NULL, NULL, NULL, 0, 0, 0, '0.0000', '0.0000', 0, 0, 0, NULL, 0),
(740, 516, NULL, '11.0000', '0.0000', '0.0000', 0, '', NULL, '0.0000', NULL, '0', 0, 0, NULL, NULL, NULL, NULL, NULL, NULL, NULL, NULL, NULL, 0, 0, 0, '0.0000', '0.0000', 0, 0, 0, NULL, 0),
(740, 517, NULL, '0.0000', '0.0000', '0.0000', 0, NULL, NULL, '0.0000', NULL, '0', 0, 0, NULL, NULL, NULL, NULL, NULL, NULL, NULL, NULL, NULL, 0, 0, 0, '0.0000', '0.0000', 0, 0, 0, NULL, 0),
(740, 518, NULL, '0.0000', '0.0000', '0.0000', 0, NULL, NULL, '0.0000', NULL, '0', 0, 0, NULL, NULL, NULL, NULL, NULL, NULL, NULL, NULL, NULL, 0, 0, 0, '0.0000', '0.0000', 0, 0, 0, NULL, 0),
(740, 520, NULL, '0.0000', '0.0000', '0.0000', 0, NULL, NULL, '0.0000', NULL, '0', 0, 0, NULL, NULL, NULL, NULL, NULL, NULL, NULL, NULL, NULL, 0, 0, 0, '0.0000', '0.0000', 0, 0, 0, NULL, 0),
(740, 521, NULL, '0.0000', '0.0000', '0.0000', 0, NULL, NULL, '0.0000', NULL, '0', 0, 0, NULL, NULL, NULL, NULL, NULL, NULL, NULL, NULL, NULL, 0, 0, 0, '0.0000', '0.0000', 0, 0, 0, NULL, 0),
(740, 522, NULL, '2000.0000', '0.0000', '1000.0000', 0, NULL, NULL, '0.0000', NULL, '0', 0, 0, NULL, NULL, NULL, NULL, NULL, NULL, NULL, NULL, NULL, 0, 0, 13, '0.0000', '0.0000', 0, 0, 0, NULL, 1),
(741, 515, NULL, '0.0000', '0.0000', '0.0000', 0, '', NULL, '0.0000', NULL, '0', 0, 0, NULL, NULL, NULL, NULL, NULL, NULL, NULL, NULL, NULL, 0, 0, 0, '0.0000', '0.0000', 0, 0, 0, NULL, 0),
(741, 516, NULL, '0.0000', '0.0000', '0.0000', 0, '', NULL, '0.0000', NULL, '0', 0, 0, NULL, NULL, NULL, NULL, NULL, NULL, NULL, NULL, NULL, 0, 0, 0, '0.0000', '0.0000', 0, 0, 0, NULL, 0),
(741, 517, NULL, '0.0000', '0.0000', '0.0000', 0, NULL, NULL, '0.0000', NULL, '0', 0, 0, NULL, NULL, NULL, NULL, NULL, NULL, NULL, NULL, NULL, 0, 0, 0, '0.0000', '0.0000', 0, 0, 0, NULL, 0),
(741, 518, NULL, '0.0000', '0.0000', '0.0000', 0, NULL, NULL, '0.0000', NULL, '0', 0, 0, NULL, NULL, NULL, NULL, NULL, NULL, NULL, NULL, NULL, 0, 0, 0, '0.0000', '0.0000', 0, 0, 0, NULL, 0),
(741, 520, NULL, '9999.0000', '0.0000', '0.0000', 0, NULL, NULL, '0.0000', NULL, '0', 0, 0, NULL, NULL, NULL, NULL, NULL, NULL, NULL, NULL, NULL, 0, 0, 0, '0.0000', '0.0000', 0, 0, 0, NULL, 0),
(741, 521, NULL, '0.0000', '0.0000', '0.0000', 0, NULL, NULL, '0.0000', NULL, '0', 0, 0, NULL, NULL, NULL, NULL, NULL, NULL, NULL, NULL, NULL, 0, 0, 0, '0.0000', '0.0000', 0, 0, 0, NULL, 0),
(741, 522, NULL, '990.0000', '2000.0000', '10000.0000', 0, NULL, 164, '0.0000', 236, '20', 20, 20, 28, 'A', '2', 'B', '12', '', '', '', '', 0, 0, 0, '0.0000', '0.0000', 0, 0, 0, NULL, 0),
(744, 515, NULL, '0.0000', '0.0000', '0.0000', 0, 'Materialdescartable de todo tipo color purpura   vendido en cajaqs, resmas, pieza , etc.', NULL, '0.0000', NULL, '0', 0, 0, NULL, NULL, NULL, NULL, NULL, NULL, NULL, NULL, NULL, 0, 0, 0, '0.0000', '0.0000', 0, 0, 0, NULL, 0),
(744, 516, NULL, '11.0000', '0.0000', '0.0000', 0, NULL, NULL, '0.0000', NULL, '0', 0, 0, NULL, NULL, NULL, NULL, NULL, NULL, NULL, NULL, NULL, 0, 0, 0, '0.0000', '0.0000', 0, 0, 0, NULL, 0),
(744, 517, NULL, '0.0000', '0.0000', '0.0000', 0, NULL, NULL, '0.0000', NULL, '0', 0, 0, NULL, NULL, NULL, NULL, NULL, NULL, NULL, NULL, NULL, 0, 0, 0, '0.0000', '0.0000', 0, 0, 0, NULL, 0),
(744, 518, NULL, '0.0000', '0.0000', '0.0000', 0, NULL, NULL, '0.0000', NULL, '0', 0, 0, NULL, NULL, NULL, NULL, NULL, NULL, NULL, NULL, NULL, 0, 0, 0, '0.0000', '0.0000', 0, 0, 0, NULL, 0),
(744, 520, NULL, '0.0000', '0.0000', '0.0000', 0, NULL, NULL, '0.0000', NULL, '0', 0, 0, NULL, NULL, NULL, NULL, NULL, NULL, NULL, NULL, NULL, 0, 0, 0, '0.0000', '0.0000', 0, 0, 0, NULL, 0),
(744, 521, NULL, '0.0000', '0.0000', '0.0000', 0, NULL, NULL, '0.0000', NULL, '0', 0, 0, NULL, NULL, NULL, NULL, NULL, NULL, NULL, NULL, NULL, 0, 0, 0, '0.0000', '0.0000', 0, 0, 0, NULL, 0),
(744, 522, NULL, '0.0000', '0.0000', '1000.0000', 0, NULL, NULL, '0.0000', NULL, '0', 0, 0, NULL, NULL, NULL, NULL, NULL, NULL, NULL, NULL, NULL, 8, 13, 13, '0.0000', '0.0000', 0, 0, 0, NULL, 0),
(745, 515, NULL, '0.0000', '0.0000', '0.0000', 0, '', NULL, '0.0000', NULL, '0', 0, 0, NULL, NULL, NULL, NULL, NULL, NULL, NULL, NULL, NULL, 0, 0, 0, '0.0000', '0.0000', 0, 0, 0, NULL, 0),
(745, 516, NULL, '0.0000', '0.0000', '0.0000', 0, NULL, NULL, '0.0000', NULL, '0', 0, 0, NULL, NULL, NULL, NULL, NULL, NULL, NULL, NULL, NULL, 0, 0, 0, '0.0000', '0.0000', 0, 0, 0, NULL, 0),
(745, 517, NULL, '0.0000', '0.0000', '0.0000', 0, NULL, NULL, '0.0000', NULL, '0', 0, 0, NULL, NULL, NULL, NULL, NULL, NULL, NULL, NULL, NULL, 0, 0, 0, '0.0000', '0.0000', 0, 0, 0, NULL, 0),
(745, 518, NULL, '0.0000', '0.0000', '0.0000', 0, NULL, NULL, '0.0000', NULL, '0', 0, 0, NULL, NULL, NULL, NULL, NULL, NULL, NULL, NULL, NULL, 0, 0, 0, '0.0000', '0.0000', 0, 0, 0, NULL, 0),
(745, 520, NULL, '0.0000', '0.0000', '0.0000', 0, NULL, NULL, '0.0000', NULL, '0', 0, 0, NULL, NULL, NULL, NULL, NULL, NULL, NULL, NULL, NULL, 0, 0, 0, '0.0000', '0.0000', 0, 0, 0, NULL, 0),
(745, 521, NULL, '0.0000', '0.0000', '0.0000', 0, NULL, NULL, '0.0000', NULL, '0', 0, 0, NULL, NULL, NULL, NULL, NULL, NULL, NULL, NULL, NULL, 0, 0, 0, '0.0000', '0.0000', 0, 0, 0, NULL, 0),
(745, 522, NULL, '10.0000', '0.0000', '8000.0000', 0, NULL, NULL, '0.0000', NULL, '0', 0, 0, NULL, NULL, NULL, NULL, NULL, NULL, NULL, NULL, NULL, 0, 0, 13, '0.0000', '0.0000', 0, 0, 0, NULL, 1),
(746, 515, NULL, '0.0000', '0.0000', '0.0000', 0, '', NULL, '0.0000', NULL, '0', 0, 0, NULL, NULL, NULL, NULL, NULL, NULL, NULL, NULL, NULL, 0, 0, 0, '0.0000', '0.0000', 0, 0, 0, NULL, 0),
(746, 516, NULL, '0.0000', '0.0000', '0.0000', 0, NULL, NULL, '0.0000', NULL, '0', 0, 0, NULL, NULL, NULL, NULL, NULL, NULL, NULL, NULL, NULL, 0, 0, 0, '0.0000', '0.0000', 0, 0, 0, NULL, 0),
(746, 522, NULL, '1000.0000', '0.0000', '10000.0000', 0, NULL, NULL, '0.0000', NULL, '0', 0, 0, NULL, NULL, NULL, NULL, NULL, NULL, NULL, NULL, NULL, 0, 0, 13, '0.0000', '0.0000', 0, 0, 0, NULL, 1),
(749, 515, NULL, '0.0000', '0.0000', '0.0000', 0, '', NULL, '0.0000', NULL, '0', 0, 0, NULL, NULL, NULL, NULL, NULL, NULL, NULL, NULL, NULL, 0, 0, 0, '0.0000', '0.0000', 0, 0, 0, NULL, 0),
(751, 515, NULL, '0.0000', '0.0000', '0.0000', 0, '', NULL, '0.0000', NULL, '0', 0, 0, NULL, NULL, NULL, NULL, NULL, NULL, NULL, NULL, NULL, 0, 0, 0, '0.0000', '0.0000', 0, 0, 0, NULL, 0),
(751, 516, NULL, '0.0000', '0.0000', '0.0000', 0, NULL, NULL, '0.0000', NULL, '0', 0, 0, NULL, NULL, NULL, NULL, NULL, NULL, NULL, NULL, NULL, 0, 0, 0, '0.0000', '0.0000', 0, 0, 0, NULL, 0),
(751, 520, NULL, '998.0000', '1200.0000', '3000.0000', 0, NULL, NULL, '0.0000', NULL, '0', 0, 0, NULL, NULL, NULL, NULL, NULL, NULL, NULL, NULL, NULL, 0, 0, 0, '0.0000', '0.0000', 0, 0, 0, NULL, 0),
(751, 522, NULL, '101.0000', '150.0000', '300.0000', 0, NULL, NULL, '0.0000', NULL, '0', 0, 0, NULL, NULL, NULL, NULL, NULL, NULL, NULL, NULL, NULL, 0, 0, 0, '0.0000', '0.0000', 0, 0, 0, NULL, 0),
(752, 515, NULL, '0.0000', '0.0000', '0.0000', 0, '', NULL, '0.0000', NULL, '0', 0, 0, NULL, NULL, NULL, NULL, NULL, NULL, NULL, NULL, NULL, 0, 0, 0, '0.0000', '0.0000', 0, 0, 0, NULL, 0),
(752, 516, NULL, '0.0000', '0.0000', '0.0000', 0, NULL, NULL, '0.0000', NULL, '0', 0, 0, NULL, NULL, NULL, NULL, NULL, NULL, NULL, NULL, NULL, 0, 0, 0, '0.0000', '0.0000', 0, 0, 0, NULL, 0),
(752, 522, NULL, '100000.0000', '0.0000', '0.0000', 0, NULL, NULL, '0.0000', NULL, '0', 0, 0, NULL, NULL, NULL, NULL, NULL, NULL, NULL, NULL, NULL, 0, 0, 0, '0.0000', '0.0000', 0, 0, 0, NULL, 0),
(755, 515, NULL, '0.0000', '0.0000', '0.0000', 0, '', NULL, '0.0000', NULL, '0', 0, 0, NULL, NULL, NULL, NULL, NULL, NULL, NULL, NULL, NULL, 0, 0, 0, '0.0000', '0.0000', 0, 0, 0, NULL, 0),
(756, 515, NULL, '0.0000', '0.0000', '0.0000', 0, '', NULL, '0.0000', NULL, '0', 0, 0, NULL, NULL, NULL, NULL, NULL, NULL, NULL, NULL, NULL, 0, 0, 0, '0.0000', '0.0000', 0, 0, 0, NULL, 0),
(757, 515, NULL, '0.0000', '0.0000', '0.0000', 0, '', NULL, '0.0000', NULL, '0', 0, 0, NULL, NULL, NULL, NULL, NULL, NULL, NULL, NULL, NULL, 0, 0, 0, '0.0000', '0.0000', 0, 0, 0, NULL, 0);
INSERT INTO `mercancia_has_unidad_negocio` (`mercancia_id`, `unidad_negocio_id`, `codigo_modelo`, `existencia`, `stock_min`, `stock_max`, `status`, `descripcion`, `tipo_inventario_id`, `punto_reorden`, `tipo_almacenaje_id`, `ancho`, `alto`, `largo`, `umvolumen_id`, `zona`, `pasillo`, `cuadrante`, `paleta`, `rack`, `columna`, `estante`, `entre_panio`, `um_recepcion_id`, `um_despacho_id`, `um_sistema_id`, `cantumdespacho_x_cantumrecepcion`, `cantumsistema_x_cantumdespacho`, `periodo_requisicion_id`, `dia_requisicion_id`, `horas_requisicion`, `fecha_prox_mtto`, `existencia_cargada`) VALUES
(759, 515, NULL, '0.0000', '0.0000', '0.0000', 0, '', NULL, '0.0000', NULL, '0', 0, 0, NULL, NULL, NULL, NULL, NULL, NULL, NULL, NULL, NULL, 0, 0, 0, '0.0000', '0.0000', 0, 0, 0, NULL, 0),
(760, 515, NULL, '0.0000', '0.0000', '0.0000', 0, '', NULL, '0.0000', NULL, '0', 0, 0, NULL, NULL, NULL, NULL, NULL, NULL, NULL, NULL, NULL, 0, 0, 0, '0.0000', '0.0000', 0, 0, 0, NULL, 0),
(761, 515, NULL, '0.0000', '0.0000', '0.0000', 0, '', NULL, '0.0000', NULL, '0', 0, 0, NULL, NULL, NULL, NULL, NULL, NULL, NULL, NULL, NULL, 0, 0, 0, '0.0000', '0.0000', 0, 0, 0, NULL, 0),
(761, 516, NULL, '0.0000', '0.0000', '0.0000', 0, NULL, NULL, '0.0000', NULL, '0', 0, 0, NULL, NULL, NULL, NULL, NULL, NULL, NULL, NULL, NULL, 0, 0, 0, '0.0000', '0.0000', 0, 0, 0, NULL, 0),
(761, 520, NULL, '0.0000', '0.0000', '0.0000', 0, NULL, NULL, '0.0000', NULL, '0', 0, 0, NULL, NULL, NULL, NULL, NULL, NULL, NULL, NULL, NULL, 0, 0, 0, '0.0000', '0.0000', 0, 0, 0, NULL, 0),
(761, 522, NULL, '14.0000', '5.0000', '15.0000', 0, NULL, 164, '7.0000', 238, '1', 1, 1, 26, '', '', '', '1', '', '', '', '', 0, 0, 13, '0.0000', '0.0000', 0, 0, 0, NULL, 1),
(762, 515, NULL, '0.0000', '0.0000', '0.0000', 0, '', NULL, '0.0000', NULL, '0', 0, 0, NULL, NULL, NULL, NULL, NULL, NULL, NULL, NULL, NULL, 0, 0, 0, '0.0000', '0.0000', 0, 0, 0, NULL, 0),
(763, 515, NULL, '0.0000', '0.0000', '0.0000', 0, '', NULL, '0.0000', NULL, '0', 0, 0, NULL, NULL, NULL, NULL, NULL, NULL, NULL, NULL, NULL, 0, 0, 0, '0.0000', '0.0000', 0, 0, 0, NULL, 0),
(765, 515, NULL, '0.0000', '0.0000', '0.0000', 0, '', NULL, '0.0000', NULL, '0', 0, 0, NULL, NULL, NULL, NULL, NULL, NULL, NULL, NULL, NULL, 0, 0, 0, '0.0000', '0.0000', 0, 0, 0, NULL, 0),
(767, 515, NULL, '0.0000', '0.0000', '0.0000', 0, '', NULL, '0.0000', NULL, '0', 0, 0, NULL, NULL, NULL, NULL, NULL, NULL, NULL, NULL, NULL, 0, 0, 0, '0.0000', '0.0000', 0, 0, 0, NULL, 0),
(768, 515, NULL, '0.0000', '0.0000', '0.0000', 0, '', NULL, '0.0000', NULL, '0', 0, 0, NULL, NULL, NULL, NULL, NULL, NULL, NULL, NULL, NULL, 0, 0, 0, '0.0000', '0.0000', 0, 0, 0, NULL, 0),
(769, 515, NULL, '0.0000', '0.0000', '0.0000', 0, '', NULL, '0.0000', NULL, '0', 0, 0, NULL, NULL, NULL, NULL, NULL, NULL, NULL, NULL, NULL, 0, 0, 0, '0.0000', '0.0000', 0, 0, 0, NULL, 0),
(812, 515, NULL, '0.0000', '0.0000', '0.0000', 0, '', NULL, '0.0000', NULL, '0', 0, 0, NULL, NULL, NULL, NULL, NULL, NULL, NULL, NULL, NULL, 0, 0, 0, '0.0000', '0.0000', 0, 0, 0, NULL, 0),
(815, 515, NULL, '0.0000', '0.0000', '0.0000', 0, '', NULL, '0.0000', NULL, '0', 0, 0, NULL, NULL, NULL, NULL, NULL, NULL, NULL, NULL, NULL, 0, 0, 0, '0.0000', '0.0000', 0, 0, 0, NULL, 0);

-- --------------------------------------------------------

--
-- Table structure for table `modelo`
--

CREATE TABLE `modelo` (
  `id` int(11) NOT NULL,
  `nombre` varchar(45) DEFAULT NULL,
  `sigla` varchar(45) DEFAULT NULL,
  `padre_id` int(11) DEFAULT NULL
) ENGINE=InnoDB AUTO_INCREMENT=41 DEFAULT CHARSET=utf8;

--
-- Dumping data for table `modelo`
--

INSERT INTO `modelo` (`id`, `nombre`, `sigla`, `padre_id`) VALUES
(1, 'division', NULL, NULL),
(2, 'modelo', NULL, NULL),
(3, 'submodelo', NULL, NULL),
(4, 'Fast Food', 'FF', 1),
(5, 'Full Services', 'FS', 1),
(6, 'Otros', 'OTR', 1),
(7, 'Full pizza', 'FP', 4),
(8, 'Full pizza (PTY)', 'FP(PT', 4),
(9, 'Oh lala', 'OH', 4),
(10, 'Pizza loka', 'PLK', 4),
(11, 'Rico burrito', 'RB', 4),
(12, 'Rico burrito (PTY)', 'RB(PT', 4),
(13, 'Muffin', 'MF', 4),
(14, 'Chip & Cookie', 'C&C', 4),
(15, 'Telepizza', 'TP', 4),
(16, 'Antillana', 'AN', 5),
(17, 'Green Martini', 'GM', 5),
(18, 'Piccola', 'PCL', 4),
(19, 'Trattoria', 'TRA', 5),
(20, 'Boulevard cafe (PTY)', 'BC(PT', 5),
(21, 'Bagel', 'BG', 4),
(22, 'Ingenieria de valor', 'IV', 3),
(23, 'Ovalado', 'OV', 3),
(24, 'Reingenieria', 'RI', 3),
(25, 'Tradicional', 'TR', 3),
(26, 'La Mar', 'LM', 5),
(27, 'Ratail', 'RT', 1),
(28, 'Multifranquicias', NULL, 6),
(29, 'XC2', NULL, 6),
(30, 'Wanai', NULL, 6),
(31, 'Propolca', NULL, 6),
(32, 'Zucor', NULL, 6),
(33, 'braintax', NULL, 6),
(34, 'Tradicional', 'TR', 8),
(35, 'Tradicional', 'TR', 12),
(36, 'Tradicional', 'TR', 20),
(37, 'Domingo luciani', 'DL', 6),
(38, 'Tradicional', 'TR', 37),
(39, 'Domingo luciani', 'DL', 6),
(40, 'Tradicional', 'TR', 39);

-- --------------------------------------------------------

--
-- Table structure for table `modelo_has_grupo`
--

CREATE TABLE `modelo_has_grupo` (
  `modelo_id` int(11) NOT NULL,
  `grupo_id` int(11) NOT NULL
) ENGINE=InnoDB DEFAULT CHARSET=utf8;

--
-- Dumping data for table `modelo_has_grupo`
--

INSERT INTO `modelo_has_grupo` (`modelo_id`, `grupo_id`) VALUES
(22, 1),
(22, 2);

-- --------------------------------------------------------

--
-- Table structure for table `modelo_has_receta`
--

CREATE TABLE `modelo_has_receta` (
  `modelo_id` int(11) NOT NULL,
  `receta_id` int(11) NOT NULL
) ENGINE=InnoDB DEFAULT CHARSET=utf8;

--
-- Dumping data for table `modelo_has_receta`
--

INSERT INTO `modelo_has_receta` (`modelo_id`, `receta_id`) VALUES
(7, 1),
(7, 2),
(7, 10),
(9, 11),
(7, 12),
(7, 13),
(7, 14),
(9, 15),
(7, 16),
(7, 17),
(7, 18),
(7, 19),
(20, 20),
(20, 21),
(8, 22),
(8, 23),
(8, 24),
(20, 26),
(20, 27),
(12, 28),
(12, 29),
(12, 30),
(12, 31),
(8, 32),
(12, 33),
(12, 34),
(8, 35),
(8, 36),
(8, 37),
(8, 38),
(8, 39),
(8, 40),
(8, 42),
(8, 43),
(8, 44),
(8, 45);

-- --------------------------------------------------------

--
-- Table structure for table `modelo_has_submodelo`
--

CREATE TABLE `modelo_has_submodelo` (
  `id` int(11) NOT NULL,
  `modelo_id` int(11) NOT NULL,
  `sub_modelo_id` int(11) NOT NULL
) ENGINE=InnoDB AUTO_INCREMENT=24 DEFAULT CHARSET=utf8;

--
-- Dumping data for table `modelo_has_submodelo`
--

INSERT INTO `modelo_has_submodelo` (`id`, `modelo_id`, `sub_modelo_id`) VALUES
(1, 7, 22),
(2, 7, 23),
(3, 7, 24),
(4, 7, 25),
(5, 8, 25),
(6, 9, 25),
(7, 10, 25),
(8, 11, 25),
(9, 12, 25),
(10, 13, 25),
(11, 14, 25),
(12, 15, 25),
(13, 16, 25),
(14, 17, 25),
(15, 18, 25),
(16, 19, 25),
(17, 20, 25),
(18, 21, 25),
(19, 8, 34),
(20, 12, 35),
(21, 20, 36),
(22, 37, 38),
(23, 39, 40);

-- --------------------------------------------------------

--
-- Table structure for table `notificacion_has_remision`
--

CREATE TABLE `notificacion_has_remision` (
  `fecha_enviada` date DEFAULT NULL,
  `fecha_recibida` date DEFAULT NULL,
  `reposicion_id` int(11) NOT NULL,
  `remision_id` int(11) NOT NULL,
  `unidad_negocio_id` int(11) NOT NULL,
  `status_id` int(11) NOT NULL,
  `chofer` varchar(200) DEFAULT NULL,
  `placa_vehiculo` varchar(45) DEFAULT NULL,
  `num_sobre` varchar(60) DEFAULT NULL,
  `fecha_carga` date DEFAULT NULL
) ENGINE=InnoDB DEFAULT CHARSET=utf8;

--
-- Dumping data for table `notificacion_has_remision`
--

INSERT INTO `notificacion_has_remision` (`fecha_enviada`, `fecha_recibida`, `reposicion_id`, `remision_id`, `unidad_negocio_id`, `status_id`, `chofer`, `placa_vehiculo`, `num_sobre`, `fecha_carga`) VALUES
(NULL, NULL, 1, 0, 520, 202, NULL, NULL, NULL, NULL),
('2018-09-15', NULL, 2, 0, 520, 201, 'hirwuin colmenares', '123456AT', '32-ADLL', '2018-09-15'),
(NULL, NULL, 3, 0, 520, 129, NULL, NULL, NULL, NULL);

-- --------------------------------------------------------

--
-- Table structure for table `orden`
--

CREATE TABLE `orden` (
  `id` int(11) NOT NULL,
  `num_transaccion` varchar(45) NOT NULL,
  `fecha` varchar(30) NOT NULL,
  `hora` varchar(30) NOT NULL,
  `cliente_id` int(11) NOT NULL,
  `tipo_pago_id` int(11) NOT NULL,
  `status_id` int(11) NOT NULL
) ENGINE=InnoDB DEFAULT CHARSET=utf8;

-- --------------------------------------------------------

--
-- Table structure for table `orden_compra`
--

CREATE TABLE `orden_compra` (
  `id` int(11) NOT NULL,
  `num_orden` varchar(45) NOT NULL,
  `fecha` date NOT NULL,
  `porcentaje_impuesto` int(11) NOT NULL DEFAULT '0',
  `impuesto` decimal(10,0) NOT NULL DEFAULT '0',
  `porcentaje_descuento` int(11) NOT NULL DEFAULT '0',
  `descuento` decimal(19,4) NOT NULL DEFAULT '0.0000',
  `total_orden` decimal(19,4) NOT NULL DEFAULT '0.0000',
  `proveedor_id` int(11) NOT NULL,
  `unidad_negocio_id` int(11) NOT NULL,
  `status_id` int(11) NOT NULL
) ENGINE=InnoDB DEFAULT CHARSET=utf8;

-- --------------------------------------------------------

--
-- Table structure for table `persona`
--

CREATE TABLE `persona` (
  `id` int(11) NOT NULL,
  `nombre` varchar(60) NOT NULL,
  `cargo` varchar(70) DEFAULT NULL,
  `telefono` varchar(25) NOT NULL,
  `correo` varchar(200) DEFAULT NULL,
  `tipo_persona_id` int(11) NOT NULL,
  `proveedor_id` int(11) NOT NULL
) ENGINE=InnoDB DEFAULT CHARSET=utf8;

-- --------------------------------------------------------

--
-- Table structure for table `produccion`
--

CREATE TABLE `produccion` (
  `id` int(11) NOT NULL,
  `fecha` date NOT NULL,
  `producto_id` int(11) NOT NULL,
  `cantidad` decimal(19,4) NOT NULL DEFAULT '0.0000',
  `rendimiento_ideal` decimal(19,4) NOT NULL DEFAULT '0.0000',
  `resultante` decimal(19,4) NOT NULL DEFAULT '0.0000',
  `unidad_medida_id` int(11) NOT NULL,
  `unidad_negocio_id` int(11) NOT NULL,
  `reversado` tinyint(1) NOT NULL DEFAULT '0',
  `totalcost` decimal(19,4) NOT NULL DEFAULT '0.0000',
  `porc_rendimiento` decimal(19,4) NOT NULL DEFAULT '0.0000'
) ENGINE=InnoDB DEFAULT CHARSET=latin1;

-- --------------------------------------------------------

--
-- Table structure for table `producto`
--

CREATE TABLE `producto` (
  `id` int(11) NOT NULL,
  `codigo` varchar(45) DEFAULT NULL,
  `codigo_tcr` varchar(45) DEFAULT NULL,
  `nombre` varchar(200) DEFAULT NULL,
  `costo` decimal(19,4) DEFAULT '0.0000',
  `porcentaje_costo` decimal(19,4) DEFAULT '0.0000',
  `precioVta_A` decimal(19,4) DEFAULT '0.0000',
  `precioVta_B` decimal(19,4) DEFAULT '0.0000',
  `precioVta_C` decimal(19,4) DEFAULT '0.0000',
  `producto_Inactivo` tinyint(1) DEFAULT NULL,
  `tipo` tinyint(1) DEFAULT NULL,
  `ocultar` tinyint(1) DEFAULT NULL,
  `status` varchar(45) DEFAULT NULL,
  `grupo_id` int(11) NOT NULL,
  `receta_id` int(11) DEFAULT NULL,
  `tipo_producto` int(1) NOT NULL DEFAULT '2'
) ENGINE=InnoDB AUTO_INCREMENT=632 DEFAULT CHARSET=utf8;

--
-- Dumping data for table `producto`
--

INSERT INTO `producto` (`id`, `codigo`, `codigo_tcr`, `nombre`, `costo`, `porcentaje_costo`, `precioVta_A`, `precioVta_B`, `precioVta_C`, `producto_Inactivo`, `tipo`, `ocultar`, `status`, `grupo_id`, `receta_id`, `tipo_producto`) VALUES
(1, 'FPSAU8700004', 'FPSAU8700004', 'Piz. Manhattan 12', '69000.0000', '193.6027', '35640.0000', '26360.7100', '0.0000', 0, 0, 0, '0', 1, 1, 2),
(2, 'FPSAU8800004', 'FPSAU8800004', 'Piz. Manhattan 16', '54000.0000', '121.3800', '44490.0000', '32901.7900', '0.0000', 0, 0, 0, '0', 2, 2, 2),
(3, 'FPSAU9100001', NULL, 'Brownie', '9000.0000', '295081.9672', '3.0500', '37000.0000', '0.0000', 0, 0, 0, '0', 3, 16, 2),
(4, 'FPSAU8300004', NULL, 'Pepsi Cola 16 Oz', '3101.0000', '5.5375', '56000.0000', '48000.0000', '0.0000', 0, 0, 0, '0', 4, 17, 2),
(5, 'FPSE0001118', NULL, 'Ensalada Capresa', '8572.3838', '14.2873', '60000.0000', '17000.0000', '0.0000', 0, 0, 0, '0', 5, 22, 2),
(6, 'ST0013', NULL, 'Arroz con pollo', '133000.0000', '221.6667', '60000.0000', '17000.0000', '0.0000', 0, 0, 0, '0', 5, 20, 2),
(7, 'ST0187', NULL, 'Ensalada de papas', '24466.0101', '122.3301', '20000.0000', '17000.0000', '0.0000', 0, 0, 0, '0', 5, 21, 2),
(8, 'RB200', NULL, 'Agua Mineral', '0.0000', '0.0000', '1.7500', '0.0000', '0.0000', 0, 0, 0, '0', 403, NULL, 2),
(9, 'RB800', NULL, 'Brownie De Manjar', '0.0000', '0.0000', '2.5000', '0.0000', '0.0000', 0, 0, 0, '0', 404, NULL, 2),
(10, 'RB801', NULL, 'Brownie De Oreo', '0.0000', '0.0000', '2.5000', '0.0000', '0.0000', 0, 0, 0, '0', 404, NULL, 2),
(11, 'RB802', NULL, 'Brownie De Snicker', '0.0000', '0.0000', '2.5000', '0.0000', '0.0000', 0, 0, 0, '0', 404, NULL, 2),
(12, 'RB804', NULL, 'Brownie Especial', '0.0000', '0.0000', '2.5000', '0.0000', '0.0000', 0, 0, 0, '0', 404, NULL, 2),
(13, 'RB803', NULL, 'Brownie- Clasico', '0.0000', '0.0000', '2.0000', '0.0000', '0.0000', 0, 0, 0, '0', 404, NULL, 2),
(14, 'RB1600', NULL, 'Burrito Carne Molida', '0.0000', '0.0000', '3.5000', '0.0000', '0.0000', 0, 0, 0, '0', 372, NULL, 2),
(15, 'RB1605', NULL, 'Burrito Enrollado De Carne', '0.0000', '0.0000', '8.7500', '0.0000', '0.0000', 0, 0, 0, '0', 372, NULL, 2),
(16, 'RB1607', NULL, 'Burrito Enrollado De Carne -22 Oz.', '0.0000', '0.0000', '8.7500', '0.0000', '0.0000', 0, 0, 0, '0', 372, NULL, 2),
(17, 'RB1606', NULL, 'Burrito Enrollado De Pollo', '0.0000', '0.0000', '8.7500', '0.0000', '0.0000', 0, 0, 0, '0', 372, NULL, 2),
(18, 'RB1608', NULL, 'Burrito Enrollado De Pollo - 22', '0.0000', '0.0000', '8.7500', '0.0000', '0.0000', 0, 0, 0, '0', 372, NULL, 2),
(19, 'RB1603', NULL, 'Burrito Pollo A La Parrilla', '0.0000', '0.0000', '4.5000', '0.0000', '0.0000', 0, 0, 0, '0', 372, NULL, 2),
(20, 'RB1601', NULL, 'Burrito Pollo Mechado', '0.0000', '0.0000', '3.5000', '0.0000', '0.0000', 0, 0, 0, '0', 372, NULL, 2),
(21, 'RB1604', NULL, 'Burrito Puerco Guisado', '0.0000', '0.0000', '4.5000', '0.0000', '0.0000', 0, 0, 0, '0', 372, NULL, 2),
(22, 'RB1602', NULL, 'Burrito Ropa Vieja', '0.0000', '0.0000', '4.5000', '0.0000', '0.0000', 0, 0, 0, '0', 372, NULL, 2),
(23, 'RB1700', NULL, 'Burro Carne Molida', '0.0000', '0.0000', '5.5000', '0.0000', '0.0000', 0, 0, 0, '0', 373, NULL, 2),
(24, 'RB1703', NULL, 'Burro Pollo A La Parrilla', '0.0000', '0.0000', '6.5000', '0.0000', '0.0000', 0, 0, 0, '0', 373, NULL, 2),
(25, 'RB1701', NULL, 'Burro Pollo Mechado', '0.0000', '0.0000', '5.5000', '0.0000', '0.0000', 0, 0, 0, '0', 373, NULL, 2),
(26, 'RB1704', NULL, 'Burro Puerco Guisado', '0.0000', '0.0000', '6.5000', '0.0000', '0.0000', 0, 0, 0, '0', 373, NULL, 2),
(27, 'RB1702', NULL, 'Burro Ropa Vieja', '0.0000', '0.0000', '6.5000', '0.0000', '0.0000', 0, 0, 0, '0', 373, NULL, 2),
(28, 'RB1102', NULL, 'Carne Molida', '0.0000', '0.0000', '0.0000', '0.0000', '0.0000', 0, 0, 0, '0', 405, 34, 2),
(29, 'RB106', NULL, 'Coca Cola 12 Oz', '0.0000', '0.0000', '1.2500', '0.0000', '0.0000', 0, 0, 0, '0', 406, NULL, 2),
(30, 'RB201', NULL, 'Coca Cola 16 Oz', '0.0000', '0.0000', '1.4500', '0.0000', '0.0000', 0, 0, 0, '0', 403, NULL, 2),
(31, 'RB300', NULL, 'Coca Cola 22 Oz', '0.0000', '0.0000', '1.8000', '0.0000', '0.0000', 0, 0, 0, '0', 408, NULL, 2),
(32, 'RB307', NULL, 'Coca Cola Clasica Lata', '0.0000', '0.0000', '0.0000', '0.0000', '0.0000', 0, 0, 0, '0', 409, NULL, 2),
(33, 'RB308', NULL, 'Coca Cola Light Lata', '0.0000', '0.0000', '0.0000', '0.0000', '0.0000', 0, 0, 0, '0', 409, NULL, 2),
(34, 'RB202', NULL, 'Coca Light 16 Oz', '0.0000', '0.0000', '1.4500', '0.0000', '0.0000', 0, 0, 0, '0', 403, NULL, 2),
(35, 'RB203', NULL, 'Coca Light Lata', '0.0000', '0.0000', '1.6500', '0.0000', '0.0000', 0, 0, 0, '0', 403, NULL, 2),
(36, 'RB101', NULL, 'Coca Ligth 12 Oz', '0.0000', '0.0000', '1.2500', '0.0000', '0.0000', 0, 0, 0, '0', 406, NULL, 2),
(37, 'RB301', NULL, 'Coca Ligth 22 Oz', '0.0000', '0.0000', '1.8000', '0.0000', '0.0000', 0, 0, 0, '0', 408, NULL, 2),
(38, 'RB900', NULL, 'Combo Agua Mineral ', '0.0000', '0.0000', '0.5000', '0.0000', '0.0000', 0, 0, 0, '0', 409, NULL, 2),
(39, 'RB410', NULL, 'Combo Bbb ', '0.0000', '0.0000', '3.5000', '0.0000', '0.0000', 0, 0, 0, '0', 378, NULL, 2),
(40, 'RB413', NULL, 'Combo Bbb-16 Oz', '0.0000', '0.0000', '3.5000', '0.0000', '0.0000', 0, 0, 0, '0', 378, NULL, 2),
(41, 'RB414', NULL, 'Combo Bbb-22 Oz', '0.0000', '0.0000', '3.5000', '0.0000', '0.0000', 0, 0, 0, '0', 378, NULL, 2),
(42, 'RB901', NULL, 'Combo Coca Cola 12 Oz.', '0.0000', '0.0000', '0.0000', '0.0000', '0.0000', 0, 0, 0, '0', 409, NULL, 2),
(43, 'RB902', NULL, 'Combo Coca Ligth 12 Oz', '0.0000', '0.0000', '0.0000', '0.0000', '0.0000', 0, 0, 0, '0', 409, NULL, 2),
(44, 'RB903', NULL, 'Combo Fresca 12 Oz', '0.0000', '0.0000', '0.0000', '0.0000', '0.0000', 0, 0, 0, '0', 409, NULL, 2),
(45, 'RB907', NULL, 'Combo Kist Naranja 12 Oz', '0.0000', '0.0000', '0.0010', '0.0000', '0.0000', 0, 0, 0, '0', 409, NULL, 2),
(46, 'RB904', NULL, 'Combo Kist Roja 12 Oz', '0.0000', '0.0000', '0.0000', '0.0000', '0.0000', 0, 0, 0, '0', 409, NULL, 2),
(47, 'RB506', NULL, 'Combo Nacho Especial 12 Oz', '0.0000', '0.0000', '3.2500', '0.0000', '0.0000', 0, 0, 0, '0', 410, NULL, 2),
(48, 'RB507', NULL, 'Combo Nacho Especial 16 Oz', '0.0000', '0.0000', '3.6500', '0.0000', '0.0000', 0, 0, 0, '0', 410, NULL, 2),
(49, 'RB508', NULL, 'Combo Nacho Especial 22 Oz', '0.0000', '0.0000', '3.9900', '0.0000', '0.0000', 0, 0, 0, '0', 410, NULL, 2),
(50, 'RB100', NULL, 'Combo Nacho Y Queso 12 Oz', '0.0000', '0.0000', '2.2500', '0.0000', '0.0000', 0, 0, 0, '0', 410, 31, 2),
(51, 'RB501', NULL, 'Combo Nacho Y Queso 16 Oz', '0.0000', '0.0000', '2.6500', '0.0000', '0.0000', 0, 0, 0, '0', 410, NULL, 2),
(52, 'RB502', NULL, 'Combo Nacho Y Queso 22 Oz', '0.0000', '0.0000', '2.9900', '0.0000', '0.0000', 0, 0, 0, '0', 410, NULL, 2),
(53, 'RB503', NULL, 'Combo Papa Western 12 Oz', '0.0000', '0.0000', '2.3500', '0.0000', '0.0000', 0, 0, 0, '0', 410, NULL, 2),
(54, 'RB504', NULL, 'Combo Papa Western 16 Oz', '0.0000', '0.0000', '2.7500', '0.0000', '0.0000', 0, 0, 0, '0', 410, NULL, 2),
(55, 'RB505', NULL, 'Combo Papa Western 22 Oz', '0.0000', '0.0000', '3.1500', '0.0000', '0.0000', 0, 0, 0, '0', 410, NULL, 2),
(56, 'RB409', NULL, 'Combo Pa`2,', '0.0000', '0.0000', '14.9900', '0.0000', '0.0000', 0, 0, 0, '0', 378, NULL, 2),
(57, 'RB411', NULL, 'Combo Pa`2-16 Oz,', '0.0000', '0.0000', '14.9900', '0.0000', '0.0000', 0, 0, 0, '0', 378, NULL, 2),
(58, 'RB412', NULL, 'Combo Pa''2-22 Oz,', '0.0000', '0.0000', '14.9900', '0.0000', '0.0000', 0, 0, 0, '0', 378, NULL, 2),
(59, 'RB905', NULL, 'Combo Sprite 12 Oz', '0.0000', '0.0000', '0.0000', '0.0000', '0.0000', 0, 0, 0, '0', 409, NULL, 2),
(60, 'RB906', NULL, 'Combo Te Fuze 12 Oz', '0.0000', '0.0000', '0.0000', '0.0000', '0.0000', 0, 0, 0, '0', 409, NULL, 2),
(61, 'RB415', NULL, 'Combo Tocino De 10', '0.0000', '0.0000', '5.5000', '0.0000', '0.0000', 0, 0, 0, '0', 378, NULL, 2),
(62, 'RB102', NULL, 'Fresca 12 Oz', '0.0000', '0.0000', '1.2500', '0.0000', '0.0000', 0, 0, 0, '0', 406, NULL, 2),
(63, 'RB204', NULL, 'Fresca 16 Oz', '0.0000', '0.0000', '1.4500', '0.0000', '0.0000', 0, 0, 0, '0', 403, NULL, 2),
(64, 'RB302', NULL, 'Fresca 22 Oz', '0.0000', '0.0000', '1.8000', '0.0000', '0.0000', 0, 0, 0, '0', 408, NULL, 2),
(65, 'RB309', NULL, 'Fresca Lata', '0.0000', '0.0000', '0.0000', '0.0000', '0.0000', 0, 0, 0, '0', 409, NULL, 2),
(66, 'RB310', NULL, 'Kist De Naranja Lata', '0.0000', '0.0000', '0.0000', '0.0000', '0.0000', 0, 0, 0, '0', 409, NULL, 2),
(67, 'RB103', NULL, 'Kist Naranja 12 Oz', '0.0000', '0.0000', '1.2500', '0.0000', '0.0000', 0, 0, 0, '0', 406, NULL, 2),
(68, 'RB205', NULL, 'Kist Naranja 16 Oz', '0.0000', '0.0000', '1.4500', '0.0000', '0.0000', 0, 0, 0, '0', 403, NULL, 2),
(69, 'RB303', NULL, 'Kist Naranja 22 Oz', '0.0000', '0.0000', '1.8000', '0.0000', '0.0000', 0, 0, 0, '0', 408, NULL, 2),
(70, 'RB104', NULL, 'Kist Roja 12 Oz', '0.0000', '0.0000', '1.2500', '0.0000', '0.0000', 0, 0, 0, '0', 406, NULL, 2),
(71, 'RB206', NULL, 'Kist Roja 16 Oz', '0.0000', '0.0000', '1.4500', '0.0000', '0.0000', 0, 0, 0, '0', 403, NULL, 2),
(72, 'RB304', NULL, 'Kist Roja 22 Oz', '0.0000', '0.0000', '1.8000', '0.0000', '0.0000', 0, 0, 0, '0', 408, NULL, 2),
(73, 'RB1800', NULL, 'Mata Burro 10 Carne Molida', '0.0000', '0.0000', '7.2500', '0.0000', '0.0000', 0, 0, 0, '0', 374, NULL, 2),
(74, 'RB1803', NULL, 'Mata Burro 10 Pollo A La Parrilla', '0.0000', '0.0000', '7.5000', '0.0000', '0.0000', 0, 0, 0, '0', 374, NULL, 2),
(75, 'RB1801', NULL, 'Mata Burro 10 Pollo Mechado', '0.0000', '0.0000', '7.2500', '0.0000', '0.0000', 0, 0, 0, '0', 374, NULL, 2),
(76, 'RB1804', NULL, 'Mata Burro 10 Puerco Guisado', '0.0000', '0.0000', '7.5000', '0.0000', '0.0000', 0, 0, 0, '0', 374, NULL, 2),
(77, 'RB1802', NULL, 'Mata Burro 10 Ropa Vieja', '0.0000', '0.0000', '7.5000', '0.0000', '0.0000', 0, 0, 0, '0', 374, NULL, 2),
(78, 'RB1900', NULL, 'Mata Burro 12 Carne Molida', '0.0000', '0.0000', '8.2500', '0.0000', '0.0000', 0, 0, 0, '0', 375, NULL, 2),
(79, 'RB1903', NULL, 'Mata Burro 12 Pollo A La Parrilla', '0.0000', '0.0000', '8.5000', '0.0000', '0.0000', 0, 0, 0, '0', 375, NULL, 2),
(80, 'RB1901', NULL, 'Mata Burro 12 Pollo Mechado', '0.0000', '0.0000', '8.2500', '0.0000', '0.0000', 0, 0, 0, '0', 375, NULL, 2),
(81, 'RB1904', NULL, 'Mata Burro 12 Puerco Guisado', '0.0000', '0.0000', '8.5000', '0.0000', '0.0000', 0, 0, 0, '0', 375, NULL, 2),
(82, 'RB1902', NULL, 'Mata Burro 12 Ropa Vieja', '0.0000', '0.0000', '8.5000', '0.0000', '0.0000', 0, 0, 0, '0', 375, NULL, 2),
(83, 'RB602', NULL, 'Nacho Especial', '0.0000', '0.0000', '2.5000', '0.0000', '0.0000', 0, 0, 0, '0', 388, NULL, 2),
(84, 'RB601', NULL, 'Papa Western', '0.0000', '0.0000', '1.5000', '0.0000', '0.0000', 0, 0, 0, '0', 388, NULL, 2),
(85, 'RB1311', NULL, 'Para Llevar Comida', '0.0000', '0.0000', '3.5000', '0.0000', '0.0000', 0, 0, 0, '0', 383, NULL, 2),
(86, 'RB630', NULL, 'Plato Burrero De Carne Mechada', '0.0000', '0.0000', '6.7500', '0.0000', '0.0000', 0, 0, 0, '0', 388, NULL, 2),
(87, 'RB628', NULL, 'Plato Burrero De Carne Molida ', '0.0000', '0.0000', '5.9900', '0.0000', '0.0000', 0, 0, 0, '0', 388, NULL, 2),
(88, 'RB627', NULL, 'Plato Burrero De P-mechado', '0.0000', '0.0000', '5.9900', '0.0000', '0.0000', 0, 0, 0, '0', 388, NULL, 2),
(89, 'RB625', NULL, 'Plato Burrero De P-parrilla', '0.0000', '0.0000', '6.7500', '0.0000', '0.0000', 0, 0, 0, '0', 388, NULL, 2),
(90, 'RB629', NULL, 'Plato Burrero De Puerco Guisado ', '0.0000', '0.0000', '6.7500', '0.0000', '0.0000', 0, 0, 0, '0', 388, NULL, 2),
(91, 'RB603', NULL, 'Plato Burrero Para Llevar Carne Molida', '0.0000', '0.0000', '5.9900', '0.0000', '0.0000', 0, 0, 0, '0', 388, NULL, 2),
(92, 'RB606', NULL, 'Plato Burrero Para Llevar Pollo Mechado', '0.0000', '0.0000', '5.9900', '0.0000', '0.0000', 0, 0, 0, '0', 388, NULL, 2),
(93, 'RB605', NULL, 'Plato Burrero Para Llevar Pollo Parrilla', '0.0000', '0.0000', '6.7500', '0.0000', '0.0000', 0, 0, 0, '0', 388, NULL, 2),
(94, 'RB607', NULL, 'Plato Burrero Para Llevar Puerco Guisado', '0.0000', '0.0000', '6.7500', '0.0000', '0.0000', 0, 0, 0, '0', 388, NULL, 2),
(95, 'RB604', NULL, 'Plato Burrero Para Llevar Ropa Vieja', '0.0000', '0.0000', '6.7500', '0.0000', '0.0000', 0, 0, 0, '0', 388, NULL, 2),
(96, 'RB1104', NULL, 'Pollo Al Grill', '0.0000', '0.0000', '0.0000', '0.0000', '0.0000', 0, 0, 0, '0', 405, NULL, 2),
(97, 'RB1105', NULL, 'Pollo Desmechado', '0.0000', '0.0000', '0.0000', '0.0000', '0.0000', 0, 0, 0, '0', 405, NULL, 2),
(98, 'RB618', NULL, 'Pote Burrero De Carne Mechada', '0.0000', '0.0000', '6.7500', '0.0000', '0.0000', 0, 0, 0, '0', 388, NULL, 2),
(99, 'RB617', NULL, 'Pote Burrero De Carne Molida', '0.0000', '0.0000', '5.9900', '0.0000', '0.0000', 0, 0, 0, '0', 388, NULL, 2),
(100, 'RB616', NULL, 'Pote Burrero De P-mechado', '0.0000', '0.0000', '5.9900', '0.0000', '0.0000', 0, 0, 0, '0', 388, NULL, 2),
(101, 'RB615', NULL, 'Pote Burrero De P-parrilla', '0.0000', '0.0000', '6.7500', '0.0000', '0.0000', 0, 0, 0, '0', 388, NULL, 2),
(102, 'RB619', NULL, 'Pote Burrero De Puerco Mechado', '0.0000', '0.0000', '6.7500', '0.0000', '0.0000', 0, 0, 0, '0', 388, NULL, 2),
(103, 'RB631', NULL, 'Pote Light De Carne Mechada', '0.0000', '0.0000', '6.7500', '0.0000', '0.0000', 0, 0, 0, '0', 388, NULL, 2),
(104, 'RB632', NULL, 'Pote Light De Carne Molida', '0.0000', '0.0000', '5.9900', '0.0000', '0.0000', 0, 0, 0, '0', 388, NULL, 2),
(105, 'RB633', NULL, 'Pote Light De P-mechado', '0.0000', '0.0000', '5.9900', '0.0000', '0.0000', 0, 0, 0, '0', 388, NULL, 2),
(106, 'RB634', NULL, 'Pote Light De P-parrilla', '0.0000', '0.0000', '6.7500', '0.0000', '0.0000', 0, 0, 0, '0', 388, NULL, 2),
(107, 'RB635', NULL, 'Pote Light De Puerco Mechado', '0.0000', '0.0000', '6.7500', '0.0000', '0.0000', 0, 0, 0, '0', 388, NULL, 2),
(108, 'RB620', NULL, 'Pote Nachos De Carne Mechada', '0.0000', '0.0000', '6.7500', '0.0000', '0.0000', 0, 0, 0, '0', 388, NULL, 2),
(109, 'RB621', NULL, 'Pote Nachos De Carne Molida', '0.0000', '0.0000', '5.9900', '0.0000', '0.0000', 0, 0, 0, '0', 388, NULL, 2),
(110, 'RB622', NULL, 'Pote Nachos De P-mechado', '0.0000', '0.0000', '5.9900', '0.0000', '0.0000', 0, 0, 0, '0', 388, NULL, 2),
(111, 'RB623', NULL, 'Pote Nachos De P-parrilla', '0.0000', '0.0000', '6.7500', '0.0000', '0.0000', 0, 0, 0, '0', 388, NULL, 2),
(112, 'RB624', NULL, 'Pote Nachos De Puerco Guisado', '0.0000', '0.0000', '6.7500', '0.0000', '0.0000', 0, 0, 0, '0', 388, NULL, 2),
(113, 'RB1106', NULL, 'Puerco Guisado', '0.0000', '0.0000', '0.0000', '0.0000', '0.0000', 0, 0, 0, '0', 405, NULL, 2),
(114, 'RB611', NULL, 'Quesadilla De Carne', '0.0000', '0.0000', '3.7500', '0.0000', '0.0000', 0, 0, 0, '0', 388, NULL, 2),
(115, 'RB612', NULL, 'Quesadilla De Pollo', '0.0000', '0.0000', '3.7500', '0.0000', '0.0000', 0, 0, 0, '0', 388, NULL, 2),
(116, 'RB613', NULL, 'Quesadilla De Queso', '0.0000', '0.0000', '2.7500', '0.0000', '0.0000', 0, 0, 0, '0', 388, NULL, 2),
(117, 'RB1107', NULL, 'Ropa Vieja', '0.0000', '0.0000', '0.0000', '0.0000', '0.0000', 0, 0, 0, '0', 405, NULL, 2),
(118, 'RB107', NULL, 'Sprite 12 Oz', '0.0000', '0.0000', '1.2500', '0.0000', '0.0000', 0, 0, 0, '0', 406, NULL, 2),
(119, 'RB208', NULL, 'Sprite 16 Oz', '0.0000', '0.0000', '1.4500', '0.0000', '0.0000', 0, 0, 0, '0', 403, NULL, 2),
(120, 'RB306', NULL, 'Sprite 22 Oz', '0.0000', '0.0000', '1.8000', '0.0000', '0.0000', 0, 0, 0, '0', 408, NULL, 2),
(121, 'RB805', NULL, 'Sweet Burrito ', '0.0000', '0.0000', '1.7500', '0.0000', '0.0000', 0, 0, 0, '0', 404, NULL, 2),
(122, 'RB105', NULL, 'Te Fuze 12 Oz', '0.0000', '0.0000', '1.2500', '0.0000', '0.0000', 0, 0, 0, '0', 406, NULL, 2),
(123, 'RB207', NULL, 'Te Fuze 16 Oz', '0.0000', '0.0000', '1.4500', '0.0000', '0.0000', 0, 0, 0, '0', 403, NULL, 2),
(124, 'RB305', NULL, 'Te Fuze 22 Oz', '0.0000', '0.0000', '1.8000', '0.0000', '0.0000', 0, 0, 0, '0', 408, NULL, 2),
(125, 'RB1200', NULL, 'X- Arroz Blanco', '0.0000', '0.0000', '0.3000', '0.0000', '0.0000', 0, 0, 0, '0', 384, NULL, 2),
(126, 'RB1400', NULL, 'X- Carne Molida 10', '0.0000', '0.0000', '0.3500', '0.0000', '0.0000', 0, 0, 0, '0', 385, NULL, 2),
(127, 'RB1405', NULL, 'X- Carne Molida 12', '0.0000', '0.0000', '0.7500', '0.0000', '0.0000', 0, 0, 0, '0', 386, NULL, 2),
(128, 'RB1300', NULL, 'X- Cebollin', '0.0000', '0.0000', '0.7500', '0.0000', '0.0000', 0, 0, 0, '0', 383, NULL, 2),
(129, 'RB1201', NULL, 'X- Congri', '0.0000', '0.0000', '0.3000', '0.0000', '0.0000', 0, 0, 0, '0', 384, NULL, 2),
(130, 'RB1509', NULL, 'X- Crema De Leche 1 Oz', '0.0000', '0.0000', '0.5000', '0.0000', '0.0000', 0, 0, 0, '0', 387, NULL, 2),
(131, 'RB1500', NULL, 'X- Crema De Leche 2 Oz', '0.0000', '0.0000', '0.7500', '0.0000', '0.0000', 0, 0, 0, '0', 387, NULL, 2),
(132, 'RB1202', NULL, 'X- Frigoles Rojos', '0.0000', '0.0000', '0.3000', '0.0000', '0.0000', 0, 0, 0, '0', 384, NULL, 2),
(133, 'RB1203', NULL, 'X- Frijoles Negros', '0.0000', '0.0000', '0.3000', '0.0000', '0.0000', 0, 0, 0, '0', 384, NULL, 2),
(134, 'RB1212', NULL, 'X- Frijoles Negros 500 Gr.', '0.0000', '0.0000', '1.5000', '0.0000', '0.0000', 0, 0, 0, '0', 384, NULL, 2),
(135, 'RB1213', NULL, 'X- Frijoles Rojos 500 Gr.', '0.0000', '0.0000', '1.5000', '0.0000', '0.0000', 0, 0, 0, '0', 384, NULL, 2),
(136, 'RB1501', NULL, 'X- Guacamole 1 Oz', '0.0000', '0.0000', '0.7500', '0.0000', '0.0000', 0, 0, 0, '0', 387, NULL, 2),
(137, 'RB1502', NULL, 'X- Guacamole 2 Oz', '0.0000', '0.0000', '2.0000', '0.0000', '0.0000', 0, 0, 0, '0', 387, NULL, 2),
(138, 'RB1301', NULL, 'X- Jalapenos', '0.0000', '0.0000', '0.7500', '0.0000', '0.0000', 0, 0, 0, '0', 383, NULL, 2),
(139, 'RB1302', NULL, 'X- Lechuga', '0.0000', '0.0000', '1.2500', '0.0000', '0.0000', 0, 0, 0, '0', 383, NULL, 2),
(140, 'RB1310', NULL, 'X- Maiz', '0.0000', '0.0000', '0.7500', '0.0000', '0.0000', 0, 0, 0, '0', 383, NULL, 2),
(141, 'RB1510', NULL, 'X- Mojito 1 Oz', '0.0000', '0.0000', '0.5000', '0.0000', '0.0000', 0, 0, 0, '0', 387, NULL, 2),
(142, 'RB1503', NULL, 'X- Mojito 2 Oz', '0.0000', '0.0000', '0.7500', '0.0000', '0.0000', 0, 0, 0, '0', 387, NULL, 2),
(143, 'RB1217', NULL, 'X- Nacho Especial', '0.0000', '0.0000', '2.7500', '0.0000', '0.0000', 0, 0, 0, '0', 384, NULL, 2),
(144, 'RB1204', NULL, 'X- Nachos Con Queso', '0.0000', '0.0000', '1.7500', '0.0000', '0.0000', 0, 0, 0, '0', 384, NULL, 2),
(145, 'RB1214', NULL, 'X- Nachos Por Paquete.', '0.0000', '0.0000', '5.2500', '0.0000', '0.0000', 0, 0, 0, '0', 384, NULL, 2),
(146, 'RB1208', NULL, 'X- Nachos Solos', '0.0000', '0.0000', '0.7500', '0.0000', '0.0000', 0, 0, 0, '0', 384, NULL, 2),
(147, 'RB1216', NULL, 'X- Papas Western', '0.0000', '0.0000', '1.5000', '0.0000', '0.0000', 0, 0, 0, '0', 384, NULL, 2),
(148, 'RB1511', NULL, 'X- Picante D Lidas 1 Oz', '0.0000', '0.0000', '0.5000', '0.0000', '0.0000', 0, 0, 0, '0', 387, NULL, 2),
(149, 'RB1504', NULL, 'X- Picante D Lidas 2 Oz', '0.0000', '0.0000', '0.7500', '0.0000', '0.0000', 0, 0, 0, '0', 387, NULL, 2),
(150, 'RB1303', NULL, 'X- Pico De Gallo', '0.0000', '0.0000', '0.7500', '0.0000', '0.0000', 0, 0, 0, '0', 383, NULL, 2),
(151, 'RB1403', NULL, 'X- Pollo A La Parrilla 10', '0.0000', '0.0000', '0.7500', '0.0000', '0.0000', 0, 0, 0, '0', 385, NULL, 2),
(152, 'RB1210', NULL, 'X- Pollo Guisado 500 Gr.', '0.0000', '0.0000', '1.6500', '0.0000', '0.0000', 0, 0, 0, '0', 384, NULL, 2),
(153, 'RB1401', NULL, 'X- Pollo Mechado 10', '0.0000', '0.0000', '0.3500', '0.0000', '0.0000', 0, 0, 0, '0', 385, NULL, 2),
(154, 'RB1406', NULL, 'X- Pollo Mechado 12', '0.0000', '0.0000', '0.7500', '0.0000', '0.0000', 0, 0, 0, '0', 386, NULL, 2),
(155, 'RB1409', NULL, 'X- Pollo Parilla 12', '0.0000', '0.0000', '1.5000', '0.0000', '0.0000', 0, 0, 0, '0', 386, NULL, 2),
(156, 'RB1404', NULL, 'X- Puerco 10', '0.0000', '0.0000', '0.7000', '0.0000', '0.0000', 0, 0, 0, '0', 385, NULL, 2),
(157, 'RB1410', NULL, 'X- Puerco 12', '0.0000', '0.0000', '1.5000', '0.0000', '0.0000', 0, 0, 0, '0', 386, NULL, 2),
(158, 'RB1211', NULL, 'X- Puerco Guisado 500 Gr.', '0.0000', '0.0000', '4.0000', '0.0000', '0.0000', 0, 0, 0, '0', 384, NULL, 2),
(159, 'RB1205', NULL, 'X- Queso Fundido', '0.0000', '0.0000', '1.0000', '0.0000', '0.0000', 0, 0, 0, '0', 384, NULL, 2),
(160, 'RB1304', NULL, 'X- Queso Rallado Amarillo', '0.0000', '0.0000', '0.9000', '0.0000', '0.0000', 0, 0, 0, '0', 383, NULL, 2),
(161, 'RB1305', NULL, 'X- Queso Rallado Blanco', '0.0000', '0.0000', '0.9000', '0.0000', '0.0000', 0, 0, 0, '0', 383, NULL, 2),
(162, 'RB1402', NULL, 'X- Ropa Vieja 10', '0.0000', '0.0000', '0.7500', '0.0000', '0.0000', 0, 0, 0, '0', 385, NULL, 2),
(163, 'RB1407', NULL, 'X- Ropa Vieja 12', '0.0000', '0.0000', '1.5000', '0.0000', '0.0000', 0, 0, 0, '0', 385, NULL, 2),
(164, 'RB1512', NULL, 'X- Salsa Chipotle 1 Oz', '0.0000', '0.0000', '0.5000', '0.0000', '0.0000', 0, 0, 0, '0', 387, NULL, 2),
(165, 'RB1505', NULL, 'X- Salsa Chipotle 2 Oz', '0.0000', '0.0000', '0.7500', '0.0000', '0.0000', 0, 0, 0, '0', 387, NULL, 2),
(166, 'RB1513', NULL, 'X- Salsa Mayonesa Chipotle 1 Oz', '0.0000', '0.0000', '0.5000', '0.0000', '0.0000', 0, 0, 0, '0', 387, NULL, 2),
(167, 'RB1506', NULL, 'X- Salsa Mayonesa Chipotle 2 Oz', '0.0000', '0.0000', '0.7500', '0.0000', '0.0000', 0, 0, 0, '0', 387, NULL, 2),
(168, 'RB1514', NULL, 'X- Salsa Tartara 1 Oz', '0.0000', '0.0000', '0.5000', '0.0000', '0.0000', 0, 0, 0, '0', 387, NULL, 2),
(169, 'RB1507', NULL, 'X- Salsa Tartara 2 Oz', '0.0000', '0.0000', '0.7500', '0.0000', '0.0000', 0, 0, 0, '0', 387, NULL, 2),
(170, 'RB1515', NULL, 'X- Salsa Verde 1 Oz', '0.0000', '0.0000', '0.5000', '0.0000', '0.0000', 0, 0, 0, '0', 387, NULL, 2),
(171, 'RB1508', NULL, 'X- Salsa Verde 2 Oz', '0.0000', '0.0000', '0.7500', '0.0000', '0.0000', 0, 0, 0, '0', 387, NULL, 2),
(172, 'RB1206', NULL, 'X- Tajadas', '0.0000', '0.0000', '0.5000', '0.0000', '0.0000', 0, 0, 0, '0', 384, NULL, 2),
(173, 'RB1306', NULL, 'X- Tomate Con Maiz', '0.0000', '0.0000', '0.7500', '0.0000', '0.0000', 0, 0, 0, '0', 383, NULL, 2),
(174, 'RB1307', NULL, 'X- Tomate Picado', '0.0000', '0.0000', '0.7500', '0.0000', '0.0000', 0, 0, 0, '0', 383, NULL, 2),
(175, 'RB1215', NULL, 'X- Tortillas 10 ', '0.0000', '0.0000', '0.7500', '0.0000', '0.0000', 0, 0, 0, '0', 384, NULL, 2),
(176, 'RB1209', NULL, 'X- Tortillas 12', '0.0000', '0.0000', '0.9000', '0.0000', '0.0000', 0, 0, 0, '0', 384, NULL, 2),
(177, 'RB1207', NULL, 'X- Vegetales Salteados', '0.0000', '0.0000', '0.5000', '0.0000', '0.0000', 0, 0, 0, '0', 384, NULL, 2),
(178, 'RB1308', NULL, 'X-tortilla 12', '0.0000', '0.0000', '0.9000', '0.0000', '0.0000', 0, 0, 0, '0', 383, NULL, 2),
(179, 'FP0038', NULL, 'Full Queso 14', '0.0000', '0.0000', '5.7500', '0.0000', '0.0000', 0, 0, 0, '0', 344, 37, 2),
(180, 'FP0039', NULL, 'Full Jamon 14', '0.0000', '0.0000', '6.9900', '0.0000', '0.0000', 0, 0, 0, '0', 344, NULL, 2),
(181, 'FP0040', NULL, 'Full Pepperoni 14', '636008.0000', '9098826.8956', '6.9900', '0.0000', '0.0000', 0, 0, 0, '0', 344, 40, 2),
(182, 'FP0041', NULL, 'Full Pollo 14', '0.0000', '0.0000', '9.5000', '0.0000', '0.0000', 0, 0, 0, '0', 344, NULL, 2),
(183, 'FP0042', NULL, 'Full Tocino 14', '0.0000', '0.0000', '9.5000', '0.0000', '0.0000', 0, 0, 0, '0', 344, NULL, 2),
(184, 'FP0044', NULL, 'Full Chorizo 14', '0.0000', '0.0000', '6.9900', '0.0000', '0.0000', 0, 0, 0, '0', 344, NULL, 2),
(185, 'FP0045', NULL, 'Full Combinacion 14', '14374.8738', '140242.6707', '10.2500', '0.0000', '0.0000', 0, 0, 0, '0', 344, 44, 2),
(186, 'FP0046', NULL, 'Full Champinones 14', '0.0000', '0.0000', '8.5000', '0.0000', '0.0000', 0, 0, 0, '0', 344, NULL, 2),
(187, 'FP0047', NULL, 'Full vegetales 14', '0.0000', '0.0000', '8.5000', '0.0000', '0.0000', 0, 0, 0, '0', 344, NULL, 2),
(188, 'FP1000', NULL, 'X- Aceituna/16', '0.0000', '0.0000', '2.6500', '0.0000', '0.0000', 0, 0, 0, '0', 392, NULL, 2),
(189, 'FP10001', NULL, 'Porc.Sirope Choc', '0.0000', '0.0000', '0.4100', '0.0000', '0.0000', 0, 0, 0, '0', 367, NULL, 2),
(190, 'FP10002', NULL, 'Toping/Chocolate', '0.0000', '0.0000', '0.0000', '0.0000', '0.0000', 0, 0, 0, '0', 367, NULL, 2),
(191, 'FP10003', NULL, 'Toping/Fresa', '0.0000', '0.0000', '0.0000', '0.0000', '0.0000', 0, 0, 0, '0', 367, NULL, 2),
(192, 'FP1001', NULL, 'X- Carne Molida/ 16', '0.0000', '0.0000', '2.6500', '0.0000', '0.0000', 0, 0, 0, '0', 392, NULL, 2),
(193, 'FP1002', NULL, 'X- Cebolla/16', '0.0000', '0.0000', '2.6500', '0.0000', '0.0000', 0, 0, 0, '0', 392, NULL, 2),
(194, 'FP1003', NULL, 'X- Champinon/16', '0.0000', '0.0000', '2.6500', '0.0000', '0.0000', 0, 0, 0, '0', 392, NULL, 2),
(195, 'FP1004', NULL, 'X- Chorizo/16', '0.0000', '0.0000', '2.6500', '0.0000', '0.0000', 0, 0, 0, '0', 392, NULL, 2),
(196, 'FP1005', NULL, 'X- J.Pierna/16', '0.0000', '0.0000', '2.6500', '0.0000', '0.0000', 0, 0, 0, '0', 392, NULL, 2),
(197, 'FP1006', NULL, 'X- Maiz/16', '0.0000', '0.0000', '2.6500', '0.0000', '0.0000', 0, 0, 0, '0', 392, NULL, 2),
(198, 'FP1007', NULL, 'X- Mozzarella/16', '0.0000', '0.0000', '4.2500', '0.0000', '0.0000', 0, 0, 0, '0', 392, NULL, 2),
(199, 'FP1008', NULL, 'X- Peperoni/16', '0.0000', '0.0000', '2.6500', '0.0000', '0.0000', 0, 0, 0, '0', 392, NULL, 2),
(200, 'FP1009', NULL, 'X- Pimenton/16', '0.0000', '0.0000', '2.6500', '0.0000', '0.0000', 0, 0, 0, '0', 392, NULL, 2),
(201, 'FP1010', NULL, 'X- Pollo/16', '0.0000', '0.0000', '4.2500', '0.0000', '0.0000', 0, 0, 0, '0', 392, NULL, 2),
(202, 'FP1011', NULL, 'X- Salch Italiana/16', '0.0000', '0.0000', '4.2500', '0.0000', '0.0000', 0, 0, 0, '0', 392, NULL, 2),
(203, 'FP1012', NULL, 'X- Salchicha/16', '0.0000', '0.0000', '2.6500', '0.0000', '0.0000', 0, 0, 0, '0', 392, NULL, 2),
(204, 'FP1013', NULL, 'X- Tasajo/16', '0.0000', '0.0000', '2.6500', '0.0000', '0.0000', 0, 0, 0, '0', 392, NULL, 2),
(205, 'FP1014', NULL, 'X- Tocino/16', '0.0000', '0.0000', '4.2500', '0.0000', '0.0000', 0, 0, 0, '0', 392, NULL, 2),
(206, 'FP1015', NULL, 'X- Tomate/16', '0.0000', '0.0000', '2.6500', '0.0000', '0.0000', 0, 0, 0, '0', 392, NULL, 2),
(207, 'FP11000', NULL, 'Para/Llevar', '0.0000', '0.0000', '0.0000', '0.0000', '0.0000', 0, 0, 0, '0', 357, NULL, 2),
(208, 'FP12000', NULL, 'FULL Champinones 16', '0.0000', '0.0000', '9.9900', '0.0000', '0.0000', 0, 0, 0, '0', 345, NULL, 2),
(209, 'FP12001', NULL, 'FULL Chorizo 12', '1.1755', '18.8080', '6.2500', '0.0000', '0.0000', 0, 0, 0, '0', 343, 39, 2),
(210, 'FP12002', NULL, 'Full Combinacion 12', '0.0000', '0.0000', '9.0000', '0.0000', '0.0000', 0, 0, 0, '0', 343, NULL, 2),
(211, 'FP12003', NULL, 'FULL Italiana 12', '0.0000', '0.0000', '8.2500', '0.0000', '0.0000', 0, 0, 0, '0', 343, NULL, 2),
(212, 'FP12004', NULL, 'FULL Jamon 12', '0.0000', '0.0000', '6.2500', '0.0000', '0.0000', 0, 0, 0, '0', 343, NULL, 2),
(213, 'FP12005', NULL, 'Full Peperoni Deluxe 12', '0.0000', '0.0000', '10.1500', '0.0000', '0.0000', 0, 0, 0, '0', 343, NULL, 2),
(214, 'FP12006', NULL, 'FULL Pepperoni 12', '0.0000', '0.0000', '6.2500', '0.0000', '0.0000', 0, 0, 0, '0', 343, NULL, 2),
(215, 'FP12007', NULL, 'FULL Pollo 12', '0.0000', '0.0000', '7.5000', '0.0000', '0.0000', 0, 0, 0, '0', 343, NULL, 2),
(216, 'FP12008', NULL, 'FULL Queso 12', '0.0000', '0.0000', '4.9900', '0.0000', '0.0000', 0, 0, 0, '0', 343, NULL, 2),
(217, 'FP12009', NULL, 'Full Ranchera de 12', '0.0000', '0.0000', '10.1500', '0.0000', '0.0000', 0, 0, 0, '0', 343, NULL, 2),
(218, 'FP12010', NULL, 'FULL Salchicha 12', '0.0000', '0.0000', '5.7500', '0.0000', '0.0000', 0, 0, 0, '0', 343, NULL, 2),
(219, 'FP12011', NULL, 'FULL Tocino 12', '0.0000', '0.0000', '7.5000', '0.0000', '0.0000', 0, 0, 0, '0', 343, NULL, 2),
(220, 'FP12012', NULL, 'FULL Vegetales 12', '0.0000', '0.0000', '6.2500', '0.0000', '0.0000', 0, 0, 0, '0', 343, NULL, 2),
(221, 'FP12013', NULL, 'FULL Meat Lovers 12', '0.0000', '0.0000', '8.7500', '0.0000', '0.0000', 0, 0, 0, '0', 343, NULL, 2),
(222, 'FP13000', NULL, 'Fll Ranchera de 16', '0.0000', '0.0000', '15.9900', '0.0000', '0.0000', 0, 0, 0, '0', 345, NULL, 2),
(223, 'FP13001', NULL, 'FULL Champinones 9', '0.0000', '0.0000', '3.5000', '0.0000', '0.0000', 0, 0, 0, '0', 342, NULL, 2),
(224, 'FP13002', NULL, 'FULL Chorizo 16', '0.0000', '0.0000', '9.9900', '0.0000', '0.0000', 0, 0, 0, '0', 345, NULL, 2),
(225, 'FP13003', NULL, 'Full Combinaciom 16', '0.0000', '0.0000', '15.9900', '0.0000', '0.0000', 0, 0, 0, '0', 345, NULL, 2),
(226, 'FP13004', NULL, 'FULL Italiana 16', '0.0000', '0.0000', '13.7500', '0.0000', '0.0000', 0, 0, 0, '0', 345, NULL, 2),
(227, 'FP13005', NULL, 'FULL Jamon 16', '0.0000', '0.0000', '9.9900', '0.0000', '0.0000', 0, 0, 0, '0', 345, NULL, 2),
(228, 'FP13006', NULL, 'Full Peperoni Deluxe 16', '0.0000', '0.0000', '15.9900', '0.0000', '0.0000', 0, 0, 0, '0', 345, NULL, 2),
(229, 'FP13007', NULL, 'FULL Pepperoni 16', '0.0000', '0.0000', '8.7500', '0.0000', '0.0000', 0, 0, 0, '0', 345, NULL, 2),
(230, 'FP13008', NULL, 'FULL Pollo 16', '0.0000', '0.0000', '11.7500', '0.0000', '0.0000', 0, 0, 0, '0', 345, NULL, 2),
(231, 'FP13009', NULL, 'FULL Queso 16', '0.0000', '0.0000', '7.5000', '0.0000', '0.0000', 0, 0, 0, '0', 345, NULL, 2),
(232, 'FP13010', NULL, 'FULL Salchicha 16', '0.0000', '0.0000', '9.9900', '0.0000', '0.0000', 0, 0, 0, '0', 345, NULL, 2),
(233, 'FP13011', NULL, 'FULL Tocino 16', '0.0000', '0.0000', '11.7500', '0.0000', '0.0000', 0, 0, 0, '0', 345, NULL, 2),
(234, 'FP13012', NULL, 'FULL Vegetales 16', '0.0000', '0.0000', '9.9900', '0.0000', '0.0000', 0, 0, 0, '0', 345, NULL, 2),
(235, 'FP13013', NULL, 'FULL Meat Lovers 16', '0.0000', '0.0000', '18.2500', '0.0000', '0.0000', 0, 0, 0, '0', 345, NULL, 2),
(236, 'FP14000', NULL, 'FULL Champinones 12', '0.0000', '0.0000', '6.2500', '0.0000', '0.0000', 0, 0, 0, '0', 343, NULL, 2),
(237, 'FP14001', NULL, 'FULL Chorizo 9', '41.1860', '1176.7437', '3.5000', '0.0000', '0.0000', 0, 0, 0, '0', 342, 42, 2),
(238, 'FP14002', NULL, 'Full Combinacion 9', '0.0000', '0.0000', '5.2500', '0.0000', '0.0000', 0, 0, 0, '0', 342, NULL, 2),
(239, 'FP14003', NULL, 'FULL Italiana 9', '0.0000', '0.0000', '3.5000', '0.0000', '0.0000', 0, 0, 0, '0', 342, NULL, 2),
(240, 'FP14004', NULL, 'FULL Jamon 9', '0.0000', '0.0000', '3.5000', '0.0000', '0.0000', 0, 0, 0, '0', 342, NULL, 2),
(241, 'FP14005', NULL, 'Full Peperoni Deluxe 9', '0.0000', '0.0000', '5.5000', '0.0000', '0.0000', 0, 0, 0, '0', 342, NULL, 2),
(242, 'FP14006', NULL, 'FULL Pepperoni 9', '0.0000', '0.0000', '3.5000', '0.0000', '0.0000', 0, 0, 0, '0', 342, NULL, 2),
(243, 'FP14007', NULL, 'FULL Pollo 9', '0.0000', '0.0000', '3.7500', '0.0000', '0.0000', 0, 0, 0, '0', 342, NULL, 2),
(244, 'FP14008', NULL, 'FULL Queso 9', '0.0000', '0.0000', '2.5000', '0.0000', '0.0000', 0, 0, 0, '0', 342, NULL, 2),
(245, 'FP14009', NULL, 'Full Ranchera 9', '0.0000', '0.0000', '5.5000', '0.0000', '0.0000', 0, 0, 0, '0', 342, NULL, 2),
(246, 'FP14010', NULL, 'FULL Salchicha 9', '0.0000', '0.0000', '3.5000', '0.0000', '0.0000', 0, 0, 0, '0', 342, NULL, 2),
(247, 'FP14011', NULL, 'FULL Tocino 9', '0.0000', '0.0000', '3.7500', '0.0000', '0.0000', 0, 0, 0, '0', 342, NULL, 2),
(248, 'FP14012', NULL, 'FULL Vegetales 9', '0.0000', '0.0000', '3.5000', '0.0000', '0.0000', 0, 0, 0, '0', 342, NULL, 2),
(249, 'FP14013', NULL, 'Togo Combinacion', '0.0000', '0.0000', '2.6500', '0.0000', '0.0000', 0, 0, 0, '0', 342, NULL, 2),
(250, 'FP14014', NULL, 'Togo Jamon', '0.0000', '0.0000', '2.2500', '0.0000', '0.0000', 0, 0, 0, '0', 342, NULL, 2),
(251, 'FP14015', NULL, 'Togo Peperoni', '0.0000', '0.0000', '2.2500', '0.0000', '0.0000', 0, 0, 0, '0', 342, NULL, 2),
(252, 'FP14016', NULL, 'Togo Pollo', '0.0000', '0.0000', '2.7500', '0.0000', '0.0000', 0, 0, 0, '0', 342, NULL, 2),
(253, 'FP14017', NULL, 'Togo Queso', '0.0000', '0.0000', '1.9900', '0.0000', '0.0000', 0, 0, 0, '0', 342, NULL, 2),
(254, 'FP14020', NULL, 'Full Queso 7', '0.0000', '0.0000', '1.7500', '0.0000', '0.0000', 0, 0, 0, '0', 342, NULL, 2),
(255, 'FP14021', NULL, 'Full Pepperoni 7', '0.0000', '0.0000', '2.5000', '0.0000', '0.0000', 0, 0, 0, '0', 342, NULL, 2),
(256, 'FP14022', NULL, 'Full Jamon 7', '0.0000', '0.0000', '2.5000', '0.0000', '0.0000', 0, 0, 0, '0', 342, NULL, 2),
(257, 'FP14024', NULL, 'FULL Meat Lovers 9', '0.0000', '0.0000', '4.9000', '0.0000', '0.0000', 0, 0, 0, '0', 342, NULL, 2),
(258, 'FP15000', NULL, 'Biscocho Marmoleado', '0.0000', '0.0000', '0.8500', '0.0000', '0.0000', 0, 0, 0, '0', 263, NULL, 2),
(259, 'FP15001', NULL, 'Brownie', '0.0000', '0.0000', '1.3500', '0.0000', '0.0000', 0, 0, 1, '0', 263, NULL, 2),
(260, 'FP15002', NULL, 'Crumble de Manzana y Nueces', '0.0000', '0.0000', '3.7500', '0.0000', '0.0000', 0, 0, 0, '0', 263, NULL, 2),
(261, 'FP15003', NULL, 'Flan Full Pizza', '0.0000', '0.0000', '2.7500', '0.0000', '0.0000', 0, 0, 0, '0', 263, NULL, 2),
(262, 'FP15004', NULL, 'Full Pizza de Chocolate', '0.0000', '0.0000', '3.9900', '0.0000', '0.0000', 0, 0, 0, '0', 263, NULL, 2),
(263, 'FP15005', NULL, 'Galleta Avena', '0.0000', '0.0000', '0.9500', '0.0000', '0.0000', 0, 0, 0, '0', 263, NULL, 2),
(264, 'FP15006', NULL, 'Galleta Chispas Chocolate', '0.0000', '0.0000', '0.9500', '0.0000', '0.0000', 0, 0, 0, '0', 263, NULL, 2),
(265, 'FP15007', NULL, 'Galleta Chocolate', '0.0000', '0.0000', '0.9500', '0.0000', '0.0000', 0, 0, 0, '0', 263, NULL, 2),
(266, 'FP15008', NULL, 'Galleta Macadamia', '0.0000', '0.0000', '0.9000', '0.0000', '0.0000', 0, 0, 0, '0', 263, NULL, 2),
(267, 'FP15009', NULL, 'Marquesa con Biscocho', '0.0000', '0.0000', '4.7500', '0.0000', '0.0000', 0, 0, 0, '0', 263, NULL, 2),
(268, 'FP15010', NULL, 'Merengue Limeno', '0.0000', '0.0000', '3.0000', '0.0000', '0.0000', 0, 0, 0, '0', 263, NULL, 2),
(269, 'FP15011', NULL, 'Pie De Manzana', '0.0000', '0.0000', '1.7600', '0.0000', '0.0000', 0, 0, 1, '0', 263, NULL, 2),
(270, 'FP15012', NULL, 'Torta De Queso', '0.0000', '0.0000', '1.7500', '0.0000', '0.0000', 0, 0, 1, '0', 263, NULL, 2),
(271, 'FP16001', NULL, 'Coca Cola 1 Lts (o)', '0.0000', '0.0000', '0.0000', '0.0000', '0.0000', 0, 0, 1, '0', 393, NULL, 2),
(272, 'FP16003', NULL, 'Coca Cola 2 Lts  (o)', '0.0000', '0.0000', '0.0000', '0.0000', '0.0000', 0, 0, 1, '0', 393, NULL, 2),
(273, 'FP16004', NULL, 'F Kids Jugo Nadanja', '0.0000', '0.0000', '0.0000', '0.0000', '0.0000', 0, 0, 1, '0', 393, NULL, 2),
(274, 'FP16005', NULL, 'Freska 1.25', '0.0000', '0.0000', '0.0000', '0.0000', '0.0000', 0, 0, 0, '0', 393, NULL, 2),
(275, 'FP16006', NULL, 'Freska 2 ltros', '0.0000', '0.0000', '0.0000', '0.0000', '0.0000', 0, 0, 1, '0', 393, NULL, 2),
(276, 'FP16007', NULL, 'Kist Frea 1.25', '0.0000', '0.0000', '0.0000', '0.0000', '0.0000', 0, 0, 0, '0', 393, NULL, 2),
(277, 'FP16008', NULL, 'P Agua Mineral 12 Oz', '0.0000', '0.0000', '0.3500', '0.0000', '0.0000', 0, 0, 1, '0', 393, NULL, 2),
(278, 'FP16009', NULL, 'P Coca Cola 12 Oz', '0.0000', '0.0000', '0.0000', '0.0000', '0.0000', 0, 0, 1, '0', 393, NULL, 2),
(279, 'FP16010', NULL, 'P Fresa 12 Oz', '0.0000', '0.0000', '0.0000', '0.0000', '0.0000', 0, 0, 1, '0', 393, NULL, 2),
(280, 'FP16011', NULL, 'P Fresca 12 Oz', '0.0000', '0.0000', '0.0000', '0.0000', '0.0000', 0, 0, 1, '0', 393, NULL, 2),
(281, 'FP16012', NULL, 'P Naranja 12 Oz', '0.0000', '0.0000', '0.0000', '0.0000', '0.0000', 0, 0, 1, '0', 393, NULL, 2),
(282, 'FP16013', NULL, 'P Sprite 12 Oz', '0.0000', '0.0000', '0.0000', '0.0000', '0.0000', 0, 0, 1, '0', 393, NULL, 2),
(283, 'FP16014', NULL, 'P Te Duraz  12 Oz', '0.0000', '0.0000', '0.3500', '0.0000', '0.0000', 0, 0, 1, '0', 393, NULL, 2),
(284, 'FP16015', NULL, 'P Te Limon 12 Oz', '0.0000', '0.0000', '0.3500', '0.0000', '0.0000', 0, 0, 1, '0', 393, NULL, 2),
(285, 'FP16016', NULL, 'P Uva 12 Oz', '0.0000', '0.0000', '0.0000', '0.0000', '0.0000', 0, 0, 1, '0', 393, NULL, 2),
(286, 'FP16017', NULL, 'RL Coca Cola 16 Oz', '0.0000', '0.0000', '0.0000', '0.0000', '0.0000', 0, 0, 1, '0', 393, NULL, 2),
(287, 'FP16018', NULL, 'RL Fresca 16 Oz', '0.0000', '0.0000', '0.0000', '0.0000', '0.0000', 0, 0, 1, '0', 393, NULL, 2),
(288, 'FP16019', NULL, 'RL Kist Fresa 16 Oz', '0.0000', '0.0000', '0.0000', '0.0000', '0.0000', 0, 0, 1, '0', 393, NULL, 2),
(289, 'FP16020', NULL, 'RL Kitz Uva 16 Oz', '0.0000', '0.0000', '0.0000', '0.0000', '0.0000', 0, 0, 1, '0', 393, NULL, 2),
(290, 'FP16021', NULL, 'RL Naranja 16 Oz', '0.0000', '0.0000', '0.0000', '0.0000', '0.0000', 0, 0, 1, '0', 393, NULL, 2),
(291, 'FP16022', NULL, 'RL Sprote 16 Oz', '0.0000', '0.0000', '0.0000', '0.0000', '0.0000', 0, 0, 1, '0', 393, NULL, 2),
(292, 'FP16023', NULL, 'RL Te Fuze 16 Oz', '0.0000', '0.0000', '0.0000', '0.0000', '0.0000', 0, 0, 1, '0', 393, NULL, 2),
(293, 'FP16024', NULL, 'S Coca Cola Slice 12 Oz', '0.0000', '0.0000', '0.0000', '0.0000', '0.0000', 0, 0, 1, '0', 393, NULL, 2),
(294, 'FP16025', NULL, 'S Fresa Slice 12 Oz', '0.0000', '0.0000', '0.0000', '0.0000', '0.0000', 0, 0, 1, '0', 393, NULL, 2),
(295, 'FP16026', NULL, 'S Fresca Slice 12 Oz', '0.0000', '0.0000', '0.0000', '0.0000', '0.0000', 0, 0, 1, '0', 393, NULL, 2),
(296, 'FP16027', NULL, 'S Naranja Slice 12 Oz', '0.0000', '0.0000', '0.0000', '0.0000', '0.0000', 0, 0, 1, '0', 393, NULL, 2),
(297, 'FP16028', NULL, 'S Sprite Slice 12 Oz', '0.0000', '0.0000', '0.0000', '0.0000', '0.0000', 0, 0, 1, '0', 393, NULL, 2),
(298, 'FP17000', NULL, 'F Kids Cake Marmoleado', '0.0000', '0.0000', '0.0000', '0.0000', '0.0000', 0, 0, 1, '0', 370, NULL, 2),
(299, 'FP17001', NULL, 'Flan de la Casa', '0.0000', '0.0000', '0.0000', '0.0000', '0.0000', 0, 0, 1, '0', 370, NULL, 2),
(300, 'FP17002', NULL, 'Galleta Avena Pasiero', '0.0000', '0.0000', '0.0000', '0.0000', '0.0000', 0, 0, 1, '0', 370, NULL, 2),
(301, 'FP17003', NULL, 'Galleta Chispas Choc Pasiero', '0.0000', '0.0000', '0.0000', '0.0000', '0.0000', 0, 0, 1, '0', 370, NULL, 2),
(302, 'FP17004', NULL, 'Galleta Chocolate Pasiero', '0.0000', '0.0000', '0.0000', '0.0000', '0.0000', 0, 0, 1, '0', 370, NULL, 2),
(303, 'FP17005', NULL, 'Galleta Macadamia Combo', '0.0000', '0.0000', '0.0000', '0.0000', '0.0000', 0, 0, 1, '0', 370, NULL, 2),
(304, 'FP18000', NULL, 'Champinon Pasiero', '0.0000', '0.0000', '0.0000', '0.0000', '0.0000', 0, 0, 1, '0', 371, NULL, 2),
(305, 'FP18001', NULL, 'Chorizo Pasiero', '0.0000', '0.0000', '0.0000', '0.0000', '0.0000', 0, 0, 1, '0', 371, NULL, 2),
(306, 'FP18002', NULL, 'Con Full Bruscheta', '0.0000', '0.0000', '0.0000', '0.0000', '0.0000', 0, 0, 1, '0', 371, NULL, 2),
(307, 'FP18003', NULL, 'Con Full Palito', '0.0000', '0.0000', '0.0000', '0.0000', '0.0000', 0, 0, 1, '0', 371, NULL, 2),
(308, 'FP18004', NULL, 'Jamon Pasiero', '0.0000', '0.0000', '0.0000', '0.0000', '0.0000', 0, 0, 1, '0', 371, NULL, 2),
(309, 'FP18005', NULL, 'Peperoni Pasiero', '0.0000', '0.0000', '0.0000', '0.0000', '0.0000', 0, 0, 1, '0', 371, NULL, 2),
(310, 'FP18006', NULL, 'Pollo Pasiero', '0.0000', '0.0000', '0.0000', '0.0000', '0.0000', 0, 0, 1, '0', 371, NULL, 2),
(311, 'FP18007', NULL, 'Queso Pasiero', '0.0000', '0.0000', '0.0000', '0.0000', '0.0000', 0, 0, 1, '0', 371, NULL, 2),
(312, 'FP18008', NULL, 'Tocino Pasiero', '0.0000', '0.0000', '0.0000', '0.0000', '0.0000', 0, 0, 1, '0', 371, NULL, 2),
(313, 'FP18009', NULL, 'Vegetales Pasiero', '0.0000', '0.0000', '0.0000', '0.0000', '0.0000', 0, 0, 1, '0', 371, NULL, 2),
(314, 'FP18010', NULL, 'Deep-Blue Chesse', '0.0000', '0.0000', '0.0000', '0.0000', '0.0000', 0, 0, 1, '0', 371, NULL, 2),
(315, 'FP18011', NULL, 'Deep-Rach', '0.0000', '0.0000', '0.0000', '0.0000', '0.0000', 0, 0, 1, '0', 371, NULL, 2),
(316, 'FP18012', NULL, 'Deep-Salsa Tartara', '0.0000', '0.0000', '0.0000', '0.0000', '0.0000', 0, 0, 1, '0', 371, NULL, 2),
(317, 'FP19000', NULL, 'Combo  Peperoni Deluxe 2 Prs', '0.0000', '0.0000', '14.9900', '0.0000', '0.0000', 0, 0, 0, '0', 350, NULL, 2),
(318, 'FP19001', NULL, 'Combo Full Pasiero', '0.0000', '0.0000', '10.9900', '0.0000', '0.0000', 0, 0, 0, '0', 350, NULL, 2),
(319, 'FP19002', NULL, 'Combo Ranchera 2 Prs', '0.0000', '0.0000', '14.9900', '0.0000', '0.0000', 0, 0, 0, '0', 350, NULL, 2),
(320, 'FP19003', NULL, 'Full Bruchetta', '0.0000', '0.0000', '3.2500', '0.0000', '0.0000', 0, 0, 0, '0', 350, NULL, 2),
(321, 'FP19004', NULL, 'Full Dolar -1', '0.0000', '0.0000', '-1.0000', '0.0000', '0.0000', 0, 0, 0, '0', 350, NULL, 2),
(322, 'FP19005', NULL, 'Full Kids 7 Jamon', '0.0000', '0.0000', '4.3500', '0.0000', '0.0000', 0, 0, 0, '0', 350, NULL, 2),
(323, 'FP19006', NULL, 'Full Kids 7 Pepperoni', '0.0000', '0.0000', '4.5000', '0.0000', '0.0000', 0, 0, 0, '0', 350, NULL, 2),
(324, 'FP19007', NULL, 'Full Kids 7 Pollo', '0.0000', '0.0000', '4.8500', '0.0000', '0.0000', 0, 0, 0, '0', 350, NULL, 2),
(325, 'FP19008', NULL, 'Full Kids 7 Queso', '0.0000', '0.0000', '3.9900', '0.0000', '0.0000', 0, 0, 0, '0', 350, NULL, 2),
(326, 'FP19009', NULL, 'Full Palito', '0.0000', '0.0000', '3.0000', '0.0000', '0.0000', 0, 0, 0, '0', 350, NULL, 2),
(327, 'FP19010', NULL, 'Lasagna Carne', '0.0000', '0.0000', '6.9900', '0.0000', '0.0000', 0, 0, 0, '0', 350, NULL, 2),
(328, 'FP19011', NULL, 'Masa 0.100 Gr', '460.0000', '115000.0000', '0.4000', '0.0000', '0.0000', 0, 0, 0, '0', 350, 36, 2),
(329, 'FP19012', NULL, 'Pan con Ajo ()', '0.0000', '0.0000', '1.2500', '0.0000', '0.0000', 0, 0, 0, '0', 350, NULL, 2),
(330, 'FP19013', NULL, 'Pizza Premiun 9', '0.0000', '0.0000', '7.7500', '0.0000', '0.0000', 0, 0, 0, '0', 350, NULL, 2),
(331, 'FP19014', NULL, 'Combo Uni (izza Queso+1Lts Soda)', '0.0000', '0.0000', '6.2500', '0.0000', '0.0000', 0, 0, 0, '0', 350, NULL, 2),
(332, 'FP19015', NULL, 'Alitas Originales', '0.0000', '0.0000', '5.5000', '0.0000', '0.0000', 0, 0, 0, '0', 350, NULL, 2),
(333, 'FP19017', NULL, 'Alitas BBQ', '0.0000', '0.0000', '5.5000', '0.0000', '0.0000', 0, 0, 0, '0', 350, NULL, 2),
(334, 'FP19018', NULL, 'Alitas Picantes', '0.0000', '0.0000', '5.5000', '0.0000', '0.0000', 0, 0, 0, '0', 350, NULL, 2),
(335, 'FP19019', NULL, 'Pizza MM (A)', '0.0000', '0.0000', '4.2500', '0.0000', '0.0000', 0, 0, 0, '0', 350, NULL, 2),
(336, 'FP19020', NULL, 'Combo Full MM', '0.0000', '0.0000', '12.5000', '0.0000', '0.0000', 0, 0, 0, '0', 350, NULL, 2),
(337, 'FP19023', NULL, 'Combo Cine Individual', '0.0000', '0.0000', '5.5000', '0.0000', '0.0000', 0, 0, 0, '0', 350, NULL, 2),
(338, 'FP2000', NULL, 'X- Aceituna/12', '0.0000', '0.0000', '1.9900', '0.0000', '0.0000', 0, 0, 0, '0', 355, NULL, 2),
(339, 'FP20000', NULL, '-A.Oliva/Gde', '0.0000', '0.0000', '0.0000', '0.0000', '0.0000', 0, 0, 0, '0', 364, NULL, 2),
(340, 'FP20001', NULL, '-Aceituna/Gde', '0.0000', '0.0000', '0.0000', '0.0000', '0.0000', 0, 0, 0, '0', 364, NULL, 2),
(341, 'FP20002', NULL, '-Alcachofa/Gde', '0.0000', '0.0000', '0.0000', '0.0000', '0.0000', 0, 0, 0, '0', 364, NULL, 2),
(342, 'FP20003', NULL, '-Anchoa/Gde', '0.0000', '0.0000', '0.0000', '0.0000', '0.0000', 0, 0, 0, '0', 364, NULL, 2),
(343, 'FP20004', NULL, '-Cebolla/Gde', '0.0000', '0.0000', '0.0000', '0.0000', '0.0000', 0, 0, 0, '0', 364, NULL, 2),
(344, 'FP20005', NULL, '-Champinon/Gde', '0.0000', '0.0000', '0.0000', '0.0000', '0.0000', 0, 0, 0, '0', 364, NULL, 2),
(345, 'FP20006', NULL, '-J.Pierna/Gde', '0.0000', '0.0000', '0.0000', '0.0000', '0.0000', 0, 0, 0, '0', 364, NULL, 2),
(346, 'FP20007', NULL, '-Maiz/Gde', '0.0000', '0.0000', '0.0000', '0.0000', '0.0000', 0, 0, 0, '0', 364, NULL, 2),
(347, 'FP20008', NULL, '-Mozzarella/Gde', '0.0000', '0.0000', '0.0000', '0.0000', '0.0000', 0, 0, 0, '0', 364, NULL, 2),
(348, 'FP20009', NULL, '-Parmesano/Gde', '0.0000', '0.0000', '0.0000', '0.0000', '0.0000', 0, 0, 0, '0', 364, NULL, 2),
(349, 'FP2001', NULL, 'X- Carne Molida/ 12', '0.0000', '0.0000', '1.9900', '0.0000', '0.0000', 0, 0, 0, '0', 355, NULL, 2),
(350, 'FP20010', NULL, '-Peperoni/Gde', '0.0000', '0.0000', '0.0000', '0.0000', '0.0000', 0, 0, 0, '0', 364, NULL, 2),
(351, 'FP20011', NULL, '-Pimenton/Gde', '0.0000', '0.0000', '0.0000', '0.0000', '0.0000', 0, 0, 0, '0', 364, NULL, 2),
(352, 'FP20012', NULL, '-Q.Azul/Gde', '0.0000', '0.0000', '0.0000', '0.0000', '0.0000', 0, 0, 0, '0', 364, NULL, 2),
(353, 'FP20013', NULL, '-Q.Gouda/Gde', '0.0000', '0.0000', '0.0000', '0.0000', '0.0000', 0, 0, 0, '0', 364, NULL, 2),
(354, 'FP20014', NULL, '-Q.Munster/Gde', '0.0000', '0.0000', '0.0000', '0.0000', '0.0000', 0, 0, 0, '0', 364, NULL, 2),
(355, 'FP20015', NULL, '-Salchichon/Gde', '0.0000', '0.0000', '0.0000', '0.0000', '0.0000', 0, 0, 0, '0', 364, NULL, 2),
(356, 'FP20016', NULL, '-Salsa/Gde', '0.0000', '0.0000', '0.0000', '0.0000', '0.0000', 0, 0, 0, '0', 364, NULL, 2),
(357, 'FP20017', NULL, '-Salsa/Gde', '0.0000', '0.0000', '0.0000', '0.0000', '0.0000', 0, 0, 0, '0', 364, NULL, 2),
(358, 'FP20018', NULL, '-Tocino/Gde', '0.0000', '0.0000', '0.0000', '0.0000', '0.0000', 0, 0, 0, '0', 364, NULL, 2),
(359, 'FP2002', NULL, 'X- Cebolla/12', '0.0000', '0.0000', '1.9900', '0.0000', '0.0000', 0, 0, 0, '0', 355, NULL, 2),
(360, 'FP2003', NULL, 'X- Champinon/12', '0.0000', '0.0000', '1.9900', '0.0000', '0.0000', 0, 0, 0, '0', 355, NULL, 2),
(361, 'FP2004', NULL, 'X- Chorizo/12', '0.0000', '0.0000', '1.9900', '0.0000', '0.0000', 0, 0, 0, '0', 355, NULL, 2),
(362, 'FP2005', NULL, 'X- J.Pierna/12', '0.0000', '0.0000', '1.9900', '0.0000', '0.0000', 0, 0, 0, '0', 355, NULL, 2),
(363, 'FP2006', NULL, 'X- Maiz/12', '0.0000', '0.0000', '1.9900', '0.0000', '0.0000', 0, 0, 0, '0', 355, NULL, 2),
(364, 'FP2007', NULL, 'X- Mozzarella/12', '0.0000', '0.0000', '3.1500', '0.0000', '0.0000', 0, 0, 0, '0', 355, NULL, 2),
(365, 'FP2008', NULL, 'X- Peperoni/12', '0.0000', '0.0000', '1.9900', '0.0000', '0.0000', 0, 0, 0, '0', 355, NULL, 2),
(366, 'FP2009', NULL, 'X- Pimenton/12', '0.0000', '0.0000', '1.9900', '0.0000', '0.0000', 0, 0, 0, '0', 355, NULL, 2),
(367, 'FP2010', NULL, 'X- Pollo/12', '0.0000', '0.0000', '3.1500', '0.0000', '0.0000', 0, 0, 0, '0', 355, NULL, 2),
(368, 'FP2011', NULL, 'X- Salch Itlaina/ 12', '0.0000', '0.0000', '2.9900', '0.0000', '0.0000', 0, 0, 0, '0', 355, NULL, 2),
(369, 'FP2012', NULL, 'X- Salchicha/12', '0.0000', '0.0000', '1.9900', '0.0000', '0.0000', 0, 0, 0, '0', 355, NULL, 2),
(370, 'FP2013', NULL, 'X- Tasajo/12', '0.0000', '0.0000', '1.9900', '0.0000', '0.0000', 0, 0, 0, '0', 355, NULL, 2),
(371, 'FP2014', NULL, 'X- Tocino/12', '0.0000', '0.0000', '3.1500', '0.0000', '0.0000', 0, 0, 0, '0', 355, NULL, 2),
(372, 'FP2015', NULL, 'X- Tomate/12', '0.0000', '0.0000', '1.9900', '0.0000', '0.0000', 0, 0, 0, '0', 355, NULL, 2),
(373, 'FP21000', NULL, '-A.Oliva/Med', '0.0000', '0.0000', '0.0000', '0.0000', '0.0000', 0, 0, 0, '0', 363, NULL, 2),
(374, 'FP21001', NULL, '-Aceituna/Med', '0.0000', '0.0000', '0.0000', '0.0000', '0.0000', 0, 0, 0, '0', 363, NULL, 2),
(375, 'FP21002', NULL, '-Alcachofa/Med', '0.0000', '0.0000', '0.0000', '0.0000', '0.0000', 0, 0, 0, '0', 363, NULL, 2),
(376, 'FP21003', NULL, '-Anchoa/Med', '0.0000', '0.0000', '0.0000', '0.0000', '0.0000', 0, 0, 0, '0', 363, NULL, 2),
(377, 'FP21004', NULL, '-Cebolla/Med', '0.0000', '0.0000', '0.0000', '0.0000', '0.0000', 0, 0, 0, '0', 363, NULL, 2),
(378, 'FP21005', NULL, '-Champinon/Med', '0.0000', '0.0000', '0.0000', '0.0000', '0.0000', 0, 0, 0, '0', 363, NULL, 2),
(379, 'FP21006', NULL, '-J.Pierna/Med', '0.0000', '0.0000', '0.0000', '0.0000', '0.0000', 0, 0, 0, '0', 363, NULL, 2),
(380, 'FP21009', NULL, '-Maiz/Med', '0.0000', '0.0000', '0.0000', '0.0000', '0.0000', 0, 0, 0, '0', 363, NULL, 2),
(381, 'FP21010', NULL, '-Mozzarella/Med', '0.0000', '0.0000', '0.0000', '0.0000', '0.0000', 0, 0, 0, '0', 363, NULL, 2),
(382, 'FP21011', NULL, '-Parmesano/Med', '0.0000', '0.0000', '0.0000', '0.0000', '0.0000', 0, 0, 0, '0', 363, NULL, 2),
(383, 'FP21012', NULL, '-Peperoni/Med', '0.0000', '0.0000', '0.0000', '0.0000', '0.0000', 0, 0, 0, '0', 363, NULL, 2),
(384, 'FP21013', NULL, '-Pimenton/Med', '0.0000', '0.0000', '0.0000', '0.0000', '0.0000', 0, 0, 0, '0', 363, NULL, 2),
(385, 'FP21014', NULL, '-Q.Azul/Med', '0.0000', '0.0000', '0.0000', '0.0000', '0.0000', 0, 0, 0, '0', 363, NULL, 2),
(386, 'FP21015', NULL, '-Q.Gouda/Med', '0.0000', '0.0000', '0.0000', '0.0000', '0.0000', 0, 0, 0, '0', 363, NULL, 2),
(387, 'FP21016', NULL, '-Q.Munster/Med', '0.0000', '0.0000', '0.0000', '0.0000', '0.0000', 0, 0, 0, '0', 363, NULL, 2),
(388, 'FP21017', NULL, '-Salchichon/Med', '0.0000', '0.0000', '0.0000', '0.0000', '0.0000', 0, 0, 0, '0', 363, NULL, 2),
(389, 'FP21018', NULL, '-Salsa/Med', '0.0000', '0.0000', '0.0000', '0.0000', '0.0000', 0, 0, 0, '0', 363, NULL, 2),
(390, 'FP21019', NULL, '-Tocino/Med', '0.0000', '0.0000', '0.0000', '0.0000', '0.0000', 0, 0, 0, '0', 363, NULL, 2),
(391, 'FP22000', NULL, '-A.Oliva/Pq', '0.0000', '0.0000', '0.0000', '0.0000', '0.0000', 0, 0, 0, '0', 362, NULL, 2),
(392, 'FP22001', NULL, '-Aceituna/Pq', '0.0000', '0.0000', '0.0000', '0.0000', '0.0000', 0, 0, 0, '0', 362, NULL, 2),
(393, 'FP22002', NULL, '-Alcachofa/Pq', '0.0000', '0.0000', '0.0000', '0.0000', '0.0000', 0, 0, 0, '0', 362, NULL, 2),
(394, 'FP22003', NULL, '-Anchoa/Pq', '0.0000', '0.0000', '0.0000', '0.0000', '0.0000', 0, 0, 0, '0', 362, NULL, 2),
(395, 'FP22004', NULL, '-Cebolla/Pq', '0.0000', '0.0000', '0.0000', '0.0000', '0.0000', 0, 0, 0, '0', 362, NULL, 2),
(396, 'FP22005', NULL, '-Champinon/Pq', '0.0000', '0.0000', '0.0000', '0.0000', '0.0000', 0, 0, 0, '0', 362, NULL, 2),
(397, 'FP22006', NULL, '-J.Pierna/Pq', '0.0000', '0.0000', '0.0000', '0.0000', '0.0000', 0, 0, 0, '0', 362, NULL, 2),
(398, 'FP22007', NULL, '-J.Serrano/Pq', '0.0000', '0.0000', '0.0000', '0.0000', '0.0000', 0, 0, 0, '0', 362, NULL, 2),
(399, 'FP22008', NULL, '-Maiz/Pq', '0.0000', '0.0000', '0.0000', '0.0000', '0.0000', 0, 0, 0, '0', 362, NULL, 2),
(400, 'FP22009', NULL, '-Mozzarella/Pq', '0.0000', '0.0000', '0.0000', '0.0000', '0.0000', 0, 0, 0, '0', 362, NULL, 2),
(401, 'FP22010', NULL, '-Parmesano/Pq', '0.0000', '0.0000', '0.0000', '0.0000', '0.0000', 0, 0, 0, '0', 362, NULL, 2),
(402, 'FP22011', NULL, '-Peperoni/Pq', '0.0000', '0.0000', '0.0000', '0.0000', '0.0000', 0, 0, 0, '0', 362, NULL, 2),
(403, 'FP22012', NULL, '-Pimenton/Pq', '0.0000', '0.0000', '0.0000', '0.0000', '0.0000', 0, 0, 0, '0', 362, NULL, 2),
(404, 'FP22013', NULL, '-Q.Azul/Pq', '0.0000', '0.0000', '0.0000', '0.0000', '0.0000', 0, 0, 0, '0', 362, NULL, 2),
(405, 'FP22014', NULL, '-Q.Gouda/Pq', '0.0000', '0.0000', '0.0000', '0.0000', '0.0000', 0, 0, 0, '0', 362, NULL, 2),
(406, 'FP22015', NULL, '-Q.Munster/Pq', '0.0000', '0.0000', '0.0000', '0.0000', '0.0000', 0, 0, 0, '0', 362, NULL, 2),
(407, 'FP22016', NULL, '-Salchichon/Pq', '0.0000', '0.0000', '0.0000', '0.0000', '0.0000', 0, 0, 0, '0', 362, NULL, 2),
(408, 'FP22017', NULL, '-Salsa/Pq', '0.0000', '0.0000', '0.0000', '0.0000', '0.0000', 0, 0, 0, '0', 362, NULL, 2),
(409, 'FP22018', NULL, '-Tocino/Pq', '0.0000', '0.0000', '0.0000', '0.0000', '0.0000', 0, 0, 0, '0', 362, NULL, 2),
(410, 'FP23000', NULL, 'Slice Jamon', '0.0000', '0.0000', '1.9500', '0.0000', '0.0000', 0, 0, 0, '0', 366, NULL, 2),
(411, 'FP23001', NULL, 'Slice Peperoni', '0.0000', '0.0000', '2.2500', '0.0000', '0.0000', 0, 0, 0, '0', 366, NULL, 2),
(412, 'FP23002', NULL, 'Slice Queso', '0.0000', '0.0000', '2.2500', '0.0000', '0.0000', 0, 0, 0, '0', 366, NULL, 2);
INSERT INTO `producto` (`id`, `codigo`, `codigo_tcr`, `nombre`, `costo`, `porcentaje_costo`, `precioVta_A`, `precioVta_B`, `precioVta_C`, `producto_Inactivo`, `tipo`, `ocultar`, `status`, `grupo_id`, `receta_id`, `tipo_producto`) VALUES
(413, 'FP24001', NULL, 'Coca Cola 2 Lts.', '0.0000', '0.0000', '6.0000', '0.0000', '0.0000', 0, 0, 0, '0', 353, NULL, 2),
(414, 'FP24002', NULL, 'Coca Cola 32 onz', '0.0000', '0.0000', '2.0000', '0.0000', '0.0000', 0, 0, 0, '0', 353, NULL, 2),
(415, 'FP24003', NULL, 'Coca Cola/Gde', '0.0000', '0.0000', '2.0000', '0.0000', '0.0000', 0, 0, 0, '0', 353, NULL, 2),
(416, 'FP24004', NULL, 'Coca Zero/Gde', '0.0000', '0.0000', '2.0000', '0.0000', '0.0000', 0, 0, 0, '0', 353, NULL, 2),
(417, 'FP24005', NULL, 'Fanta 32 onz', '0.0000', '0.0000', '2.0000', '0.0000', '0.0000', 0, 0, 0, '0', 353, NULL, 2),
(418, 'FP24006', NULL, 'Fanta/Gde', '0.0000', '0.0000', '2.0000', '0.0000', '0.0000', 0, 0, 0, '0', 353, NULL, 2),
(419, 'FP24007', NULL, 'Fresca 32 onz', '0.0000', '0.0000', '2.0000', '0.0000', '0.0000', 0, 0, 0, '0', 353, NULL, 2),
(420, 'FP24008', NULL, 'Fresca Grd.', '0.0000', '0.0000', '2.0000', '0.0000', '0.0000', 0, 0, 0, '0', 353, NULL, 2),
(421, 'FP24009', NULL, 'Freska 1.25 Lts', '0.0000', '0.0000', '3.5000', '0.0000', '0.0000', 0, 0, 0, '0', 353, NULL, 2),
(422, 'FP24010', NULL, 'Kist 32 onz', '0.0000', '0.0000', '2.0000', '0.0000', '0.0000', 0, 0, 0, '0', 353, NULL, 2),
(423, 'FP24011', NULL, 'Kist Fresa 1.25', '0.0000', '0.0000', '3.5000', '0.0000', '0.0000', 0, 0, 0, '0', 353, NULL, 2),
(424, 'FP24012', NULL, 'Kizt/Gde', '0.0000', '0.0000', '2.0000', '0.0000', '0.0000', 0, 0, 0, '0', 353, NULL, 2),
(425, 'FP24013', NULL, 'Nestea Durazno/Gde', '0.0000', '0.0000', '2.0000', '0.0000', '0.0000', 0, 0, 1, '0', 353, NULL, 2),
(426, 'FP24014', NULL, 'Nestea Limon/Gde', '0.0000', '0.0000', '2.0000', '0.0000', '0.0000', 0, 0, 1, '0', 353, NULL, 2),
(427, 'FP24015', NULL, 'Poco/Hielo', '0.0000', '0.0000', '0.0000', '0.0000', '0.0000', 0, 0, 0, '0', 352, NULL, 2),
(428, 'FP24016', NULL, 'Sin/Hielo', '0.0000', '0.0000', '0.0000', '0.0000', '0.0000', 0, 0, 0, '0', 352, NULL, 2),
(429, 'FP24017', NULL, 'Sprite 32 onz', '0.0000', '0.0000', '2.0000', '0.0000', '0.0000', 0, 0, 0, '0', 353, NULL, 2),
(430, 'FP24018', NULL, 'Sprite/Gde', '0.0000', '0.0000', '2.0000', '0.0000', '0.0000', 0, 0, 0, '0', 353, NULL, 2),
(431, 'FP24019', NULL, 'Te Fuze Limon 32 onz', '0.0000', '0.0000', '2.0000', '0.0000', '0.0000', 0, 0, 0, '0', 353, NULL, 2),
(432, 'FP24020', NULL, 'Te Fuze Limon/Gde', '0.0000', '0.0000', '2.0000', '0.0000', '0.0000', 0, 0, 0, '0', 353, NULL, 2),
(433, 'FP24021', NULL, 'Uva/Gde', '0.0000', '0.0000', '2.0000', '0.0000', '0.0000', 0, 0, 0, '0', 353, NULL, 2),
(434, 'FP25000', NULL, 'Coca  Zero/Med', '0.0000', '0.0000', '1.6500', '0.0000', '0.0000', 0, 0, 0, '0', 352, NULL, 2),
(435, 'FP25002', NULL, 'Coca Cola 1 lts.', '0.0000', '0.0000', '4.5000', '0.0000', '0.0000', 0, 0, 0, '0', 352, NULL, 2),
(436, 'FP25003', NULL, 'Coca Cola Ligth Lata', '0.0000', '0.0000', '1.6500', '0.0000', '0.0000', 0, 0, 0, '0', 352, NULL, 2),
(437, 'FP25004', NULL, 'Coca Cola/Med', '221.9656', '13452.4606', '1.6500', '0.0000', '0.0000', 0, 0, 0, '0', 352, 43, 2),
(438, 'FP25005', NULL, 'Coca Light/Med', '0.0000', '0.0000', '1.6500', '0.0000', '0.0000', 0, 0, 0, '0', 352, NULL, 2),
(439, 'FP25006', NULL, 'Fanta/Med', '0.0000', '0.0000', '1.6500', '0.0000', '0.0000', 0, 0, 0, '0', 352, NULL, 2),
(440, 'FP25007', NULL, 'Fresca Med', '0.0000', '0.0000', '1.6500', '0.0000', '0.0000', 0, 0, 0, '0', 352, NULL, 2),
(441, 'FP25008', NULL, 'Kitz/Med', '0.0000', '0.0000', '1.6500', '0.0000', '0.0000', 0, 0, 0, '0', 352, NULL, 2),
(442, 'FP25009', NULL, 'Nestea Durazno/Med', '0.0000', '0.0000', '1.6500', '0.0000', '0.0000', 0, 0, 1, '0', 352, NULL, 2),
(443, 'FP25010', NULL, 'Nestea Limon/Med', '0.0000', '0.0000', '1.6500', '0.0000', '0.0000', 0, 0, 1, '0', 352, NULL, 2),
(444, 'FP25011', NULL, 'Poco/Hielo', '0.0000', '0.0000', '0.0000', '0.0000', '0.0000', 0, 0, 0, '0', 346, NULL, 2),
(445, 'FP25012', NULL, 'Sin/Hielo', '0.0000', '0.0000', '0.0000', '0.0000', '0.0000', 0, 0, 0, '0', 351, NULL, 2),
(446, 'FP25013', NULL, 'Sprite/Med', '0.0000', '0.0000', '1.6500', '0.0000', '0.0000', 0, 0, 0, '0', 352, NULL, 2),
(447, 'FP25014', NULL, 'Te Fuze Limon/Med', '0.0000', '0.0000', '1.6500', '0.0000', '0.0000', 0, 0, 0, '0', 352, NULL, 2),
(448, 'FP25015', NULL, 'Uva/Med', '0.0000', '0.0000', '1.6500', '0.0000', '0.0000', 0, 0, 0, '0', 352, NULL, 2),
(449, 'FP25016', NULL, 'Agran- Coca Cola/Gde', '0.0000', '0.0000', '0.3500', '0.0000', '0.0000', 0, 0, 0, '0', 352, NULL, 2),
(450, 'FP25017', NULL, 'Agran- Coca Light/Gde', '0.0000', '0.0000', '0.3500', '0.0000', '0.0000', 0, 0, 0, '0', 352, NULL, 2),
(451, 'FP25018', NULL, 'Agran- Fanta/Gde', '0.0000', '0.0000', '0.3500', '0.0000', '0.0000', 0, 0, 0, '0', 352, NULL, 2),
(452, 'FP25019', NULL, 'Agran- Fresca Gde', '0.0000', '0.0000', '0.3500', '0.0000', '0.0000', 0, 0, 0, '0', 352, NULL, 2),
(453, 'FP25020', NULL, 'Agran- Kitz/Gde', '0.0000', '0.0000', '0.3500', '0.0000', '0.0000', 0, 0, 0, '0', 352, NULL, 2),
(454, 'FP25021', NULL, 'Agran- Sprite/Gde', '0.0000', '0.0000', '0.3500', '0.0000', '0.0000', 0, 0, 0, '0', 352, NULL, 2),
(455, 'FP25022', NULL, 'Agran- Te Fuze Limon/Gde', '0.0000', '0.0000', '0.3500', '0.0000', '0.0000', 0, 0, 0, '0', 352, NULL, 2),
(456, 'FP25023', NULL, 'Agran- Uva/Gde', '0.0000', '0.0000', '0.3500', '0.0000', '0.0000', 0, 0, 0, '0', 352, NULL, 2),
(457, 'FP26000', NULL, 'Agua Mineral', '0.0000', '0.0000', '1.7500', '0.0000', '0.0000', 0, 0, 0, '0', 351, NULL, 2),
(458, 'FP26001', NULL, 'Coca Cola/pq', '0.0000', '0.0000', '1.4500', '0.0000', '0.0000', 0, 0, 0, '0', 351, NULL, 2),
(459, 'FP26002', NULL, 'Coca Zero/Peq', '0.0000', '0.0000', '1.4500', '0.0000', '0.0000', 0, 0, 0, '0', 351, NULL, 2),
(460, 'FP26003', NULL, 'Fanta/Pq', '0.0000', '0.0000', '1.4500', '0.0000', '0.0000', 0, 0, 0, '0', 351, NULL, 2),
(461, 'FP26004', NULL, 'Fresca Peq.', '0.0000', '0.0000', '1.2500', '0.0000', '0.0000', 0, 0, 0, '0', 351, NULL, 2),
(462, 'FP26005', NULL, 'Jugo DV Fresh 250 ml', '0.0000', '0.0000', '1.0000', '0.0000', '0.0000', 0, 0, 0, '0', 351, NULL, 2),
(463, 'FP26006', NULL, 'Kitz/Pq', '0.0000', '0.0000', '1.4500', '0.0000', '0.0000', 0, 0, 0, '0', 351, NULL, 2),
(464, 'FP26007', NULL, 'Nestea Durazno/Pq', '0.0000', '0.0000', '1.4500', '0.0000', '0.0000', 0, 0, 1, '0', 351, NULL, 2),
(465, 'FP26008', NULL, 'Nestea Limon/Pq', '0.0000', '0.0000', '1.4500', '0.0000', '0.0000', 0, 0, 1, '0', 351, NULL, 2),
(466, 'FP26009', NULL, 'Sin/Hielo', '0.0000', '0.0000', '0.0000', '0.0000', '0.0000', 0, 0, 0, '0', 346, NULL, 2),
(467, 'FP26010', NULL, 'Sprite/Pq', '0.0000', '0.0000', '1.4500', '0.0000', '0.0000', 0, 0, 0, '0', 351, NULL, 2),
(468, 'FP26011', NULL, 'Te Fuze Limon/Pq', '0.0000', '0.0000', '1.4500', '0.0000', '0.0000', 0, 0, 0, '0', 351, NULL, 2),
(469, 'FP26012', NULL, 'Uva/Pq', '0.0000', '0.0000', '1.4500', '0.0000', '0.0000', 0, 0, 0, '0', 351, NULL, 2),
(470, 'FP26013', NULL, 'VASO SIN SODA', '0.0000', '0.0000', '0.6500', '0.0000', '0.0000', 0, 0, 0, '0', 351, NULL, 2),
(471, 'FP27011', NULL, 'Full Combo 2 de Queso 14', '0.0000', '0.0000', '12.2500', '0.0000', '0.0000', 0, 0, 0, '0', 348, NULL, 2),
(472, 'FP27012', NULL, 'Full Combo 2 de Pollo 14', '0.0000', '0.0000', '15.9900', '0.0000', '0.0000', 0, 0, 0, '0', 348, NULL, 2),
(473, 'FP27013', NULL, 'Full Combo 2 de Jamon 14', '0.0000', '0.0000', '13.7500', '0.0000', '0.0000', 0, 0, 0, '0', 348, NULL, 2),
(474, 'FP27014', NULL, 'Full Combo 2 de Champinon 14', '0.0000', '0.0000', '13.7500', '0.0000', '0.0000', 0, 0, 0, '0', 348, NULL, 2),
(475, 'FP27015', NULL, 'Full Combo 2 de Chorizo 14', '0.0000', '0.0000', '13.7500', '0.0000', '0.0000', 0, 0, 0, '0', 348, NULL, 2),
(476, 'FP27017', NULL, 'Full Combo 2 de Peperoni 14', '0.0000', '0.0000', '13.7500', '0.0000', '0.0000', 0, 0, 0, '0', 348, NULL, 2),
(477, 'FP27020', NULL, 'Full Combo 2 de Tocino 14', '0.0000', '0.0000', '15.9900', '0.0000', '0.0000', 0, 0, 0, '0', 348, NULL, 2),
(478, 'FP27021', NULL, 'Full Combo 2 de Vegetales 14', '0.0000', '0.0000', '13.7500', '0.0000', '0.0000', 0, 0, 0, '0', 348, NULL, 2),
(479, 'FP27022', NULL, 'Full Meat Lovers 14', '0.0000', '0.0000', '13.5000', '0.0000', '0.0000', 0, 0, 0, '0', 344, NULL, 2),
(480, 'FP28002', NULL, 'X- Mozzarella 14', '0.0000', '0.0000', '3.5000', '0.0000', '0.0000', 0, 0, 0, '0', 356, NULL, 2),
(481, 'FP28003', NULL, 'X- Jamon 14', '0.0000', '0.0000', '2.2500', '0.0000', '0.0000', 0, 0, 0, '0', 356, NULL, 2),
(482, 'FP28004', NULL, 'X- Pepperoni 14', '0.0000', '0.0000', '2.2500', '0.0000', '0.0000', 0, 0, 0, '0', 356, NULL, 2),
(483, 'FP28005', NULL, 'X- Pollo 14', '0.0000', '0.0000', '3.5000', '0.0000', '0.0000', 0, 0, 0, '0', 356, NULL, 2),
(484, 'FP28006', NULL, 'X- Tocino 14', '0.0000', '0.0000', '3.5000', '0.0000', '0.0000', 0, 0, 0, '0', 356, NULL, 2),
(485, 'FP28007', NULL, 'X- Chorizo 14', '0.0000', '0.0000', '2.2500', '0.0000', '0.0000', 0, 0, 0, '0', 356, NULL, 2),
(486, 'FP28008', NULL, 'X- Cebolla 14', '0.0000', '0.0000', '2.2500', '0.0000', '0.0000', 0, 0, 0, '0', 356, NULL, 2),
(487, 'FP28009', NULL, 'X- Champinones 14', '0.0000', '0.0000', '2.2500', '0.0000', '0.0000', 0, 0, 0, '0', 356, NULL, 2),
(488, 'FP28010', NULL, 'X- Aceitunas 14', '0.0000', '0.0000', '2.2500', '0.0000', '0.0000', 0, 0, 0, '0', 356, NULL, 2),
(489, 'FP28011', NULL, 'X- Salsa Pizza 14', '0.0000', '0.0000', '2.2500', '0.0000', '0.0000', 0, 0, 0, '0', 356, NULL, 2),
(490, 'FP28012', NULL, 'X- Pimentones 14', '0.0000', '0.0000', '2.2500', '0.0000', '0.0000', 0, 0, 0, '0', 356, NULL, 2),
(491, 'FP28013', NULL, 'X- Maiz 14', '0.0000', '0.0000', '2.2500', '0.0000', '0.0000', 0, 0, 0, '0', 356, NULL, 2),
(492, 'FP3000', NULL, 'X- Aceituna/9', '0.0000', '0.0000', '1.5000', '0.0000', '0.0000', 0, 0, 0, '0', 354, NULL, 2),
(493, 'FP30000', NULL, 'Vasos', '0.0000', '0.0000', '0.0000', '0.0000', '0.0000', 0, 0, 0, '0', 347, NULL, 2),
(494, 'FP30001', NULL, 'Jugo Fresa', '0.0000', '0.0000', '1.1400', '0.0000', '0.0000', 0, 0, 0, '0', 368, NULL, 2),
(495, 'FP30005', NULL, 'Poco/Hielo', '0.0000', '0.0000', '0.0000', '0.0000', '0.0000', 0, 0, 0, '0', 353, NULL, 2),
(496, 'FP30006', NULL, 'Sin/Hielo', '0.0000', '0.0000', '0.0000', '0.0000', '0.0000', 0, 0, 0, '0', 353, NULL, 2),
(497, 'FP30008', NULL, 'Vasos', '0.0000', '0.0000', '0.0000', '0.0000', '0.0000', 0, 0, 0, '0', 349, NULL, 2),
(498, 'FP30009', NULL, 'Combo/Coca Cola', '0.0000', '0.0000', '0.0000', '0.0000', '0.0000', 0, 0, 0, '0', 394, NULL, 2),
(499, 'FP3001', NULL, 'X- Carne Molida /9', '0.0000', '0.0000', '1.5000', '0.0000', '0.0000', 0, 0, 0, '0', 354, NULL, 2),
(500, 'FP30010', NULL, 'Combo/Coca Zero', '0.0000', '0.0000', '0.0000', '0.0000', '0.0000', 0, 0, 0, '0', 394, NULL, 2),
(501, 'FP30011', NULL, 'Combo/Fanta', '0.0000', '0.0000', '0.0000', '0.0000', '0.0000', 0, 0, 0, '0', 394, NULL, 2),
(502, 'FP30012', NULL, 'Combo/Fresca', '0.0000', '0.0000', '0.0000', '0.0000', '0.0000', 0, 0, 0, '0', 394, NULL, 2),
(503, 'FP30013', NULL, 'Combo/Kist', '0.0000', '0.0000', '0.0000', '0.0000', '0.0000', 0, 0, 0, '0', 394, NULL, 2),
(504, 'FP30014', NULL, 'Combo/Sprite', '0.0000', '0.0000', '0.0000', '0.0000', '0.0000', 0, 0, 0, '0', 394, NULL, 2),
(505, 'FP30015', NULL, 'Full Economica', '0.0000', '0.0000', '3.7500', '0.0000', '0.0000', 0, 0, 0, '0', 394, NULL, 2),
(506, 'FP30016', NULL, 'Sab/Aceitunas', '0.0000', '0.0000', '0.0000', '0.0000', '0.0000', 0, 0, 0, '0', 394, NULL, 2),
(507, 'FP30017', NULL, 'Sab/Cebolla', '0.0000', '0.0000', '0.0000', '0.0000', '0.0000', 0, 0, 0, '0', 394, NULL, 2),
(508, 'FP30018', NULL, 'Sab/Champinones', '0.0000', '0.0000', '0.0000', '0.0000', '0.0000', 0, 0, 0, '0', 394, NULL, 2),
(509, 'FP30019', NULL, 'Sab/Chorizo', '0.0000', '0.0000', '0.0000', '0.0000', '0.0000', 0, 0, 0, '0', 394, NULL, 2),
(510, 'FP3002', NULL, 'X- Cebolla/9', '0.0000', '0.0000', '1.5000', '0.0000', '0.0000', 0, 0, 0, '0', 354, NULL, 2),
(511, 'FP30020', NULL, 'Sab/Jamon', '0.0000', '0.0000', '0.0000', '0.0000', '0.0000', 0, 0, 0, '0', 394, NULL, 2),
(512, 'FP30021', NULL, 'Sab/Peperoni', '0.0000', '0.0000', '0.0000', '0.0000', '0.0000', 0, 0, 0, '0', 394, NULL, 2),
(513, 'FP30022', NULL, 'Sab/Pimenton', '0.0000', '0.0000', '0.0000', '0.0000', '0.0000', 0, 0, 0, '0', 394, NULL, 2),
(514, 'FP30023', NULL, 'Sab/Pollo', '0.0000', '0.0000', '0.0000', '0.0000', '0.0000', 0, 0, 0, '0', 394, NULL, 2),
(515, 'FP30024', NULL, 'Sab/Tocino', '0.0000', '0.0000', '0.0000', '0.0000', '0.0000', 0, 0, 0, '0', 394, NULL, 2),
(516, 'FP3003', NULL, 'X- Champinon/9', '0.0000', '0.0000', '1.5000', '0.0000', '0.0000', 0, 0, 0, '0', 354, NULL, 2),
(517, 'FP3004', NULL, 'X- Chorizo/9', '0.0000', '0.0000', '1.5000', '0.0000', '0.0000', 0, 0, 0, '0', 354, NULL, 2),
(518, 'FP3005', NULL, 'X- J.Pierna/9', '0.0000', '0.0000', '1.5000', '0.0000', '0.0000', 0, 0, 0, '0', 354, NULL, 2),
(519, 'FP3006', NULL, 'X- Maiz/9', '0.0000', '0.0000', '1.5000', '0.0000', '0.0000', 0, 0, 0, '0', 354, NULL, 2),
(520, 'FP3007', NULL, 'X- Mozzarella/9', '0.0000', '0.0000', '2.1500', '0.0000', '0.0000', 0, 0, 0, '0', 354, NULL, 2),
(521, 'FP3008', NULL, 'X- Peperoni/9', '0.0000', '0.0000', '1.5000', '0.0000', '0.0000', 0, 0, 0, '0', 354, NULL, 2),
(522, 'FP3009', NULL, 'X- Pimenton/9', '0.0000', '0.0000', '1.5000', '0.0000', '0.0000', 0, 0, 0, '0', 354, NULL, 2),
(523, 'FP3010', NULL, 'X- Pollo/9', '0.0000', '0.0000', '2.1500', '0.0000', '0.0000', 0, 0, 0, '0', 354, NULL, 2),
(524, 'FP3011', NULL, 'X- Salch Italiana/9', '0.0000', '0.0000', '1.9900', '0.0000', '0.0000', 0, 0, 0, '0', 354, NULL, 2),
(525, 'FP3012', NULL, 'X- Salchicha/9', '0.0000', '0.0000', '1.5000', '0.0000', '0.0000', 0, 0, 0, '0', 354, NULL, 2),
(526, 'FP3013', NULL, 'X- Salchichon/9', '0.0000', '0.0000', '1.5000', '0.0000', '0.0000', 0, 0, 0, '0', 354, NULL, 2),
(527, 'FP3014', NULL, 'X- Tocino/9', '0.0000', '0.0000', '2.1500', '0.0000', '0.0000', 0, 0, 0, '0', 354, NULL, 2),
(528, 'FP3015', NULL, 'X- Tomate/9', '0.0000', '0.0000', '1.5000', '0.0000', '0.0000', 0, 0, 0, '0', 354, NULL, 2),
(529, 'FP3016', NULL, 'X-Tasajo/9', '0.0000', '0.0000', '1.5000', '0.0000', '0.0000', 0, 0, 0, '0', 354, NULL, 2),
(530, 'FP361', NULL, 'Full Pepperoni Deluxe 14', '0.0000', '0.0000', '11.5000', '0.0000', '0.0000', 0, 0, 0, '0', 344, NULL, 2),
(531, 'FP365', NULL, 'Full Ranchera 14', '0.0000', '0.0000', '11.5000', '0.0000', '0.0000', 0, 0, 0, '0', 344, NULL, 2),
(532, 'FP4000', NULL, 'Combo Chorizo 2 Prs', '0.0000', '0.0000', '10.5000', '0.0000', '0.0000', 0, 0, 0, '0', 347, NULL, 2),
(533, 'FP4001', NULL, 'Combo de Champinones 2 Prs', '0.0000', '0.0000', '10.5000', '0.0000', '0.0000', 0, 0, 0, '0', 347, NULL, 2),
(534, 'FP4002', NULL, 'Combo de Jamon  2 Prs', '0.0000', '0.0000', '10.5000', '0.0000', '0.0000', 0, 0, 0, '0', 347, NULL, 2),
(535, 'FP4003', NULL, 'Combo de Pollo 2 Prs', '0.0000', '0.0000', '11.9900', '0.0000', '0.0000', 0, 0, 0, '0', 347, NULL, 2),
(536, 'FP4004', NULL, 'Combo de Queso 2 Pers', '0.0000', '0.0000', '8.5000', '0.0000', '0.0000', 0, 0, 0, '0', 347, NULL, 2),
(537, 'FP4005', NULL, 'Combo de Tocino 2 Prs', '0.0000', '0.0000', '11.9900', '0.0000', '0.0000', 0, 0, 0, '0', 347, NULL, 2),
(538, 'FP4006', NULL, 'Combo de vegetales 2 Prs', '0.0000', '0.0000', '10.5000', '0.0000', '0.0000', 0, 0, 0, '0', 347, NULL, 2),
(539, 'FP4007', NULL, 'Combo Peperoni 2 Prs', '0.0000', '0.0000', '10.5000', '0.0000', '0.0000', 0, 0, 0, '0', 347, NULL, 2),
(540, 'FP4008', NULL, 'Combo Salchicha 2 Prs', '0.0000', '0.0000', '10.5000', '0.0000', '0.0000', 0, 0, 0, '0', 347, NULL, 2),
(541, 'FP4009', NULL, 'Cb Pizza Dulce+Queso 2 Pers', '0.0000', '0.0000', '10.9900', '0.0000', '0.0000', 0, 0, 0, '0', 347, NULL, 2),
(542, 'FP4010', NULL, 'Cb Pizza Dulce+Jamon 2 Pers', '0.0000', '0.0000', '10.9900', '0.0000', '0.0000', 0, 0, 0, '0', 347, NULL, 2),
(543, 'FP4011', NULL, 'Cb Pizza Dulce+Pepperoni 2 Pers', '0.0000', '0.0000', '10.9900', '0.0000', '0.0000', 0, 0, 0, '0', 347, NULL, 2),
(544, 'FP4012', NULL, 'Cb Pizza Dulce+Pollo 2 Pers', '0.0000', '0.0000', '11.9900', '0.0000', '0.0000', 0, 0, 0, '0', 347, NULL, 2),
(545, 'FP4013', NULL, 'Cb Pizza Dulce+Tocino 2 Pers', '0.0000', '0.0000', '10.9900', '0.0000', '0.0000', 0, 0, 0, '0', 347, NULL, 2),
(546, 'FP4014', NULL, 'Cb Pizza Dulce+Chorizo 2 Pers', '0.0000', '0.0000', '10.9900', '0.0000', '0.0000', 0, 0, 0, '0', 347, NULL, 2),
(547, 'FP4015', NULL, 'Cb Pizza Dulce+Champinones 2 Pers', '0.0000', '0.0000', '10.9900', '0.0000', '0.0000', 0, 0, 0, '0', 347, NULL, 2),
(548, 'FP4016', NULL, 'Cb Pizza Dulce+Vegetales 2 Pers', '0.0000', '0.0000', '10.9900', '0.0000', '0.0000', 0, 0, 0, '0', 347, NULL, 2),
(549, 'FP5000', NULL, 'COMBO Champinones 4Prs', '0.0000', '0.0000', '15.5000', '0.0000', '0.0000', 0, 0, 0, '0', 349, NULL, 2),
(550, 'FP5001', NULL, 'COMBO Chorizo 4Prs', '0.0000', '0.0000', '15.5000', '0.0000', '0.0000', 0, 0, 0, '0', 349, NULL, 2),
(551, 'FP5002', NULL, 'COMBO Jamon 4Prs', '0.0000', '0.0000', '15.5000', '0.0000', '0.0000', 0, 0, 0, '0', 349, NULL, 2),
(552, 'FP5003', NULL, 'COMBO Pepperoni 4Prs', '0.0000', '0.0000', '15.5000', '0.0000', '0.0000', 0, 0, 0, '0', 349, NULL, 2),
(553, 'FP5004', NULL, 'COMBO Pollo 4Prs', '0.0000', '0.0000', '17.2500', '0.0000', '0.0000', 0, 0, 0, '0', 349, NULL, 2),
(554, 'FP5005', NULL, 'COMBO Queso 4Prs', '0.0000', '0.0000', '13.2500', '0.0000', '0.0000', 0, 0, 0, '0', 349, NULL, 2),
(555, 'FP5006', NULL, 'COMBO Salchicha 4Prs', '0.0000', '0.0000', '15.5000', '0.0000', '0.0000', 0, 0, 0, '0', 349, NULL, 2),
(556, 'FP5007', NULL, 'COMBO Tocino 4Prs', '0.0000', '0.0000', '17.2500', '0.0000', '0.0000', 0, 0, 0, '0', 349, NULL, 2),
(557, 'FP5008', NULL, 'COMBO Vegetales 4Prs', '0.0000', '0.0000', '15.5000', '0.0000', '0.0000', 0, 0, 0, '0', 349, NULL, 2),
(558, 'FP5009', NULL, 'Full Combo Champinones 14 1Lts', '0.0000', '0.0000', '11.9900', '0.0000', '0.0000', 0, 0, 0, '0', 348, NULL, 2),
(559, 'FP5010', NULL, 'Full Combo Vegetales 14 1Lts', '0.0000', '0.0000', '11.9900', '0.0000', '0.0000', 0, 0, 0, '0', 348, NULL, 2),
(560, 'FP5011', NULL, 'Full Combo Tocino 14 1Lts', '0.0000', '0.0000', '14.1500', '0.0000', '0.0000', 0, 0, 0, '0', 348, NULL, 2),
(561, 'FP5012', NULL, 'Full Combo Queso 14 1Lts', '0.0000', '0.0000', '10.2500', '0.0000', '0.0000', 0, 0, 0, '0', 348, NULL, 2),
(562, 'FP5013', NULL, 'Full Combo Pollo14 1Lts', '0.0000', '0.0000', '14.1500', '0.0000', '0.0000', 0, 0, 0, '0', 348, NULL, 2),
(563, 'FP5014', NULL, 'Full Combo Pepperoni 14 1Lts', '0.0000', '0.0000', '11.9900', '0.0000', '0.0000', 0, 0, 0, '0', 348, NULL, 2),
(564, 'FP5015', NULL, 'Full Combo Jamon 14 1Lts', '0.0000', '0.0000', '11.9900', '0.0000', '0.0000', 0, 0, 0, '0', 348, NULL, 2),
(565, 'FP5016', NULL, 'Full Combo Chorizo 14 1Lts', '0.0000', '0.0000', '11.9900', '0.0000', '0.0000', 0, 0, 0, '0', 348, NULL, 2),
(566, 'FP5017', NULL, 'Full Combo Meat Lover 14 1Lts', '0.0000', '0.0000', '17.9900', '0.0000', '0.0000', 0, 0, 0, '0', 348, NULL, 2),
(567, 'FP6001', NULL, 'Combo Agrandado', '0.0000', '0.0000', '0.3500', '0.0000', '0.0000', 0, 0, 0, '0', 346, NULL, 2),
(568, 'FP6002', NULL, 'Combo Champinones 9', '0.0000', '0.0000', '4.5000', '0.0000', '0.0000', 0, 0, 0, '0', 346, NULL, 2),
(569, 'FP6003', NULL, 'COMBO Chorizo 9', '0.0000', '0.0000', '4.5000', '0.0000', '0.0000', 0, 0, 0, '0', 346, NULL, 2),
(570, 'FP6004', NULL, 'COMBO Jamon 9', '0.0000', '0.0000', '4.5000', '0.0000', '0.0000', 0, 0, 0, '0', 346, NULL, 2),
(571, 'FP6005', NULL, 'COMBO Pepperoni 9', '0.0000', '0.0000', '4.5000', '0.0000', '0.0000', 0, 0, 0, '0', 346, NULL, 2),
(572, 'FP6006', NULL, 'COMBO Pollo 9', '0.0000', '0.0000', '5.7500', '0.0000', '0.0000', 0, 0, 0, '0', 346, NULL, 2),
(573, 'FP6007', NULL, 'COMBO Queso 9', '0.0000', '0.0000', '3.5000', '0.0000', '0.0000', 0, 0, 0, '0', 346, NULL, 2),
(574, 'FP6008', NULL, 'COMBO Salchicha 9', '0.0000', '0.0000', '4.5000', '0.0000', '0.0000', 0, 0, 0, '0', 346, NULL, 2),
(575, 'FP6009', NULL, 'COMBO Tocino 9', '0.0000', '0.0000', '5.7500', '0.0000', '0.0000', 0, 0, 0, '0', 346, NULL, 2),
(576, 'FP6010', NULL, 'COMBO Vegetales 9', '0.0000', '0.0000', '4.5000', '0.0000', '0.0000', 0, 0, 0, '0', 346, NULL, 2),
(577, 'FP7000', NULL, '+A.Oliva/Gde', '0.0000', '0.0000', '0.0000', '0.0000', '0.0000', 0, 0, 0, '0', 361, NULL, 2),
(578, 'FP7001', NULL, '+Aceituna/Gde', '0.0000', '0.0000', '0.0000', '0.0000', '0.0000', 0, 0, 0, '0', 361, NULL, 2),
(579, 'FP7002', NULL, '+Anchoa/Gde', '0.0000', '0.0000', '0.0000', '0.0000', '0.0000', 0, 0, 0, '0', 361, NULL, 2),
(580, 'FP7003', NULL, '+Cebolla/Gde', '0.0000', '0.0000', '0.0000', '0.0000', '0.0000', 0, 0, 0, '0', 361, NULL, 2),
(581, 'FP7004', NULL, '+Champinon/Gde', '0.0000', '0.0000', '0.0000', '0.0000', '0.0000', 0, 0, 0, '0', 361, NULL, 2),
(582, 'FP7005', NULL, '+J.Pierna/Gde', '0.0000', '0.0000', '0.0000', '0.0000', '0.0000', 0, 0, 0, '0', 361, NULL, 2),
(583, 'FP7006', NULL, '+J.Serrano/Gde', '0.0000', '0.0000', '0.0000', '0.0000', '0.0000', 0, 0, 0, '0', 361, NULL, 2),
(584, 'FP7007', NULL, '+Mozzarella/Gde', '0.0000', '0.0000', '0.0000', '0.0000', '0.0000', 0, 0, 0, '0', 361, NULL, 2),
(585, 'FP7008', NULL, '+Parmesano/Gde', '0.0000', '0.0000', '0.0000', '0.0000', '0.0000', 0, 0, 0, '0', 361, NULL, 2),
(586, 'FP7009', NULL, '+Peperoni/Gde', '0.0000', '0.0000', '0.0000', '0.0000', '0.0000', 0, 0, 0, '0', 361, NULL, 2),
(587, 'FP7010', NULL, '+Pimenton/Gde', '0.0000', '0.0000', '0.0000', '0.0000', '0.0000', 0, 0, 0, '0', 361, NULL, 2),
(588, 'FP7011', NULL, '+Q.Azul/Gde', '0.0000', '0.0000', '0.0000', '0.0000', '0.0000', 0, 0, 0, '0', 361, NULL, 2),
(589, 'FP7012', NULL, '+Q.Gouda/Gde', '0.0000', '0.0000', '0.0000', '0.0000', '0.0000', 0, 0, 0, '0', 361, NULL, 2),
(590, 'FP7013', NULL, '+Q.Munster/Gde', '0.0000', '0.0000', '0.0000', '0.0000', '0.0000', 0, 0, 0, '0', 361, NULL, 2),
(591, 'FP7014', NULL, '+Salchichon/Gde', '0.0000', '0.0000', '0.0000', '0.0000', '0.0000', 0, 0, 0, '0', 361, NULL, 2),
(592, 'FP7015', NULL, '+Salsa/Gde', '0.0000', '0.0000', '0.0000', '0.0000', '0.0000', 0, 0, 0, '0', 361, NULL, 2),
(593, 'FP7017', NULL, '+Tocino/Gde', '0.0000', '0.0000', '0.0000', '0.0000', '0.0000', 0, 0, 0, '0', 361, NULL, 2),
(594, 'FP8000', NULL, '+A.Oliva/Med', '0.0000', '0.0000', '0.0000', '0.0000', '0.0000', 0, 0, 0, '0', 359, NULL, 2),
(595, 'FP8001', NULL, '+Aceituna/Med', '0.0000', '0.0000', '0.0000', '0.0000', '0.0000', 0, 0, 0, '0', 359, NULL, 2),
(596, 'FP8002', NULL, '+Alcachofa/Med', '0.0000', '0.0000', '0.0000', '0.0000', '0.0000', 0, 0, 0, '0', 359, NULL, 2),
(597, 'FP8003', NULL, '+Anchoa/Med', '0.0000', '0.0000', '0.0000', '0.0000', '0.0000', 0, 0, 0, '0', 359, NULL, 2),
(598, 'FP8004', NULL, '+Cebolla/Med', '0.0000', '0.0000', '0.0000', '0.0000', '0.0000', 0, 0, 0, '0', 359, NULL, 2),
(599, 'FP8005', NULL, '+Champinon/Med', '0.0000', '0.0000', '0.0000', '0.0000', '0.0000', 0, 0, 0, '0', 359, NULL, 2),
(600, 'FP8006', NULL, '+J.Pierna/Med', '0.0000', '0.0000', '0.0000', '0.0000', '0.0000', 0, 0, 0, '0', 359, NULL, 2),
(601, 'FP8007', NULL, '+J.Serrano/Med', '0.0000', '0.0000', '0.0000', '0.0000', '0.0000', 0, 0, 0, '0', 359, NULL, 2),
(602, 'FP8008', NULL, '+Maiz/Med', '0.0000', '0.0000', '0.0000', '0.0000', '0.0000', 0, 0, 0, '0', 359, NULL, 2),
(603, 'FP8009', NULL, '+Peperoni/Med', '0.0000', '0.0000', '0.0000', '0.0000', '0.0000', 0, 0, 0, '0', 359, NULL, 2),
(604, 'FP8010', NULL, '+Pimenton/Med', '0.0000', '0.0000', '0.0000', '0.0000', '0.0000', 0, 0, 0, '0', 359, NULL, 2),
(605, 'FP8011', NULL, '+Q.Azul/Med', '0.0000', '0.0000', '0.0000', '0.0000', '0.0000', 0, 0, 0, '0', 359, NULL, 2),
(606, 'FP8012', NULL, '+Q.Gouda/Med', '0.0000', '0.0000', '0.0000', '0.0000', '0.0000', 0, 0, 0, '0', 359, NULL, 2),
(607, 'FP8013', NULL, '+Q.Mozzarella/Med', '0.0000', '0.0000', '0.0000', '0.0000', '0.0000', 0, 0, 0, '0', 359, NULL, 2),
(608, 'FP8014', NULL, '+Q.Munster/Med', '0.0000', '0.0000', '0.0000', '0.0000', '0.0000', 0, 0, 0, '0', 359, NULL, 2),
(609, 'FP8015', NULL, '+Q.Parmesano/Med', '0.0000', '0.0000', '0.0000', '0.0000', '0.0000', 0, 0, 0, '0', 359, NULL, 2),
(610, 'FP8016', NULL, '+Salchichon/Med', '0.0000', '0.0000', '0.0000', '0.0000', '0.0000', 0, 0, 0, '0', 359, NULL, 2),
(611, 'FP8017', NULL, '+Salsa/Med', '0.0000', '0.0000', '0.0000', '0.0000', '0.0000', 0, 0, 0, '0', 359, NULL, 2),
(612, 'FP8018', NULL, '+Tocino/Med', '0.0000', '0.0000', '0.0000', '0.0000', '0.0000', 0, 0, 0, '0', 359, NULL, 2),
(613, 'FP9000', NULL, '+A.Oliva/Pq', '0.0000', '0.0000', '0.0000', '0.0000', '0.0000', 0, 0, 0, '0', 358, NULL, 2),
(614, 'FP9001', NULL, '+Aceituna/Pq', '0.0000', '0.0000', '0.0000', '0.0000', '0.0000', 0, 0, 0, '0', 358, NULL, 2),
(615, 'FP9002', NULL, '+Alcachofa/Pq', '0.0000', '0.0000', '0.0000', '0.0000', '0.0000', 0, 0, 0, '0', 358, NULL, 2),
(616, 'FP9003', NULL, '+Anchoa/Pq', '0.0000', '0.0000', '0.0000', '0.0000', '0.0000', 0, 0, 0, '0', 358, NULL, 2),
(617, 'FP9004', NULL, '+Cebolla/Pq', '0.0000', '0.0000', '0.0000', '0.0000', '0.0000', 0, 0, 0, '0', 358, NULL, 2),
(618, 'FP9005', NULL, '+Champinon/Pq', '0.0000', '0.0000', '0.0000', '0.0000', '0.0000', 0, 0, 0, '0', 358, NULL, 2),
(619, 'FP9006', NULL, '+J.Pierna/Pq', '0.0000', '0.0000', '0.0000', '0.0000', '0.0000', 0, 0, 0, '0', 358, NULL, 2),
(620, 'FP9007', NULL, '+J.Serrano/Pq', '0.0000', '0.0000', '0.0000', '0.0000', '0.0000', 0, 0, 0, '0', 358, NULL, 2),
(621, 'FP9008', NULL, '+Maiz/Pq', '0.0000', '0.0000', '0.0000', '0.0000', '0.0000', 0, 0, 0, '0', 358, NULL, 2),
(622, 'FP9009', NULL, '+Parmesano/Pq', '0.0000', '0.0000', '0.0000', '0.0000', '0.0000', 0, 0, 0, '0', 358, NULL, 2),
(623, 'FP9010', NULL, '+Peperoni/Pq', '0.0000', '0.0000', '0.0000', '0.0000', '0.0000', 0, 0, 0, '0', 358, NULL, 2),
(624, 'FP9011', NULL, '+Pimenton/Pq', '0.0000', '0.0000', '0.0000', '0.0000', '0.0000', 0, 0, 0, '0', 358, NULL, 2),
(625, 'FP9012', NULL, '+Q.Azul/Pq', '0.0000', '0.0000', '0.0000', '0.0000', '0.0000', 0, 0, 0, '0', 358, NULL, 2),
(626, 'FP9013', NULL, '+Q.Gouda/Peq', '0.0000', '0.0000', '0.0000', '0.0000', '0.0000', 0, 0, 0, '0', 358, NULL, 2),
(627, 'FP9014', NULL, '+Q.Mozzarrella/Pq', '0.0000', '0.0000', '0.0000', '0.0000', '0.0000', 0, 0, 0, '0', 358, NULL, 2),
(628, 'FP9015', NULL, '+Q.Munster/Pq', '0.0000', '0.0000', '0.0000', '0.0000', '0.0000', 0, 0, 0, '0', 358, NULL, 2),
(629, 'FP9016', NULL, '+Salchichon/Pq', '0.0000', '0.0000', '0.0000', '0.0000', '0.0000', 0, 0, 0, '0', 358, NULL, 2),
(630, 'FP9017', NULL, '+Salsa/Pq', '0.0000', '0.0000', '0.0000', '0.0000', '0.0000', 0, 0, 0, '0', 358, NULL, 2),
(631, 'FP9018', NULL, '+Tocino/Pq', '0.0000', '0.0000', '0.0000', '0.0000', '0.0000', 0, 0, 0, '0', 358, NULL, 2);

-- --------------------------------------------------------

--
-- Table structure for table `producto_has_modelo`
--

CREATE TABLE `producto_has_modelo` (
  `id` int(11) NOT NULL,
  `producto_id` int(11) NOT NULL,
  `modelo_id` int(11) NOT NULL
) ENGINE=InnoDB AUTO_INCREMENT=627 DEFAULT CHARSET=utf8;

--
-- Dumping data for table `producto_has_modelo`
--

INSERT INTO `producto_has_modelo` (`id`, `producto_id`, `modelo_id`) VALUES
(1, 4, 9),
(2, 1, 9),
(3, 36, 12),
(5, 176, 12),
(7, 67, 12),
(8, 179, 8),
(9, 181, 8),
(10, 182, 8),
(11, 183, 8),
(12, 184, 8),
(13, 185, 8),
(14, 186, 8),
(15, 187, 8),
(16, 188, 8),
(17, 189, 8),
(18, 190, 8),
(19, 191, 8),
(20, 192, 8),
(21, 193, 8),
(22, 194, 8),
(23, 195, 8),
(24, 196, 8),
(25, 197, 8),
(26, 198, 8),
(27, 199, 8),
(28, 200, 8),
(29, 201, 8),
(30, 202, 8),
(31, 203, 8),
(32, 204, 8),
(33, 205, 8),
(34, 206, 8),
(35, 207, 8),
(36, 208, 8),
(37, 209, 8),
(38, 210, 8),
(39, 211, 8),
(40, 212, 8),
(41, 213, 8),
(42, 214, 8),
(43, 215, 8),
(44, 216, 8),
(45, 217, 8),
(46, 218, 8),
(47, 219, 8),
(48, 220, 8),
(49, 221, 8),
(50, 222, 8),
(51, 223, 8),
(52, 224, 8),
(53, 225, 8),
(54, 226, 8),
(55, 227, 8),
(56, 228, 8),
(57, 229, 8),
(58, 230, 8),
(59, 231, 8),
(60, 232, 8),
(61, 233, 8),
(62, 234, 8),
(63, 235, 8),
(64, 236, 8),
(65, 237, 8),
(66, 238, 8),
(67, 239, 8),
(68, 240, 8),
(69, 241, 8),
(70, 242, 8),
(71, 243, 8),
(72, 244, 8),
(73, 245, 8),
(74, 246, 8),
(75, 247, 8),
(76, 248, 8),
(77, 249, 8),
(78, 250, 8),
(79, 251, 8),
(80, 252, 8),
(81, 253, 8),
(82, 254, 8),
(83, 255, 8),
(84, 256, 8),
(85, 257, 8),
(86, 258, 8),
(87, 259, 8),
(88, 260, 8),
(89, 261, 8),
(90, 262, 8),
(91, 263, 8),
(92, 264, 8),
(93, 265, 8),
(94, 266, 8),
(95, 267, 8),
(96, 268, 8),
(97, 269, 8),
(98, 270, 8),
(99, 271, 8),
(100, 272, 8),
(101, 273, 8),
(102, 274, 8),
(103, 275, 8),
(104, 276, 8),
(105, 277, 8),
(106, 278, 8),
(107, 279, 8),
(108, 280, 8),
(109, 281, 8),
(110, 282, 8),
(111, 283, 8),
(112, 284, 8),
(113, 285, 8),
(114, 286, 8),
(115, 287, 8),
(116, 288, 8),
(117, 289, 8),
(118, 290, 8),
(119, 291, 8),
(120, 292, 8),
(121, 293, 8),
(122, 294, 8),
(123, 295, 8),
(124, 296, 8),
(125, 297, 8),
(126, 298, 8),
(127, 299, 8),
(128, 300, 8),
(129, 301, 8),
(130, 302, 8),
(131, 303, 8),
(132, 304, 8),
(133, 305, 8),
(134, 306, 8),
(135, 307, 8),
(136, 308, 8),
(137, 309, 8),
(138, 310, 8),
(139, 311, 8),
(140, 312, 8),
(141, 313, 8),
(142, 314, 8),
(143, 315, 8),
(144, 316, 8),
(145, 317, 8),
(146, 318, 8),
(147, 319, 8),
(148, 320, 8),
(149, 321, 8),
(150, 322, 8),
(151, 323, 8),
(152, 324, 8),
(153, 325, 8),
(154, 326, 8),
(155, 327, 8),
(156, 328, 8),
(157, 329, 8),
(158, 330, 8),
(159, 331, 8),
(160, 332, 8),
(161, 333, 8),
(162, 334, 8),
(163, 335, 8),
(164, 336, 8),
(165, 337, 8),
(166, 338, 8),
(167, 339, 8),
(168, 340, 8),
(169, 341, 8),
(170, 342, 8),
(171, 343, 8),
(172, 344, 8),
(173, 345, 8),
(174, 346, 8),
(175, 347, 8),
(176, 348, 8),
(177, 349, 8),
(178, 350, 8),
(179, 351, 8),
(180, 352, 8),
(181, 353, 8),
(182, 354, 8),
(183, 355, 8),
(184, 356, 8),
(185, 357, 8),
(186, 358, 8),
(187, 359, 8),
(188, 360, 8),
(189, 361, 8),
(190, 362, 8),
(191, 363, 8),
(192, 364, 8),
(193, 365, 8),
(194, 366, 8),
(195, 367, 8),
(196, 368, 8),
(197, 369, 8),
(198, 370, 8),
(199, 371, 8),
(200, 372, 8),
(201, 373, 8),
(202, 374, 8),
(203, 375, 8),
(204, 376, 8),
(205, 377, 8),
(206, 378, 8),
(207, 379, 8),
(208, 380, 8),
(209, 381, 8),
(210, 382, 8),
(211, 383, 8),
(212, 384, 8),
(213, 385, 8),
(214, 386, 8),
(215, 387, 8),
(216, 388, 8),
(217, 389, 8),
(218, 390, 8),
(219, 391, 8),
(220, 392, 8),
(221, 393, 8),
(222, 394, 8),
(223, 395, 8),
(224, 396, 8),
(225, 397, 8),
(226, 398, 8),
(227, 399, 8),
(228, 400, 8),
(229, 401, 8),
(230, 402, 8),
(231, 403, 8),
(232, 404, 8),
(233, 405, 8),
(234, 406, 8),
(235, 407, 8),
(236, 408, 8),
(237, 409, 8),
(238, 410, 8),
(239, 411, 8),
(240, 412, 8),
(241, 413, 8),
(242, 414, 8),
(243, 415, 8),
(244, 416, 8),
(245, 417, 8),
(246, 418, 8),
(247, 419, 8),
(248, 420, 8),
(249, 421, 8),
(250, 422, 8),
(251, 423, 8),
(252, 424, 8),
(253, 425, 8),
(254, 426, 8),
(255, 427, 8),
(256, 428, 8),
(257, 429, 8),
(258, 430, 8),
(259, 431, 8),
(260, 432, 8),
(261, 433, 8),
(262, 434, 8),
(263, 435, 8),
(264, 436, 8),
(265, 437, 8),
(266, 438, 8),
(267, 439, 8),
(268, 440, 8),
(269, 441, 8),
(270, 442, 8),
(271, 443, 8),
(272, 444, 8),
(273, 445, 8),
(274, 446, 8),
(275, 447, 8),
(276, 448, 8),
(277, 449, 8),
(278, 450, 8),
(279, 451, 8),
(280, 452, 8),
(281, 453, 8),
(282, 454, 8),
(283, 455, 8),
(284, 456, 8),
(285, 457, 8),
(286, 458, 8),
(287, 459, 8),
(288, 460, 8),
(289, 461, 8),
(290, 462, 8),
(291, 463, 8),
(292, 464, 8),
(293, 465, 8),
(294, 466, 8),
(295, 467, 8),
(296, 468, 8),
(297, 469, 8),
(298, 470, 8),
(299, 471, 8),
(300, 472, 8),
(301, 473, 8),
(302, 474, 8),
(303, 475, 8),
(304, 476, 8),
(305, 477, 8),
(306, 478, 8),
(307, 479, 8),
(308, 480, 8),
(309, 481, 8),
(310, 482, 8),
(311, 483, 8),
(312, 484, 8),
(313, 485, 8),
(314, 486, 8),
(315, 487, 8),
(316, 488, 8),
(317, 489, 8),
(318, 490, 8),
(319, 491, 8),
(320, 492, 8),
(321, 493, 8),
(322, 494, 8),
(323, 495, 8),
(324, 496, 8),
(325, 497, 8),
(326, 498, 8),
(327, 499, 8),
(328, 500, 8),
(329, 501, 8),
(330, 502, 8),
(331, 503, 8),
(332, 504, 8),
(333, 505, 8),
(334, 506, 8),
(335, 507, 8),
(336, 508, 8),
(337, 509, 8),
(338, 510, 8),
(339, 511, 8),
(340, 512, 8),
(341, 513, 8),
(342, 514, 8),
(343, 515, 8),
(344, 516, 8),
(345, 517, 8),
(346, 518, 8),
(347, 519, 8),
(348, 520, 8),
(349, 521, 8),
(350, 522, 8),
(351, 523, 8),
(352, 524, 8),
(353, 525, 8),
(354, 526, 8),
(355, 527, 8),
(356, 528, 8),
(357, 529, 8),
(358, 530, 8),
(359, 531, 8),
(360, 532, 8),
(361, 533, 8),
(362, 534, 8),
(363, 535, 8),
(364, 536, 8),
(365, 537, 8),
(366, 538, 8),
(367, 539, 8),
(368, 540, 8),
(369, 541, 8),
(370, 542, 8),
(371, 543, 8),
(372, 544, 8),
(373, 545, 8),
(374, 546, 8),
(375, 547, 8),
(376, 548, 8),
(377, 549, 8),
(378, 550, 8),
(379, 551, 8),
(380, 552, 8),
(381, 553, 8),
(382, 554, 8),
(383, 555, 8),
(384, 556, 8),
(385, 557, 8),
(386, 558, 8),
(387, 559, 8),
(388, 560, 8),
(389, 561, 8),
(390, 562, 8),
(391, 563, 8),
(392, 564, 8),
(393, 565, 8),
(394, 566, 8),
(395, 567, 8),
(396, 568, 8),
(397, 569, 8),
(398, 570, 8),
(399, 571, 8),
(400, 572, 8),
(401, 573, 8),
(402, 574, 8),
(403, 575, 8),
(404, 576, 8),
(405, 577, 8),
(406, 578, 8),
(407, 579, 8),
(408, 580, 8),
(409, 581, 8),
(410, 582, 8),
(411, 583, 8),
(412, 584, 8),
(413, 585, 8),
(414, 586, 8),
(415, 587, 8),
(416, 588, 8),
(417, 589, 8),
(418, 590, 8),
(419, 591, 8),
(420, 592, 8),
(421, 593, 8),
(422, 594, 8),
(423, 595, 8),
(424, 596, 8),
(425, 597, 8),
(426, 598, 8),
(427, 599, 8),
(428, 600, 8),
(429, 601, 8),
(430, 602, 8),
(431, 603, 8),
(432, 604, 8),
(433, 605, 8),
(434, 606, 8),
(435, 607, 8),
(436, 608, 8),
(437, 609, 8),
(438, 610, 8),
(439, 611, 8),
(440, 612, 8),
(441, 613, 8),
(442, 614, 8),
(443, 615, 8),
(444, 616, 8),
(445, 617, 8),
(446, 618, 8),
(447, 619, 8),
(448, 620, 8),
(449, 621, 8),
(450, 622, 8),
(451, 623, 8),
(452, 624, 8),
(453, 625, 8),
(454, 626, 8),
(455, 627, 8),
(456, 628, 8),
(457, 629, 8),
(458, 630, 8),
(459, 631, 8),
(460, 50, 12),
(461, 62, 12),
(462, 70, 12),
(463, 122, 12),
(464, 29, 12),
(465, 118, 12),
(466, 28, 12),
(467, 96, 12),
(468, 97, 12),
(469, 113, 12),
(470, 117, 12),
(471, 125, 12),
(472, 129, 12),
(473, 132, 12),
(474, 133, 12),
(475, 144, 12),
(476, 159, 12),
(477, 172, 12),
(478, 177, 12),
(479, 146, 12),
(480, 152, 12),
(481, 158, 12),
(482, 134, 12),
(483, 135, 12),
(484, 145, 12),
(485, 175, 12),
(486, 147, 12),
(487, 143, 12),
(488, 128, 12),
(489, 138, 12),
(490, 139, 12),
(491, 150, 12),
(492, 160, 12),
(493, 161, 12),
(494, 173, 12),
(495, 174, 12),
(496, 178, 12),
(497, 140, 12),
(498, 85, 12),
(499, 126, 12),
(500, 153, 12),
(501, 162, 12),
(502, 151, 12),
(503, 156, 12),
(504, 127, 12),
(505, 154, 12),
(506, 163, 12),
(507, 155, 12),
(508, 157, 12),
(509, 131, 12),
(510, 136, 12),
(511, 137, 12),
(512, 142, 12),
(513, 149, 12),
(514, 165, 12),
(515, 167, 12),
(516, 169, 12),
(517, 171, 12),
(518, 130, 12),
(519, 141, 12),
(520, 148, 12),
(521, 164, 12),
(522, 166, 12),
(523, 168, 12),
(524, 170, 12),
(525, 14, 12),
(526, 20, 12),
(527, 22, 12),
(528, 19, 12),
(529, 21, 12),
(530, 15, 12),
(531, 17, 12),
(532, 16, 12),
(533, 18, 12),
(534, 23, 12),
(535, 25, 12),
(536, 27, 12),
(537, 24, 12),
(538, 26, 12),
(539, 73, 12),
(540, 75, 12),
(541, 77, 12),
(542, 74, 12),
(543, 76, 12),
(544, 78, 12),
(545, 80, 12),
(546, 82, 12),
(547, 79, 12),
(548, 81, 12),
(549, 8, 12),
(550, 30, 12),
(551, 34, 12),
(552, 35, 12),
(553, 63, 12),
(554, 68, 12),
(555, 71, 12),
(556, 123, 12),
(557, 119, 12),
(558, 31, 12),
(559, 37, 12),
(560, 64, 12),
(561, 72, 12),
(562, 124, 12),
(563, 120, 12),
(564, 32, 12),
(565, 33, 12),
(566, 65, 12),
(567, 66, 12),
(568, 56, 12),
(569, 39, 12),
(570, 57, 12),
(571, 58, 12),
(572, 40, 12),
(573, 41, 12),
(574, 61, 12),
(575, 51, 12),
(576, 52, 12),
(577, 53, 12),
(578, 54, 12),
(579, 55, 12),
(580, 47, 12),
(581, 48, 12),
(582, 49, 12),
(583, 84, 12),
(584, 83, 12),
(585, 91, 12),
(586, 95, 12),
(587, 93, 12),
(588, 92, 12),
(589, 94, 12),
(590, 114, 12),
(591, 115, 12),
(592, 116, 12),
(593, 101, 12),
(594, 100, 12),
(595, 99, 12),
(596, 98, 12),
(597, 102, 12),
(598, 108, 12),
(599, 109, 12),
(600, 110, 12),
(601, 111, 12),
(602, 112, 12),
(603, 89, 12),
(604, 88, 12),
(605, 87, 12),
(606, 90, 12),
(607, 86, 12),
(608, 103, 12),
(609, 104, 12),
(610, 105, 12),
(611, 106, 12),
(612, 107, 12),
(613, 9, 12),
(614, 10, 12),
(615, 11, 12),
(616, 13, 12),
(617, 12, 12),
(618, 121, 12),
(619, 38, 12),
(620, 42, 12),
(621, 43, 12),
(622, 44, 12),
(623, 46, 12),
(624, 59, 12),
(625, 60, 12),
(626, 45, 12);

-- --------------------------------------------------------

--
-- Table structure for table `producto_has_orden`
--

CREATE TABLE `producto_has_orden` (
  `producto_id` int(11) NOT NULL,
  `orden_id` int(11) NOT NULL,
  `cantidad` int(11) NOT NULL
) ENGINE=InnoDB DEFAULT CHARSET=utf8;

-- --------------------------------------------------------

--
-- Table structure for table `producto_has_unidad_negocio`
--

CREATE TABLE `producto_has_unidad_negocio` (
  `producto_id` int(11) NOT NULL,
  `unidad_negocio_id` int(11) NOT NULL,
  `stock_venta` decimal(19,4) DEFAULT '0.0000',
  `stock_minimo` decimal(19,4) DEFAULT '0.0000',
  `stock_maximo` decimal(19,4) DEFAULT '0.0000'
) ENGINE=InnoDB DEFAULT CHARSET=utf8;

--
-- Dumping data for table `producto_has_unidad_negocio`
--

INSERT INTO `producto_has_unidad_negocio` (`producto_id`, `unidad_negocio_id`, `stock_venta`, `stock_minimo`, `stock_maximo`) VALUES
(1, 1, '2.0000', '0.0000', '0.0000'),
(1, 39, '0.0000', '0.0000', '0.0000'),
(1, 40, '0.0000', '0.0000', '0.0000'),
(1, 41, '0.0000', '0.0000', '0.0000'),
(1, 42, '0.0000', '0.0000', '0.0000'),
(1, 44, '0.0000', '0.0000', '0.0000'),
(1, 45, '0.0000', '0.0000', '0.0000'),
(1, 46, '0.0000', '0.0000', '0.0000'),
(1, 59, '2.0000', '0.0000', '0.0000'),
(1, 60, '2.0000', '0.0000', '0.0000'),
(1, 501, '2.0000', '0.0000', '0.0000'),
(2, 1, '10.0000', '0.0000', '0.0000'),
(2, 59, '10.0000', '0.0000', '0.0000'),
(2, 60, '10.0000', '0.0000', '0.0000'),
(2, 501, '10.0000', '0.0000', '0.0000'),
(3, 1, '20.0000', '0.0000', '0.0000'),
(3, 59, '20.0000', '0.0000', '0.0000'),
(3, 60, '20.0000', '0.0000', '0.0000'),
(3, 501, '20.0000', '0.0000', '0.0000'),
(4, 1, '21.0000', '0.0000', '0.0000'),
(4, 39, '0.0000', '0.0000', '0.0000'),
(4, 40, '0.0000', '0.0000', '0.0000'),
(4, 41, '0.0000', '0.0000', '0.0000'),
(4, 42, '0.0000', '0.0000', '0.0000'),
(4, 44, '0.0000', '0.0000', '0.0000'),
(4, 45, '0.0000', '0.0000', '0.0000'),
(4, 46, '0.0000', '0.0000', '0.0000'),
(4, 59, '21.0000', '0.0000', '0.0000'),
(4, 60, '21.0000', '0.0000', '0.0000'),
(4, 501, '21.0000', '0.0000', '0.0000'),
(4, 512, '0.0000', '0.0000', '0.0000'),
(5, 1, '21.0000', '0.0000', '0.0000'),
(5, 59, '21.0000', '0.0000', '0.0000'),
(5, 60, '21.0000', '0.0000', '0.0000'),
(5, 501, '21.0000', '0.0000', '0.0000'),
(6, 59, '21.0000', '0.0000', '0.0000'),
(6, 60, '21.0000', '0.0000', '0.0000'),
(6, 506, '21.0000', '0.0000', '0.0000'),
(7, 59, '10.0000', '0.0000', '0.0000'),
(7, 60, '10.0000', '0.0000', '0.0000'),
(7, 506, '0.0000', '0.0000', '0.0000'),
(8, 60, '1.0000', '0.0000', '0.0000'),
(8, 505, '0.0000', '0.0000', '0.0000'),
(8, 512, '0.0000', '0.0000', '0.0000'),
(9, 60, '1.0000', '0.0000', '0.0000'),
(9, 505, '1.0000', '0.0000', '0.0000'),
(9, 512, '1.0000', '0.0000', '0.0000'),
(10, 60, '1.0000', '0.0000', '0.0000'),
(10, 505, '1.0000', '0.0000', '0.0000'),
(10, 512, '1.0000', '0.0000', '0.0000'),
(11, 60, '1.0000', '0.0000', '0.0000'),
(11, 505, '1.0000', '0.0000', '0.0000'),
(11, 512, '1.0000', '0.0000', '0.0000'),
(12, 60, '1.0000', '0.0000', '0.0000'),
(12, 505, '1.0000', '0.0000', '0.0000'),
(12, 512, '1.0000', '0.0000', '0.0000'),
(13, 60, '1.0000', '0.0000', '0.0000'),
(13, 505, '1.0000', '0.0000', '0.0000'),
(13, 512, '1.0000', '0.0000', '0.0000'),
(14, 60, '1.0000', '0.0000', '0.0000'),
(14, 505, '1.0000', '0.0000', '0.0000'),
(14, 512, '1.0000', '0.0000', '0.0000'),
(15, 60, '1.0000', '0.0000', '0.0000'),
(15, 505, '1.0000', '0.0000', '0.0000'),
(15, 512, '1.0000', '0.0000', '0.0000'),
(16, 60, '1.0000', '0.0000', '0.0000'),
(16, 505, '1.0000', '0.0000', '0.0000'),
(16, 512, '1.0000', '0.0000', '0.0000'),
(17, 60, '1.0000', '0.0000', '0.0000'),
(17, 505, '1.0000', '0.0000', '0.0000'),
(17, 512, '1.0000', '0.0000', '0.0000'),
(18, 60, '1.0000', '0.0000', '0.0000'),
(18, 505, '1.0000', '0.0000', '0.0000'),
(18, 512, '1.0000', '0.0000', '0.0000'),
(19, 60, '1.0000', '0.0000', '0.0000'),
(19, 505, '1.0000', '0.0000', '0.0000'),
(19, 512, '1.0000', '0.0000', '0.0000'),
(20, 60, '1.0000', '0.0000', '0.0000'),
(20, 505, '1.0000', '0.0000', '0.0000'),
(20, 512, '1.0000', '0.0000', '0.0000'),
(21, 60, '1.0000', '0.0000', '0.0000'),
(21, 505, '1.0000', '0.0000', '0.0000'),
(21, 512, '1.0000', '0.0000', '0.0000'),
(22, 60, '1.0000', '0.0000', '0.0000'),
(22, 505, '1.0000', '0.0000', '0.0000'),
(22, 512, '1.0000', '0.0000', '0.0000'),
(23, 60, '1.0000', '0.0000', '0.0000'),
(23, 505, '1.0000', '0.0000', '0.0000'),
(23, 512, '1.0000', '0.0000', '0.0000'),
(24, 60, '1.0000', '0.0000', '0.0000'),
(24, 505, '1.0000', '0.0000', '0.0000'),
(24, 512, '1.0000', '0.0000', '0.0000'),
(25, 60, '1.0000', '0.0000', '0.0000'),
(25, 505, '1.0000', '0.0000', '0.0000'),
(25, 512, '1.0000', '0.0000', '0.0000'),
(26, 60, '1.0000', '0.0000', '0.0000'),
(26, 505, '1.0000', '0.0000', '0.0000'),
(26, 512, '1.0000', '0.0000', '0.0000'),
(27, 60, '1.0000', '0.0000', '0.0000'),
(27, 505, '1.0000', '0.0000', '0.0000'),
(27, 512, '1.0000', '0.0000', '0.0000'),
(28, 60, '1.0000', '0.0000', '0.0000'),
(28, 505, '1.0000', '0.0000', '0.0000'),
(28, 512, '1.0000', '0.0000', '0.0000'),
(29, 60, '1.0000', '0.0000', '0.0000'),
(29, 505, '1.0000', '0.0000', '0.0000'),
(29, 512, '1.0000', '0.0000', '0.0000'),
(30, 60, '1.0000', '0.0000', '0.0000'),
(30, 505, '1.0000', '0.0000', '0.0000'),
(30, 512, '1.0000', '0.0000', '0.0000'),
(31, 60, '1.0000', '0.0000', '0.0000'),
(31, 505, '1.0000', '0.0000', '0.0000'),
(31, 512, '1.0000', '0.0000', '0.0000'),
(32, 60, '1.0000', '0.0000', '0.0000'),
(32, 505, '1.0000', '0.0000', '0.0000'),
(32, 512, '1.0000', '0.0000', '0.0000'),
(33, 60, '1.0000', '0.0000', '0.0000'),
(33, 505, '1.0000', '0.0000', '0.0000'),
(33, 512, '1.0000', '0.0000', '0.0000'),
(34, 60, '1.0000', '0.0000', '0.0000'),
(34, 505, '1.0000', '0.0000', '0.0000'),
(34, 512, '1.0000', '0.0000', '0.0000'),
(35, 60, '1.0000', '0.0000', '0.0000'),
(35, 505, '1.0000', '0.0000', '0.0000'),
(35, 512, '1.0000', '0.0000', '0.0000'),
(36, 60, '1.0000', '0.0000', '0.0000'),
(36, 505, '1.0000', '0.0000', '0.0000'),
(36, 512, '1.0000', '0.0000', '0.0000'),
(37, 60, '1.0000', '0.0000', '0.0000'),
(37, 505, '1.0000', '0.0000', '0.0000'),
(37, 512, '1.0000', '0.0000', '0.0000'),
(38, 60, '1.0000', '0.0000', '0.0000'),
(38, 505, '1.0000', '0.0000', '0.0000'),
(38, 512, '1.0000', '0.0000', '0.0000'),
(39, 60, '1.0000', '0.0000', '0.0000'),
(39, 505, '1.0000', '0.0000', '0.0000'),
(39, 512, '1.0000', '0.0000', '0.0000'),
(40, 60, '1.0000', '0.0000', '0.0000'),
(40, 505, '1.0000', '0.0000', '0.0000'),
(40, 512, '1.0000', '0.0000', '0.0000'),
(41, 60, '1.0000', '0.0000', '0.0000'),
(41, 505, '1.0000', '0.0000', '0.0000'),
(41, 512, '1.0000', '0.0000', '0.0000'),
(42, 60, '1.0000', '0.0000', '0.0000'),
(42, 505, '1.0000', '0.0000', '0.0000'),
(42, 512, '1.0000', '0.0000', '0.0000'),
(43, 60, '1.0000', '0.0000', '0.0000'),
(43, 505, '1.0000', '0.0000', '0.0000'),
(43, 512, '1.0000', '0.0000', '0.0000'),
(44, 60, '1.0000', '0.0000', '0.0000'),
(44, 505, '1.0000', '0.0000', '0.0000'),
(44, 512, '1.0000', '0.0000', '0.0000'),
(45, 60, '1.0000', '0.0000', '0.0000'),
(45, 505, '1.0000', '0.0000', '0.0000'),
(45, 512, '1.0000', '0.0000', '0.0000'),
(46, 60, '1.0000', '0.0000', '0.0000'),
(46, 505, '1.0000', '0.0000', '0.0000'),
(46, 512, '1.0000', '0.0000', '0.0000'),
(47, 60, '1.0000', '0.0000', '0.0000'),
(47, 505, '1.0000', '0.0000', '0.0000'),
(47, 512, '1.0000', '0.0000', '0.0000'),
(48, 60, '1.0000', '0.0000', '0.0000'),
(48, 505, '1.0000', '0.0000', '0.0000'),
(48, 512, '1.0000', '0.0000', '0.0000'),
(49, 60, '1.0000', '0.0000', '0.0000'),
(49, 505, '1.0000', '0.0000', '0.0000'),
(49, 512, '1.0000', '0.0000', '0.0000'),
(50, 60, '1.0000', '0.0000', '0.0000'),
(50, 505, '1.0000', '0.0000', '0.0000'),
(50, 512, '1.0000', '0.0000', '0.0000'),
(51, 60, '1.0000', '0.0000', '0.0000'),
(51, 505, '1.0000', '0.0000', '0.0000'),
(51, 512, '1.0000', '0.0000', '0.0000'),
(52, 60, '1.0000', '0.0000', '0.0000'),
(52, 505, '1.0000', '0.0000', '0.0000'),
(52, 512, '1.0000', '0.0000', '0.0000'),
(53, 60, '1.0000', '0.0000', '0.0000'),
(53, 505, '1.0000', '0.0000', '0.0000'),
(53, 512, '1.0000', '0.0000', '0.0000'),
(54, 60, '1.0000', '0.0000', '0.0000'),
(54, 505, '1.0000', '0.0000', '0.0000'),
(54, 512, '1.0000', '0.0000', '0.0000'),
(55, 60, '1.0000', '0.0000', '0.0000'),
(55, 505, '1.0000', '0.0000', '0.0000'),
(55, 512, '1.0000', '0.0000', '0.0000'),
(56, 60, '1.0000', '0.0000', '0.0000'),
(56, 505, '1.0000', '0.0000', '0.0000'),
(56, 512, '1.0000', '0.0000', '0.0000'),
(57, 60, '1.0000', '0.0000', '0.0000'),
(57, 505, '1.0000', '0.0000', '0.0000'),
(57, 512, '1.0000', '0.0000', '0.0000'),
(58, 60, '1.0000', '0.0000', '0.0000'),
(58, 505, '1.0000', '0.0000', '0.0000'),
(58, 512, '1.0000', '0.0000', '0.0000'),
(59, 60, '1.0000', '0.0000', '0.0000'),
(59, 505, '1.0000', '0.0000', '0.0000'),
(59, 512, '1.0000', '0.0000', '0.0000'),
(60, 60, '1.0000', '0.0000', '0.0000'),
(60, 505, '1.0000', '0.0000', '0.0000'),
(60, 512, '1.0000', '0.0000', '0.0000'),
(61, 60, '1.0000', '0.0000', '0.0000'),
(61, 505, '1.0000', '0.0000', '0.0000'),
(61, 512, '1.0000', '0.0000', '0.0000'),
(62, 60, '1.0000', '0.0000', '0.0000'),
(62, 505, '0.0000', '0.0000', '0.0000'),
(62, 512, '0.0000', '0.0000', '0.0000'),
(63, 60, '1.0000', '0.0000', '0.0000'),
(63, 505, '1.0000', '0.0000', '0.0000'),
(63, 512, '1.0000', '0.0000', '0.0000'),
(64, 60, '1.0000', '0.0000', '0.0000'),
(64, 505, '1.0000', '0.0000', '0.0000'),
(64, 512, '1.0000', '0.0000', '0.0000'),
(65, 60, '1.0000', '0.0000', '0.0000'),
(65, 505, '1.0000', '0.0000', '0.0000'),
(65, 512, '1.0000', '0.0000', '0.0000'),
(66, 60, '1.0000', '0.0000', '0.0000'),
(66, 505, '1.0000', '0.0000', '0.0000'),
(66, 512, '1.0000', '0.0000', '0.0000'),
(67, 60, '1.0000', '0.0000', '0.0000'),
(67, 505, '1.0000', '0.0000', '0.0000'),
(67, 512, '1.0000', '0.0000', '0.0000'),
(68, 60, '1.0000', '0.0000', '0.0000'),
(68, 505, '1.0000', '0.0000', '0.0000'),
(68, 512, '1.0000', '0.0000', '0.0000'),
(70, 60, '1.0000', '0.0000', '0.0000'),
(70, 505, '1.0000', '0.0000', '0.0000'),
(70, 512, '1.0000', '0.0000', '0.0000'),
(71, 60, '1.0000', '0.0000', '0.0000'),
(71, 505, '1.0000', '0.0000', '0.0000'),
(71, 512, '1.0000', '0.0000', '0.0000'),
(72, 60, '1.0000', '0.0000', '0.0000'),
(72, 505, '1.0000', '0.0000', '0.0000'),
(72, 512, '1.0000', '0.0000', '0.0000'),
(73, 60, '1.0000', '0.0000', '0.0000'),
(73, 505, '1.0000', '0.0000', '0.0000'),
(73, 512, '1.0000', '0.0000', '0.0000'),
(74, 60, '1.0000', '0.0000', '0.0000'),
(74, 505, '1.0000', '0.0000', '0.0000'),
(74, 512, '1.0000', '0.0000', '0.0000'),
(75, 60, '1.0000', '0.0000', '0.0000'),
(75, 505, '1.0000', '0.0000', '0.0000'),
(75, 512, '1.0000', '0.0000', '0.0000'),
(76, 60, '1.0000', '0.0000', '0.0000'),
(76, 505, '1.0000', '0.0000', '0.0000'),
(76, 512, '1.0000', '0.0000', '0.0000'),
(77, 60, '1.0000', '0.0000', '0.0000'),
(77, 505, '1.0000', '0.0000', '0.0000'),
(77, 512, '1.0000', '0.0000', '0.0000'),
(78, 60, '1.0000', '0.0000', '0.0000'),
(78, 505, '1.0000', '0.0000', '0.0000'),
(78, 512, '1.0000', '0.0000', '0.0000'),
(79, 60, '1.0000', '0.0000', '0.0000'),
(79, 505, '1.0000', '0.0000', '0.0000'),
(79, 512, '1.0000', '0.0000', '0.0000'),
(80, 60, '1.0000', '0.0000', '0.0000'),
(80, 505, '1.0000', '0.0000', '0.0000'),
(80, 512, '1.0000', '0.0000', '0.0000'),
(81, 60, '1.0000', '0.0000', '0.0000'),
(81, 505, '1.0000', '0.0000', '0.0000'),
(81, 512, '1.0000', '0.0000', '0.0000'),
(82, 60, '1.0000', '0.0000', '0.0000'),
(82, 505, '1.0000', '0.0000', '0.0000'),
(82, 512, '1.0000', '0.0000', '0.0000'),
(83, 60, '1.0000', '0.0000', '0.0000'),
(83, 505, '1.0000', '0.0000', '0.0000'),
(83, 512, '1.0000', '0.0000', '0.0000'),
(84, 60, '1.0000', '0.0000', '0.0000'),
(84, 505, '1.0000', '0.0000', '0.0000'),
(84, 512, '1.0000', '0.0000', '0.0000'),
(85, 60, '1.0000', '0.0000', '0.0000'),
(85, 505, '1.0000', '0.0000', '0.0000'),
(85, 512, '1.0000', '0.0000', '0.0000'),
(86, 60, '1.0000', '0.0000', '0.0000'),
(86, 505, '1.0000', '0.0000', '0.0000'),
(86, 512, '1.0000', '0.0000', '0.0000'),
(87, 60, '1.0000', '0.0000', '0.0000'),
(87, 505, '1.0000', '0.0000', '0.0000'),
(87, 512, '1.0000', '0.0000', '0.0000'),
(88, 60, '1.0000', '0.0000', '0.0000'),
(88, 505, '1.0000', '0.0000', '0.0000'),
(88, 512, '1.0000', '0.0000', '0.0000'),
(89, 60, '1.0000', '0.0000', '0.0000'),
(89, 505, '1.0000', '0.0000', '0.0000'),
(89, 512, '1.0000', '0.0000', '0.0000'),
(90, 60, '1.0000', '0.0000', '0.0000'),
(90, 505, '1.0000', '0.0000', '0.0000'),
(90, 512, '1.0000', '0.0000', '0.0000'),
(91, 60, '1.0000', '0.0000', '0.0000'),
(91, 505, '1.0000', '0.0000', '0.0000'),
(91, 512, '1.0000', '0.0000', '0.0000'),
(92, 60, '1.0000', '0.0000', '0.0000'),
(92, 505, '1.0000', '0.0000', '0.0000'),
(92, 512, '1.0000', '0.0000', '0.0000'),
(93, 60, '1.0000', '0.0000', '0.0000'),
(93, 505, '1.0000', '0.0000', '0.0000'),
(93, 512, '1.0000', '0.0000', '0.0000'),
(94, 60, '1.0000', '0.0000', '0.0000'),
(94, 505, '1.0000', '0.0000', '0.0000'),
(94, 512, '1.0000', '0.0000', '0.0000'),
(95, 60, '1.0000', '0.0000', '0.0000'),
(95, 505, '1.0000', '0.0000', '0.0000'),
(95, 512, '1.0000', '0.0000', '0.0000'),
(96, 60, '1.0000', '0.0000', '0.0000'),
(96, 505, '1.0000', '0.0000', '0.0000'),
(96, 512, '1.0000', '0.0000', '0.0000'),
(97, 60, '1.0000', '0.0000', '0.0000'),
(97, 505, '1.0000', '0.0000', '0.0000'),
(97, 512, '1.0000', '0.0000', '0.0000'),
(98, 60, '1.0000', '0.0000', '0.0000'),
(98, 505, '1.0000', '0.0000', '0.0000'),
(98, 512, '1.0000', '0.0000', '0.0000'),
(99, 60, '1.0000', '0.0000', '0.0000'),
(99, 505, '1.0000', '0.0000', '0.0000'),
(99, 512, '1.0000', '0.0000', '0.0000'),
(100, 60, '1.0000', '0.0000', '0.0000'),
(100, 505, '1.0000', '0.0000', '0.0000'),
(100, 512, '1.0000', '0.0000', '0.0000'),
(101, 60, '1.0000', '0.0000', '0.0000'),
(101, 505, '1.0000', '0.0000', '0.0000'),
(101, 512, '1.0000', '0.0000', '0.0000'),
(102, 60, '1.0000', '0.0000', '0.0000'),
(102, 505, '1.0000', '0.0000', '0.0000'),
(102, 512, '1.0000', '0.0000', '0.0000'),
(103, 60, '1.0000', '0.0000', '0.0000'),
(103, 505, '1.0000', '0.0000', '0.0000'),
(103, 512, '1.0000', '0.0000', '0.0000'),
(104, 60, '1.0000', '0.0000', '0.0000'),
(104, 505, '1.0000', '0.0000', '0.0000'),
(104, 512, '1.0000', '0.0000', '0.0000'),
(105, 60, '1.0000', '0.0000', '0.0000'),
(105, 505, '1.0000', '0.0000', '0.0000'),
(105, 512, '1.0000', '0.0000', '0.0000'),
(106, 60, '1.0000', '0.0000', '0.0000'),
(106, 505, '1.0000', '0.0000', '0.0000'),
(106, 512, '1.0000', '0.0000', '0.0000'),
(107, 60, '1.0000', '0.0000', '0.0000'),
(107, 505, '1.0000', '0.0000', '0.0000'),
(107, 512, '1.0000', '0.0000', '0.0000'),
(108, 60, '1.0000', '0.0000', '0.0000'),
(108, 505, '1.0000', '0.0000', '0.0000'),
(108, 512, '1.0000', '0.0000', '0.0000'),
(109, 60, '1.0000', '0.0000', '0.0000'),
(109, 505, '1.0000', '0.0000', '0.0000'),
(109, 512, '1.0000', '0.0000', '0.0000'),
(110, 60, '1.0000', '0.0000', '0.0000'),
(110, 505, '1.0000', '0.0000', '0.0000'),
(110, 512, '1.0000', '0.0000', '0.0000'),
(111, 60, '1.0000', '0.0000', '0.0000'),
(111, 505, '1.0000', '0.0000', '0.0000'),
(111, 512, '1.0000', '0.0000', '0.0000'),
(112, 60, '1.0000', '0.0000', '0.0000'),
(112, 505, '1.0000', '0.0000', '0.0000'),
(112, 512, '1.0000', '0.0000', '0.0000'),
(113, 60, '1.0000', '0.0000', '0.0000'),
(113, 505, '1.0000', '0.0000', '0.0000'),
(113, 512, '1.0000', '0.0000', '0.0000'),
(114, 60, '1.0000', '0.0000', '0.0000'),
(114, 505, '1.0000', '0.0000', '0.0000'),
(114, 512, '1.0000', '0.0000', '0.0000'),
(115, 60, '1.0000', '0.0000', '0.0000'),
(115, 505, '1.0000', '0.0000', '0.0000'),
(115, 512, '1.0000', '0.0000', '0.0000'),
(116, 60, '1.0000', '0.0000', '0.0000'),
(116, 505, '1.0000', '0.0000', '0.0000'),
(116, 512, '1.0000', '0.0000', '0.0000'),
(117, 60, '1.0000', '0.0000', '0.0000'),
(117, 505, '1.0000', '0.0000', '0.0000'),
(117, 512, '1.0000', '0.0000', '0.0000'),
(118, 60, '1.0000', '0.0000', '0.0000'),
(118, 505, '1.0000', '0.0000', '0.0000'),
(118, 512, '1.0000', '0.0000', '0.0000'),
(119, 60, '1.0000', '0.0000', '0.0000'),
(119, 505, '1.0000', '0.0000', '0.0000'),
(119, 512, '1.0000', '0.0000', '0.0000'),
(120, 60, '1.0000', '0.0000', '0.0000'),
(120, 505, '1.0000', '0.0000', '0.0000'),
(120, 512, '1.0000', '0.0000', '0.0000'),
(121, 60, '1.0000', '0.0000', '0.0000'),
(121, 505, '1.0000', '0.0000', '0.0000'),
(121, 512, '1.0000', '0.0000', '0.0000'),
(122, 60, '1.0000', '0.0000', '0.0000'),
(122, 505, '1.0000', '0.0000', '0.0000'),
(122, 512, '1.0000', '0.0000', '0.0000'),
(123, 60, '1.0000', '0.0000', '0.0000'),
(123, 505, '1.0000', '0.0000', '0.0000'),
(123, 512, '1.0000', '0.0000', '0.0000'),
(124, 60, '1.0000', '0.0000', '0.0000'),
(124, 505, '1.0000', '0.0000', '0.0000'),
(124, 512, '1.0000', '0.0000', '0.0000'),
(125, 60, '1.0000', '0.0000', '0.0000'),
(125, 505, '1.0000', '0.0000', '0.0000'),
(125, 512, '1.0000', '0.0000', '0.0000'),
(126, 60, '1.0000', '0.0000', '0.0000'),
(126, 505, '1.0000', '0.0000', '0.0000'),
(126, 512, '1.0000', '0.0000', '0.0000'),
(127, 60, '1.0000', '0.0000', '0.0000'),
(127, 505, '1.0000', '0.0000', '0.0000'),
(127, 512, '1.0000', '0.0000', '0.0000'),
(128, 60, '1.0000', '0.0000', '0.0000'),
(128, 505, '1.0000', '0.0000', '0.0000'),
(128, 512, '1.0000', '0.0000', '0.0000'),
(129, 60, '1.0000', '0.0000', '0.0000'),
(129, 505, '1.0000', '0.0000', '0.0000'),
(129, 512, '1.0000', '0.0000', '0.0000'),
(130, 60, '1.0000', '0.0000', '0.0000'),
(130, 505, '1.0000', '0.0000', '0.0000'),
(130, 512, '1.0000', '0.0000', '0.0000'),
(131, 60, '1.0000', '0.0000', '0.0000'),
(131, 505, '1.0000', '0.0000', '0.0000'),
(131, 512, '1.0000', '0.0000', '0.0000'),
(132, 60, '1.0000', '0.0000', '0.0000'),
(132, 505, '1.0000', '0.0000', '0.0000'),
(132, 512, '1.0000', '0.0000', '0.0000'),
(133, 60, '1.0000', '0.0000', '0.0000'),
(133, 505, '1.0000', '0.0000', '0.0000'),
(133, 512, '1.0000', '0.0000', '0.0000'),
(134, 60, '1.0000', '0.0000', '0.0000'),
(134, 505, '1.0000', '0.0000', '0.0000'),
(134, 512, '1.0000', '0.0000', '0.0000'),
(135, 60, '1.0000', '0.0000', '0.0000'),
(135, 505, '1.0000', '0.0000', '0.0000'),
(135, 512, '1.0000', '0.0000', '0.0000'),
(136, 60, '1.0000', '0.0000', '0.0000'),
(136, 505, '1.0000', '0.0000', '0.0000'),
(136, 512, '1.0000', '0.0000', '0.0000'),
(137, 60, '1.0000', '0.0000', '0.0000'),
(137, 505, '1.0000', '0.0000', '0.0000'),
(137, 512, '1.0000', '0.0000', '0.0000'),
(138, 60, '1.0000', '0.0000', '0.0000'),
(138, 505, '1.0000', '0.0000', '0.0000'),
(138, 512, '1.0000', '0.0000', '0.0000'),
(139, 60, '1.0000', '0.0000', '0.0000'),
(139, 505, '1.0000', '0.0000', '0.0000'),
(139, 512, '1.0000', '0.0000', '0.0000'),
(140, 60, '1.0000', '0.0000', '0.0000'),
(140, 505, '1.0000', '0.0000', '0.0000'),
(140, 512, '1.0000', '0.0000', '0.0000'),
(141, 60, '1.0000', '0.0000', '0.0000'),
(141, 505, '1.0000', '0.0000', '0.0000'),
(141, 512, '1.0000', '0.0000', '0.0000'),
(142, 60, '1.0000', '0.0000', '0.0000'),
(142, 505, '1.0000', '0.0000', '0.0000'),
(142, 512, '1.0000', '0.0000', '0.0000'),
(143, 60, '1.0000', '0.0000', '0.0000'),
(143, 505, '1.0000', '0.0000', '0.0000'),
(143, 512, '1.0000', '0.0000', '0.0000'),
(144, 60, '1.0000', '0.0000', '0.0000'),
(144, 505, '1.0000', '0.0000', '0.0000'),
(144, 512, '1.0000', '0.0000', '0.0000'),
(145, 60, '1.0000', '0.0000', '0.0000'),
(145, 505, '1.0000', '0.0000', '0.0000'),
(145, 512, '1.0000', '0.0000', '0.0000'),
(146, 60, '1.0000', '0.0000', '0.0000'),
(146, 505, '1.0000', '0.0000', '0.0000'),
(146, 512, '1.0000', '0.0000', '0.0000'),
(147, 60, '1.0000', '0.0000', '0.0000'),
(147, 505, '1.0000', '0.0000', '0.0000'),
(147, 512, '1.0000', '0.0000', '0.0000'),
(148, 60, '1.0000', '0.0000', '0.0000'),
(148, 505, '1.0000', '0.0000', '0.0000'),
(148, 512, '1.0000', '0.0000', '0.0000'),
(149, 60, '1.0000', '0.0000', '0.0000'),
(149, 505, '1.0000', '0.0000', '0.0000'),
(149, 512, '1.0000', '0.0000', '0.0000'),
(150, 60, '1.0000', '0.0000', '0.0000'),
(150, 505, '1.0000', '0.0000', '0.0000'),
(150, 512, '1.0000', '0.0000', '0.0000'),
(151, 60, '1.0000', '0.0000', '0.0000'),
(151, 505, '1.0000', '0.0000', '0.0000'),
(151, 512, '1.0000', '0.0000', '0.0000'),
(152, 60, '1.0000', '0.0000', '0.0000'),
(152, 505, '1.0000', '0.0000', '0.0000'),
(152, 512, '1.0000', '0.0000', '0.0000'),
(153, 60, '1.0000', '0.0000', '0.0000'),
(153, 505, '1.0000', '0.0000', '0.0000'),
(153, 512, '1.0000', '0.0000', '0.0000'),
(154, 60, '1.0000', '0.0000', '0.0000'),
(154, 505, '1.0000', '0.0000', '0.0000'),
(154, 512, '1.0000', '0.0000', '0.0000'),
(155, 60, '1.0000', '0.0000', '0.0000'),
(155, 505, '1.0000', '0.0000', '0.0000'),
(155, 512, '1.0000', '0.0000', '0.0000'),
(156, 60, '1.0000', '0.0000', '0.0000'),
(156, 505, '1.0000', '0.0000', '0.0000'),
(156, 512, '1.0000', '0.0000', '0.0000'),
(157, 60, '1.0000', '0.0000', '0.0000'),
(157, 505, '1.0000', '0.0000', '0.0000'),
(157, 512, '1.0000', '0.0000', '0.0000'),
(158, 60, '1.0000', '0.0000', '0.0000'),
(158, 505, '1.0000', '0.0000', '0.0000'),
(158, 512, '1.0000', '0.0000', '0.0000'),
(159, 60, '1.0000', '0.0000', '0.0000'),
(159, 505, '1.0000', '0.0000', '0.0000'),
(159, 512, '1.0000', '0.0000', '0.0000'),
(160, 60, '1.0000', '0.0000', '0.0000'),
(160, 505, '1.0000', '0.0000', '0.0000'),
(160, 512, '1.0000', '0.0000', '0.0000'),
(161, 60, '1.0000', '0.0000', '0.0000'),
(161, 505, '1.0000', '0.0000', '0.0000'),
(161, 512, '1.0000', '0.0000', '0.0000'),
(162, 60, '1.0000', '0.0000', '0.0000'),
(162, 505, '1.0000', '0.0000', '0.0000'),
(162, 512, '1.0000', '0.0000', '0.0000'),
(163, 60, '1.0000', '0.0000', '0.0000'),
(163, 505, '1.0000', '0.0000', '0.0000'),
(163, 512, '1.0000', '0.0000', '0.0000'),
(164, 60, '1.0000', '0.0000', '0.0000'),
(164, 505, '1.0000', '0.0000', '0.0000'),
(164, 512, '1.0000', '0.0000', '0.0000'),
(165, 60, '1.0000', '0.0000', '0.0000'),
(165, 505, '1.0000', '0.0000', '0.0000'),
(165, 512, '1.0000', '0.0000', '0.0000'),
(166, 60, '1.0000', '0.0000', '0.0000'),
(166, 505, '1.0000', '0.0000', '0.0000'),
(166, 512, '1.0000', '0.0000', '0.0000'),
(167, 60, '1.0000', '0.0000', '0.0000'),
(167, 505, '1.0000', '0.0000', '0.0000'),
(167, 512, '1.0000', '0.0000', '0.0000'),
(168, 60, '1.0000', '0.0000', '0.0000'),
(168, 505, '1.0000', '0.0000', '0.0000'),
(168, 512, '1.0000', '0.0000', '0.0000'),
(169, 60, '1.0000', '0.0000', '0.0000'),
(169, 505, '1.0000', '0.0000', '0.0000'),
(169, 512, '1.0000', '0.0000', '0.0000'),
(170, 60, '1.0000', '0.0000', '0.0000'),
(170, 505, '1.0000', '0.0000', '0.0000'),
(170, 512, '1.0000', '0.0000', '0.0000'),
(171, 60, '1.0000', '0.0000', '0.0000'),
(171, 505, '1.0000', '0.0000', '0.0000'),
(171, 512, '1.0000', '0.0000', '0.0000'),
(172, 60, '1.0000', '0.0000', '0.0000'),
(172, 505, '1.0000', '0.0000', '0.0000'),
(172, 512, '1.0000', '0.0000', '0.0000'),
(173, 60, '1.0000', '0.0000', '0.0000'),
(173, 505, '1.0000', '0.0000', '0.0000'),
(173, 512, '1.0000', '0.0000', '0.0000'),
(174, 60, '1.0000', '0.0000', '0.0000'),
(174, 505, '1.0000', '0.0000', '0.0000'),
(174, 512, '1.0000', '0.0000', '0.0000'),
(175, 60, '1.0000', '0.0000', '0.0000'),
(175, 505, '1.0000', '0.0000', '0.0000'),
(175, 512, '1.0000', '0.0000', '0.0000'),
(176, 60, '1.0000', '0.0000', '0.0000'),
(176, 512, '1.0000', '0.0000', '0.0000'),
(177, 60, '1.0000', '0.0000', '0.0000'),
(177, 505, '1.0000', '0.0000', '0.0000'),
(177, 512, '1.0000', '0.0000', '0.0000'),
(178, 60, '1.0000', '0.0000', '0.0000'),
(178, 505, '0.0000', '0.0000', '0.0000'),
(178, 512, '0.0000', '0.0000', '0.0000'),
(179, 60, '0.0000', '0.0000', '0.0000'),
(179, 501, '0.0000', '0.0000', '0.0000'),
(179, 502, '0.0000', '0.0000', '0.0000'),
(179, 503, '0.0000', '0.0000', '0.0000'),
(179, 504, '0.0000', '0.0000', '0.0000'),
(179, 508, '0.0000', '0.0000', '0.0000'),
(179, 510, '0.0000', '0.0000', '0.0000'),
(179, 511, '0.0000', '0.0000', '0.0000'),
(179, 513, '0.0000', '0.0000', '0.0000'),
(179, 514, '0.0000', '0.0000', '0.0000'),
(181, 60, '0.0000', '0.0000', '0.0000'),
(181, 501, '0.0000', '0.0000', '0.0000'),
(181, 502, '0.0000', '0.0000', '0.0000'),
(181, 503, '0.0000', '0.0000', '0.0000'),
(181, 504, '0.0000', '0.0000', '0.0000'),
(181, 508, '0.0000', '0.0000', '0.0000'),
(181, 510, '0.0000', '0.0000', '0.0000'),
(181, 511, '0.0000', '0.0000', '0.0000'),
(181, 513, '0.0000', '0.0000', '0.0000'),
(181, 514, '0.0000', '0.0000', '0.0000'),
(182, 60, '0.0000', '0.0000', '0.0000'),
(182, 501, '0.0000', '0.0000', '0.0000'),
(182, 502, '0.0000', '0.0000', '0.0000'),
(182, 503, '0.0000', '0.0000', '0.0000'),
(182, 504, '0.0000', '0.0000', '0.0000'),
(182, 508, '0.0000', '0.0000', '0.0000'),
(182, 510, '0.0000', '0.0000', '0.0000'),
(182, 511, '0.0000', '0.0000', '0.0000'),
(182, 513, '0.0000', '0.0000', '0.0000'),
(182, 514, '0.0000', '0.0000', '0.0000'),
(183, 60, '0.0000', '0.0000', '0.0000'),
(183, 501, '0.0000', '0.0000', '0.0000'),
(183, 502, '0.0000', '0.0000', '0.0000'),
(183, 503, '0.0000', '0.0000', '0.0000'),
(183, 504, '0.0000', '0.0000', '0.0000'),
(183, 508, '0.0000', '0.0000', '0.0000'),
(183, 510, '0.0000', '0.0000', '0.0000'),
(183, 511, '0.0000', '0.0000', '0.0000'),
(183, 513, '0.0000', '0.0000', '0.0000'),
(183, 514, '0.0000', '0.0000', '0.0000'),
(184, 60, '0.0000', '0.0000', '0.0000'),
(184, 501, '0.0000', '0.0000', '0.0000'),
(184, 502, '0.0000', '0.0000', '0.0000'),
(184, 503, '0.0000', '0.0000', '0.0000'),
(184, 504, '0.0000', '0.0000', '0.0000'),
(184, 508, '0.0000', '0.0000', '0.0000'),
(184, 510, '0.0000', '0.0000', '0.0000'),
(184, 511, '0.0000', '0.0000', '0.0000'),
(184, 513, '0.0000', '0.0000', '0.0000'),
(184, 514, '0.0000', '0.0000', '0.0000'),
(185, 60, '0.0000', '0.0000', '0.0000'),
(185, 501, '0.0000', '0.0000', '0.0000'),
(185, 502, '0.0000', '0.0000', '0.0000'),
(185, 503, '0.0000', '0.0000', '0.0000'),
(185, 504, '0.0000', '0.0000', '0.0000'),
(185, 508, '0.0000', '0.0000', '0.0000'),
(185, 510, '0.0000', '0.0000', '0.0000'),
(185, 511, '0.0000', '0.0000', '0.0000'),
(185, 513, '0.0000', '0.0000', '0.0000'),
(185, 514, '0.0000', '0.0000', '0.0000'),
(186, 60, '0.0000', '0.0000', '0.0000'),
(186, 501, '0.0000', '0.0000', '0.0000'),
(186, 502, '0.0000', '0.0000', '0.0000'),
(186, 503, '0.0000', '0.0000', '0.0000'),
(186, 504, '0.0000', '0.0000', '0.0000'),
(186, 508, '0.0000', '0.0000', '0.0000'),
(186, 510, '0.0000', '0.0000', '0.0000'),
(186, 511, '0.0000', '0.0000', '0.0000'),
(186, 513, '0.0000', '0.0000', '0.0000'),
(186, 514, '0.0000', '0.0000', '0.0000'),
(187, 60, '0.0000', '0.0000', '0.0000'),
(187, 501, '0.0000', '0.0000', '0.0000'),
(187, 502, '0.0000', '0.0000', '0.0000'),
(187, 503, '0.0000', '0.0000', '0.0000'),
(187, 504, '0.0000', '0.0000', '0.0000'),
(187, 508, '0.0000', '0.0000', '0.0000'),
(187, 510, '0.0000', '0.0000', '0.0000'),
(187, 511, '0.0000', '0.0000', '0.0000'),
(187, 513, '0.0000', '0.0000', '0.0000'),
(187, 514, '0.0000', '0.0000', '0.0000'),
(188, 60, '0.0000', '0.0000', '0.0000'),
(188, 501, '0.0000', '0.0000', '0.0000'),
(188, 502, '0.0000', '0.0000', '0.0000'),
(188, 503, '0.0000', '0.0000', '0.0000'),
(188, 504, '0.0000', '0.0000', '0.0000'),
(188, 508, '0.0000', '0.0000', '0.0000'),
(188, 510, '0.0000', '0.0000', '0.0000'),
(188, 511, '0.0000', '0.0000', '0.0000'),
(188, 513, '0.0000', '0.0000', '0.0000'),
(188, 514, '0.0000', '0.0000', '0.0000'),
(189, 60, '0.0000', '0.0000', '0.0000'),
(189, 501, '0.0000', '0.0000', '0.0000'),
(189, 502, '0.0000', '0.0000', '0.0000'),
(189, 503, '0.0000', '0.0000', '0.0000'),
(189, 504, '0.0000', '0.0000', '0.0000'),
(189, 508, '0.0000', '0.0000', '0.0000'),
(189, 510, '0.0000', '0.0000', '0.0000'),
(189, 511, '0.0000', '0.0000', '0.0000'),
(189, 513, '0.0000', '0.0000', '0.0000'),
(189, 514, '0.0000', '0.0000', '0.0000'),
(190, 60, '0.0000', '0.0000', '0.0000'),
(190, 501, '0.0000', '0.0000', '0.0000'),
(190, 502, '0.0000', '0.0000', '0.0000'),
(190, 503, '0.0000', '0.0000', '0.0000'),
(190, 504, '0.0000', '0.0000', '0.0000'),
(190, 508, '0.0000', '0.0000', '0.0000'),
(190, 510, '0.0000', '0.0000', '0.0000'),
(190, 511, '0.0000', '0.0000', '0.0000'),
(190, 513, '0.0000', '0.0000', '0.0000'),
(190, 514, '0.0000', '0.0000', '0.0000'),
(191, 60, '0.0000', '0.0000', '0.0000'),
(191, 501, '0.0000', '0.0000', '0.0000'),
(191, 502, '0.0000', '0.0000', '0.0000'),
(191, 503, '0.0000', '0.0000', '0.0000'),
(191, 504, '0.0000', '0.0000', '0.0000'),
(191, 508, '0.0000', '0.0000', '0.0000'),
(191, 510, '0.0000', '0.0000', '0.0000'),
(191, 511, '0.0000', '0.0000', '0.0000'),
(191, 513, '0.0000', '0.0000', '0.0000'),
(191, 514, '0.0000', '0.0000', '0.0000'),
(192, 60, '0.0000', '0.0000', '0.0000'),
(192, 501, '0.0000', '0.0000', '0.0000'),
(192, 502, '0.0000', '0.0000', '0.0000'),
(192, 503, '0.0000', '0.0000', '0.0000'),
(192, 504, '0.0000', '0.0000', '0.0000'),
(192, 508, '0.0000', '0.0000', '0.0000'),
(192, 510, '0.0000', '0.0000', '0.0000'),
(192, 511, '0.0000', '0.0000', '0.0000'),
(192, 513, '0.0000', '0.0000', '0.0000'),
(192, 514, '0.0000', '0.0000', '0.0000'),
(193, 60, '0.0000', '0.0000', '0.0000'),
(193, 501, '0.0000', '0.0000', '0.0000'),
(193, 502, '0.0000', '0.0000', '0.0000'),
(193, 503, '0.0000', '0.0000', '0.0000'),
(193, 504, '0.0000', '0.0000', '0.0000'),
(193, 508, '0.0000', '0.0000', '0.0000'),
(193, 510, '0.0000', '0.0000', '0.0000'),
(193, 511, '0.0000', '0.0000', '0.0000'),
(193, 513, '0.0000', '0.0000', '0.0000'),
(193, 514, '0.0000', '0.0000', '0.0000'),
(194, 60, '0.0000', '0.0000', '0.0000'),
(194, 501, '0.0000', '0.0000', '0.0000'),
(194, 502, '0.0000', '0.0000', '0.0000'),
(194, 503, '0.0000', '0.0000', '0.0000'),
(194, 504, '0.0000', '0.0000', '0.0000'),
(194, 508, '0.0000', '0.0000', '0.0000'),
(194, 510, '0.0000', '0.0000', '0.0000'),
(194, 511, '0.0000', '0.0000', '0.0000'),
(194, 513, '0.0000', '0.0000', '0.0000'),
(194, 514, '0.0000', '0.0000', '0.0000'),
(195, 60, '0.0000', '0.0000', '0.0000'),
(195, 501, '0.0000', '0.0000', '0.0000'),
(195, 502, '0.0000', '0.0000', '0.0000'),
(195, 503, '0.0000', '0.0000', '0.0000'),
(195, 504, '0.0000', '0.0000', '0.0000'),
(195, 508, '0.0000', '0.0000', '0.0000'),
(195, 510, '0.0000', '0.0000', '0.0000'),
(195, 511, '0.0000', '0.0000', '0.0000'),
(195, 513, '0.0000', '0.0000', '0.0000'),
(195, 514, '0.0000', '0.0000', '0.0000'),
(196, 60, '0.0000', '0.0000', '0.0000'),
(196, 501, '0.0000', '0.0000', '0.0000'),
(196, 502, '0.0000', '0.0000', '0.0000'),
(196, 503, '0.0000', '0.0000', '0.0000'),
(196, 504, '0.0000', '0.0000', '0.0000'),
(196, 508, '0.0000', '0.0000', '0.0000'),
(196, 510, '0.0000', '0.0000', '0.0000'),
(196, 511, '0.0000', '0.0000', '0.0000'),
(196, 513, '0.0000', '0.0000', '0.0000'),
(196, 514, '0.0000', '0.0000', '0.0000'),
(197, 60, '0.0000', '0.0000', '0.0000'),
(197, 501, '0.0000', '0.0000', '0.0000'),
(197, 502, '0.0000', '0.0000', '0.0000'),
(197, 503, '0.0000', '0.0000', '0.0000'),
(197, 504, '0.0000', '0.0000', '0.0000'),
(197, 508, '0.0000', '0.0000', '0.0000'),
(197, 510, '0.0000', '0.0000', '0.0000'),
(197, 511, '0.0000', '0.0000', '0.0000'),
(197, 513, '0.0000', '0.0000', '0.0000'),
(197, 514, '0.0000', '0.0000', '0.0000'),
(198, 60, '0.0000', '0.0000', '0.0000'),
(198, 501, '0.0000', '0.0000', '0.0000'),
(198, 502, '0.0000', '0.0000', '0.0000'),
(198, 503, '0.0000', '0.0000', '0.0000'),
(198, 504, '0.0000', '0.0000', '0.0000'),
(198, 508, '0.0000', '0.0000', '0.0000'),
(198, 510, '0.0000', '0.0000', '0.0000'),
(198, 511, '0.0000', '0.0000', '0.0000'),
(198, 513, '0.0000', '0.0000', '0.0000'),
(198, 514, '0.0000', '0.0000', '0.0000'),
(199, 60, '0.0000', '0.0000', '0.0000'),
(199, 501, '0.0000', '0.0000', '0.0000'),
(199, 502, '0.0000', '0.0000', '0.0000'),
(199, 503, '0.0000', '0.0000', '0.0000'),
(199, 504, '0.0000', '0.0000', '0.0000'),
(199, 508, '0.0000', '0.0000', '0.0000'),
(199, 510, '0.0000', '0.0000', '0.0000'),
(199, 511, '0.0000', '0.0000', '0.0000'),
(199, 513, '0.0000', '0.0000', '0.0000'),
(199, 514, '0.0000', '0.0000', '0.0000'),
(200, 60, '0.0000', '0.0000', '0.0000'),
(200, 501, '0.0000', '0.0000', '0.0000'),
(200, 502, '0.0000', '0.0000', '0.0000'),
(200, 503, '0.0000', '0.0000', '0.0000'),
(200, 504, '0.0000', '0.0000', '0.0000'),
(200, 508, '0.0000', '0.0000', '0.0000'),
(200, 510, '0.0000', '0.0000', '0.0000'),
(200, 511, '0.0000', '0.0000', '0.0000'),
(200, 513, '0.0000', '0.0000', '0.0000'),
(200, 514, '0.0000', '0.0000', '0.0000'),
(201, 60, '0.0000', '0.0000', '0.0000'),
(201, 501, '0.0000', '0.0000', '0.0000'),
(201, 502, '0.0000', '0.0000', '0.0000'),
(201, 503, '0.0000', '0.0000', '0.0000'),
(201, 504, '0.0000', '0.0000', '0.0000'),
(201, 508, '0.0000', '0.0000', '0.0000'),
(201, 510, '0.0000', '0.0000', '0.0000'),
(201, 511, '0.0000', '0.0000', '0.0000'),
(201, 513, '0.0000', '0.0000', '0.0000'),
(201, 514, '0.0000', '0.0000', '0.0000'),
(202, 60, '0.0000', '0.0000', '0.0000'),
(202, 501, '0.0000', '0.0000', '0.0000'),
(202, 502, '0.0000', '0.0000', '0.0000'),
(202, 503, '0.0000', '0.0000', '0.0000'),
(202, 504, '0.0000', '0.0000', '0.0000'),
(202, 508, '0.0000', '0.0000', '0.0000'),
(202, 510, '0.0000', '0.0000', '0.0000'),
(202, 511, '0.0000', '0.0000', '0.0000'),
(202, 513, '0.0000', '0.0000', '0.0000'),
(202, 514, '0.0000', '0.0000', '0.0000'),
(203, 60, '0.0000', '0.0000', '0.0000'),
(203, 501, '0.0000', '0.0000', '0.0000'),
(203, 502, '0.0000', '0.0000', '0.0000'),
(203, 503, '0.0000', '0.0000', '0.0000'),
(203, 504, '0.0000', '0.0000', '0.0000'),
(203, 508, '0.0000', '0.0000', '0.0000'),
(203, 510, '0.0000', '0.0000', '0.0000'),
(203, 511, '0.0000', '0.0000', '0.0000'),
(203, 513, '0.0000', '0.0000', '0.0000'),
(203, 514, '0.0000', '0.0000', '0.0000'),
(204, 60, '0.0000', '0.0000', '0.0000'),
(204, 501, '0.0000', '0.0000', '0.0000'),
(204, 502, '0.0000', '0.0000', '0.0000'),
(204, 503, '0.0000', '0.0000', '0.0000'),
(204, 504, '0.0000', '0.0000', '0.0000'),
(204, 508, '0.0000', '0.0000', '0.0000'),
(204, 510, '0.0000', '0.0000', '0.0000'),
(204, 511, '0.0000', '0.0000', '0.0000'),
(204, 513, '0.0000', '0.0000', '0.0000'),
(204, 514, '0.0000', '0.0000', '0.0000'),
(205, 60, '0.0000', '0.0000', '0.0000'),
(205, 501, '0.0000', '0.0000', '0.0000'),
(205, 502, '0.0000', '0.0000', '0.0000'),
(205, 503, '0.0000', '0.0000', '0.0000'),
(205, 504, '0.0000', '0.0000', '0.0000'),
(205, 508, '0.0000', '0.0000', '0.0000'),
(205, 510, '0.0000', '0.0000', '0.0000'),
(205, 511, '0.0000', '0.0000', '0.0000'),
(205, 513, '0.0000', '0.0000', '0.0000'),
(205, 514, '0.0000', '0.0000', '0.0000'),
(206, 60, '0.0000', '0.0000', '0.0000'),
(206, 501, '0.0000', '0.0000', '0.0000'),
(206, 502, '0.0000', '0.0000', '0.0000'),
(206, 503, '0.0000', '0.0000', '0.0000'),
(206, 504, '0.0000', '0.0000', '0.0000'),
(206, 508, '0.0000', '0.0000', '0.0000'),
(206, 510, '0.0000', '0.0000', '0.0000'),
(206, 511, '0.0000', '0.0000', '0.0000'),
(206, 513, '0.0000', '0.0000', '0.0000'),
(206, 514, '0.0000', '0.0000', '0.0000'),
(207, 60, '0.0000', '0.0000', '0.0000'),
(207, 501, '0.0000', '0.0000', '0.0000'),
(207, 502, '0.0000', '0.0000', '0.0000'),
(207, 503, '0.0000', '0.0000', '0.0000'),
(207, 504, '0.0000', '0.0000', '0.0000'),
(207, 508, '0.0000', '0.0000', '0.0000'),
(207, 510, '0.0000', '0.0000', '0.0000'),
(207, 511, '0.0000', '0.0000', '0.0000'),
(207, 513, '0.0000', '0.0000', '0.0000'),
(207, 514, '0.0000', '0.0000', '0.0000'),
(208, 60, '0.0000', '0.0000', '0.0000'),
(208, 501, '0.0000', '0.0000', '0.0000'),
(208, 502, '0.0000', '0.0000', '0.0000'),
(208, 503, '0.0000', '0.0000', '0.0000'),
(208, 504, '0.0000', '0.0000', '0.0000'),
(208, 508, '0.0000', '0.0000', '0.0000'),
(208, 510, '0.0000', '0.0000', '0.0000'),
(208, 511, '0.0000', '0.0000', '0.0000'),
(208, 513, '0.0000', '0.0000', '0.0000'),
(208, 514, '0.0000', '0.0000', '0.0000'),
(209, 60, '0.0000', '0.0000', '0.0000'),
(209, 501, '0.0000', '0.0000', '0.0000'),
(209, 502, '0.0000', '0.0000', '0.0000'),
(209, 503, '0.0000', '0.0000', '0.0000'),
(209, 504, '0.0000', '0.0000', '0.0000'),
(209, 508, '0.0000', '0.0000', '0.0000'),
(209, 510, '0.0000', '0.0000', '0.0000'),
(209, 511, '0.0000', '0.0000', '0.0000'),
(209, 513, '0.0000', '0.0000', '0.0000'),
(209, 514, '0.0000', '0.0000', '0.0000'),
(210, 60, '0.0000', '0.0000', '0.0000'),
(210, 501, '0.0000', '0.0000', '0.0000'),
(210, 502, '0.0000', '0.0000', '0.0000'),
(210, 503, '0.0000', '0.0000', '0.0000'),
(210, 504, '0.0000', '0.0000', '0.0000'),
(210, 508, '0.0000', '0.0000', '0.0000'),
(210, 510, '0.0000', '0.0000', '0.0000'),
(210, 511, '0.0000', '0.0000', '0.0000'),
(210, 513, '0.0000', '0.0000', '0.0000'),
(210, 514, '0.0000', '0.0000', '0.0000'),
(211, 60, '0.0000', '0.0000', '0.0000'),
(211, 501, '0.0000', '0.0000', '0.0000'),
(211, 502, '0.0000', '0.0000', '0.0000'),
(211, 503, '0.0000', '0.0000', '0.0000'),
(211, 504, '0.0000', '0.0000', '0.0000'),
(211, 508, '0.0000', '0.0000', '0.0000'),
(211, 510, '0.0000', '0.0000', '0.0000'),
(211, 511, '0.0000', '0.0000', '0.0000'),
(211, 513, '0.0000', '0.0000', '0.0000'),
(211, 514, '0.0000', '0.0000', '0.0000'),
(212, 60, '0.0000', '0.0000', '0.0000'),
(212, 501, '0.0000', '0.0000', '0.0000'),
(212, 502, '0.0000', '0.0000', '0.0000'),
(212, 503, '0.0000', '0.0000', '0.0000'),
(212, 504, '0.0000', '0.0000', '0.0000'),
(212, 508, '0.0000', '0.0000', '0.0000'),
(212, 510, '0.0000', '0.0000', '0.0000'),
(212, 511, '0.0000', '0.0000', '0.0000'),
(212, 513, '0.0000', '0.0000', '0.0000'),
(212, 514, '0.0000', '0.0000', '0.0000'),
(213, 60, '0.0000', '0.0000', '0.0000'),
(213, 501, '0.0000', '0.0000', '0.0000'),
(213, 502, '0.0000', '0.0000', '0.0000'),
(213, 503, '0.0000', '0.0000', '0.0000'),
(213, 504, '0.0000', '0.0000', '0.0000'),
(213, 508, '0.0000', '0.0000', '0.0000'),
(213, 510, '0.0000', '0.0000', '0.0000'),
(213, 511, '0.0000', '0.0000', '0.0000'),
(213, 513, '0.0000', '0.0000', '0.0000'),
(213, 514, '0.0000', '0.0000', '0.0000'),
(214, 60, '0.0000', '0.0000', '0.0000'),
(214, 501, '0.0000', '0.0000', '0.0000'),
(214, 502, '0.0000', '0.0000', '0.0000'),
(214, 503, '0.0000', '0.0000', '0.0000'),
(214, 504, '0.0000', '0.0000', '0.0000'),
(214, 508, '0.0000', '0.0000', '0.0000'),
(214, 510, '0.0000', '0.0000', '0.0000'),
(214, 511, '0.0000', '0.0000', '0.0000'),
(214, 513, '0.0000', '0.0000', '0.0000'),
(214, 514, '0.0000', '0.0000', '0.0000'),
(215, 60, '0.0000', '0.0000', '0.0000'),
(215, 501, '0.0000', '0.0000', '0.0000'),
(215, 502, '0.0000', '0.0000', '0.0000'),
(215, 503, '0.0000', '0.0000', '0.0000'),
(215, 504, '0.0000', '0.0000', '0.0000'),
(215, 508, '0.0000', '0.0000', '0.0000'),
(215, 510, '0.0000', '0.0000', '0.0000'),
(215, 511, '0.0000', '0.0000', '0.0000'),
(215, 513, '0.0000', '0.0000', '0.0000'),
(215, 514, '0.0000', '0.0000', '0.0000'),
(216, 60, '0.0000', '0.0000', '0.0000'),
(216, 501, '0.0000', '0.0000', '0.0000'),
(216, 502, '0.0000', '0.0000', '0.0000'),
(216, 503, '0.0000', '0.0000', '0.0000'),
(216, 504, '0.0000', '0.0000', '0.0000'),
(216, 508, '0.0000', '0.0000', '0.0000'),
(216, 510, '0.0000', '0.0000', '0.0000'),
(216, 511, '0.0000', '0.0000', '0.0000'),
(216, 513, '0.0000', '0.0000', '0.0000'),
(216, 514, '0.0000', '0.0000', '0.0000'),
(217, 60, '0.0000', '0.0000', '0.0000'),
(217, 501, '0.0000', '0.0000', '0.0000'),
(217, 502, '0.0000', '0.0000', '0.0000'),
(217, 503, '0.0000', '0.0000', '0.0000'),
(217, 504, '0.0000', '0.0000', '0.0000'),
(217, 508, '0.0000', '0.0000', '0.0000'),
(217, 510, '0.0000', '0.0000', '0.0000'),
(217, 511, '0.0000', '0.0000', '0.0000'),
(217, 513, '0.0000', '0.0000', '0.0000'),
(217, 514, '0.0000', '0.0000', '0.0000'),
(218, 60, '0.0000', '0.0000', '0.0000'),
(218, 501, '0.0000', '0.0000', '0.0000'),
(218, 502, '0.0000', '0.0000', '0.0000'),
(218, 503, '0.0000', '0.0000', '0.0000'),
(218, 504, '0.0000', '0.0000', '0.0000'),
(218, 508, '0.0000', '0.0000', '0.0000'),
(218, 510, '0.0000', '0.0000', '0.0000'),
(218, 511, '0.0000', '0.0000', '0.0000'),
(218, 513, '0.0000', '0.0000', '0.0000'),
(218, 514, '0.0000', '0.0000', '0.0000'),
(219, 60, '0.0000', '0.0000', '0.0000'),
(219, 501, '0.0000', '0.0000', '0.0000'),
(219, 502, '0.0000', '0.0000', '0.0000'),
(219, 503, '0.0000', '0.0000', '0.0000'),
(219, 504, '0.0000', '0.0000', '0.0000'),
(219, 508, '0.0000', '0.0000', '0.0000'),
(219, 510, '0.0000', '0.0000', '0.0000'),
(219, 511, '0.0000', '0.0000', '0.0000'),
(219, 513, '0.0000', '0.0000', '0.0000'),
(219, 514, '0.0000', '0.0000', '0.0000'),
(220, 60, '0.0000', '0.0000', '0.0000'),
(220, 501, '0.0000', '0.0000', '0.0000'),
(220, 502, '0.0000', '0.0000', '0.0000'),
(220, 503, '0.0000', '0.0000', '0.0000'),
(220, 504, '0.0000', '0.0000', '0.0000'),
(220, 508, '0.0000', '0.0000', '0.0000'),
(220, 510, '0.0000', '0.0000', '0.0000'),
(220, 511, '0.0000', '0.0000', '0.0000'),
(220, 513, '0.0000', '0.0000', '0.0000'),
(220, 514, '0.0000', '0.0000', '0.0000'),
(221, 60, '0.0000', '0.0000', '0.0000'),
(221, 501, '0.0000', '0.0000', '0.0000'),
(221, 502, '0.0000', '0.0000', '0.0000'),
(221, 503, '0.0000', '0.0000', '0.0000'),
(221, 504, '0.0000', '0.0000', '0.0000'),
(221, 508, '0.0000', '0.0000', '0.0000'),
(221, 510, '0.0000', '0.0000', '0.0000'),
(221, 511, '0.0000', '0.0000', '0.0000'),
(221, 513, '0.0000', '0.0000', '0.0000'),
(221, 514, '0.0000', '0.0000', '0.0000'),
(222, 60, '0.0000', '0.0000', '0.0000'),
(222, 501, '0.0000', '0.0000', '0.0000'),
(222, 502, '0.0000', '0.0000', '0.0000'),
(222, 503, '0.0000', '0.0000', '0.0000'),
(222, 504, '0.0000', '0.0000', '0.0000'),
(222, 508, '0.0000', '0.0000', '0.0000'),
(222, 510, '0.0000', '0.0000', '0.0000'),
(222, 511, '0.0000', '0.0000', '0.0000'),
(222, 513, '0.0000', '0.0000', '0.0000'),
(222, 514, '0.0000', '0.0000', '0.0000'),
(223, 60, '0.0000', '0.0000', '0.0000'),
(223, 501, '0.0000', '0.0000', '0.0000'),
(223, 502, '0.0000', '0.0000', '0.0000'),
(223, 503, '0.0000', '0.0000', '0.0000'),
(223, 504, '0.0000', '0.0000', '0.0000'),
(223, 508, '0.0000', '0.0000', '0.0000'),
(223, 510, '0.0000', '0.0000', '0.0000'),
(223, 511, '0.0000', '0.0000', '0.0000'),
(223, 513, '0.0000', '0.0000', '0.0000'),
(223, 514, '0.0000', '0.0000', '0.0000'),
(224, 60, '0.0000', '0.0000', '0.0000'),
(224, 501, '0.0000', '0.0000', '0.0000'),
(224, 502, '0.0000', '0.0000', '0.0000'),
(224, 503, '0.0000', '0.0000', '0.0000'),
(224, 504, '0.0000', '0.0000', '0.0000'),
(224, 508, '0.0000', '0.0000', '0.0000'),
(224, 510, '0.0000', '0.0000', '0.0000'),
(224, 511, '0.0000', '0.0000', '0.0000'),
(224, 513, '0.0000', '0.0000', '0.0000'),
(224, 514, '0.0000', '0.0000', '0.0000'),
(225, 60, '0.0000', '0.0000', '0.0000'),
(225, 501, '0.0000', '0.0000', '0.0000'),
(225, 502, '0.0000', '0.0000', '0.0000'),
(225, 503, '0.0000', '0.0000', '0.0000'),
(225, 504, '0.0000', '0.0000', '0.0000'),
(225, 508, '0.0000', '0.0000', '0.0000'),
(225, 510, '0.0000', '0.0000', '0.0000'),
(225, 511, '0.0000', '0.0000', '0.0000'),
(225, 513, '0.0000', '0.0000', '0.0000'),
(225, 514, '0.0000', '0.0000', '0.0000'),
(226, 60, '0.0000', '0.0000', '0.0000'),
(226, 501, '0.0000', '0.0000', '0.0000'),
(226, 502, '0.0000', '0.0000', '0.0000'),
(226, 503, '0.0000', '0.0000', '0.0000'),
(226, 504, '0.0000', '0.0000', '0.0000'),
(226, 508, '0.0000', '0.0000', '0.0000'),
(226, 510, '0.0000', '0.0000', '0.0000'),
(226, 511, '0.0000', '0.0000', '0.0000'),
(226, 513, '0.0000', '0.0000', '0.0000'),
(226, 514, '0.0000', '0.0000', '0.0000'),
(227, 60, '0.0000', '0.0000', '0.0000'),
(227, 501, '0.0000', '0.0000', '0.0000'),
(227, 502, '0.0000', '0.0000', '0.0000'),
(227, 503, '0.0000', '0.0000', '0.0000'),
(227, 504, '0.0000', '0.0000', '0.0000'),
(227, 508, '0.0000', '0.0000', '0.0000'),
(227, 510, '0.0000', '0.0000', '0.0000'),
(227, 511, '0.0000', '0.0000', '0.0000'),
(227, 513, '0.0000', '0.0000', '0.0000'),
(227, 514, '0.0000', '0.0000', '0.0000'),
(228, 60, '0.0000', '0.0000', '0.0000'),
(228, 501, '0.0000', '0.0000', '0.0000'),
(228, 502, '0.0000', '0.0000', '0.0000'),
(228, 503, '0.0000', '0.0000', '0.0000'),
(228, 504, '0.0000', '0.0000', '0.0000'),
(228, 508, '0.0000', '0.0000', '0.0000'),
(228, 510, '0.0000', '0.0000', '0.0000'),
(228, 511, '0.0000', '0.0000', '0.0000'),
(228, 513, '0.0000', '0.0000', '0.0000'),
(228, 514, '0.0000', '0.0000', '0.0000'),
(229, 60, '0.0000', '0.0000', '0.0000'),
(229, 501, '0.0000', '0.0000', '0.0000'),
(229, 502, '0.0000', '0.0000', '0.0000'),
(229, 503, '0.0000', '0.0000', '0.0000'),
(229, 504, '0.0000', '0.0000', '0.0000'),
(229, 508, '0.0000', '0.0000', '0.0000'),
(229, 510, '0.0000', '0.0000', '0.0000'),
(229, 511, '0.0000', '0.0000', '0.0000'),
(229, 513, '0.0000', '0.0000', '0.0000'),
(229, 514, '0.0000', '0.0000', '0.0000'),
(230, 60, '0.0000', '0.0000', '0.0000'),
(230, 501, '0.0000', '0.0000', '0.0000'),
(230, 502, '0.0000', '0.0000', '0.0000'),
(230, 503, '0.0000', '0.0000', '0.0000'),
(230, 504, '0.0000', '0.0000', '0.0000'),
(230, 508, '0.0000', '0.0000', '0.0000'),
(230, 510, '0.0000', '0.0000', '0.0000'),
(230, 511, '0.0000', '0.0000', '0.0000'),
(230, 513, '0.0000', '0.0000', '0.0000'),
(230, 514, '0.0000', '0.0000', '0.0000'),
(231, 60, '0.0000', '0.0000', '0.0000'),
(231, 501, '0.0000', '0.0000', '0.0000'),
(231, 502, '0.0000', '0.0000', '0.0000'),
(231, 503, '0.0000', '0.0000', '0.0000'),
(231, 504, '0.0000', '0.0000', '0.0000'),
(231, 508, '0.0000', '0.0000', '0.0000'),
(231, 510, '0.0000', '0.0000', '0.0000'),
(231, 511, '0.0000', '0.0000', '0.0000'),
(231, 513, '0.0000', '0.0000', '0.0000'),
(231, 514, '0.0000', '0.0000', '0.0000'),
(232, 60, '0.0000', '0.0000', '0.0000'),
(232, 501, '0.0000', '0.0000', '0.0000'),
(232, 502, '0.0000', '0.0000', '0.0000'),
(232, 503, '0.0000', '0.0000', '0.0000'),
(232, 504, '0.0000', '0.0000', '0.0000'),
(232, 508, '0.0000', '0.0000', '0.0000'),
(232, 510, '0.0000', '0.0000', '0.0000'),
(232, 511, '0.0000', '0.0000', '0.0000'),
(232, 513, '0.0000', '0.0000', '0.0000'),
(232, 514, '0.0000', '0.0000', '0.0000'),
(233, 60, '0.0000', '0.0000', '0.0000'),
(233, 501, '0.0000', '0.0000', '0.0000'),
(233, 502, '0.0000', '0.0000', '0.0000'),
(233, 503, '0.0000', '0.0000', '0.0000'),
(233, 504, '0.0000', '0.0000', '0.0000'),
(233, 508, '0.0000', '0.0000', '0.0000'),
(233, 510, '0.0000', '0.0000', '0.0000'),
(233, 511, '0.0000', '0.0000', '0.0000'),
(233, 513, '0.0000', '0.0000', '0.0000'),
(233, 514, '0.0000', '0.0000', '0.0000'),
(234, 60, '0.0000', '0.0000', '0.0000'),
(234, 501, '0.0000', '0.0000', '0.0000'),
(234, 502, '0.0000', '0.0000', '0.0000'),
(234, 503, '0.0000', '0.0000', '0.0000'),
(234, 504, '0.0000', '0.0000', '0.0000'),
(234, 508, '0.0000', '0.0000', '0.0000'),
(234, 510, '0.0000', '0.0000', '0.0000'),
(234, 511, '0.0000', '0.0000', '0.0000'),
(234, 513, '0.0000', '0.0000', '0.0000'),
(234, 514, '0.0000', '0.0000', '0.0000'),
(235, 60, '0.0000', '0.0000', '0.0000'),
(235, 501, '0.0000', '0.0000', '0.0000'),
(235, 502, '0.0000', '0.0000', '0.0000'),
(235, 503, '0.0000', '0.0000', '0.0000'),
(235, 504, '0.0000', '0.0000', '0.0000'),
(235, 508, '0.0000', '0.0000', '0.0000'),
(235, 510, '0.0000', '0.0000', '0.0000'),
(235, 511, '0.0000', '0.0000', '0.0000'),
(235, 513, '0.0000', '0.0000', '0.0000'),
(235, 514, '0.0000', '0.0000', '0.0000'),
(236, 60, '0.0000', '0.0000', '0.0000'),
(236, 501, '0.0000', '0.0000', '0.0000'),
(236, 502, '0.0000', '0.0000', '0.0000'),
(236, 503, '0.0000', '0.0000', '0.0000'),
(236, 504, '0.0000', '0.0000', '0.0000'),
(236, 508, '0.0000', '0.0000', '0.0000'),
(236, 510, '0.0000', '0.0000', '0.0000'),
(236, 511, '0.0000', '0.0000', '0.0000'),
(236, 513, '0.0000', '0.0000', '0.0000'),
(236, 514, '0.0000', '0.0000', '0.0000'),
(237, 60, '0.0000', '0.0000', '0.0000'),
(237, 501, '0.0000', '0.0000', '0.0000'),
(237, 502, '0.0000', '0.0000', '0.0000'),
(237, 503, '0.0000', '0.0000', '0.0000'),
(237, 504, '0.0000', '0.0000', '0.0000'),
(237, 508, '0.0000', '0.0000', '0.0000'),
(237, 510, '0.0000', '0.0000', '0.0000'),
(237, 511, '0.0000', '0.0000', '0.0000'),
(237, 513, '0.0000', '0.0000', '0.0000'),
(237, 514, '0.0000', '0.0000', '0.0000'),
(238, 60, '0.0000', '0.0000', '0.0000'),
(238, 501, '0.0000', '0.0000', '0.0000'),
(238, 502, '0.0000', '0.0000', '0.0000'),
(238, 503, '0.0000', '0.0000', '0.0000'),
(238, 504, '0.0000', '0.0000', '0.0000'),
(238, 508, '0.0000', '0.0000', '0.0000'),
(238, 510, '0.0000', '0.0000', '0.0000'),
(238, 511, '0.0000', '0.0000', '0.0000'),
(238, 513, '0.0000', '0.0000', '0.0000'),
(238, 514, '0.0000', '0.0000', '0.0000'),
(239, 60, '0.0000', '0.0000', '0.0000'),
(239, 501, '0.0000', '0.0000', '0.0000'),
(239, 502, '0.0000', '0.0000', '0.0000'),
(239, 503, '0.0000', '0.0000', '0.0000'),
(239, 504, '0.0000', '0.0000', '0.0000'),
(239, 508, '0.0000', '0.0000', '0.0000'),
(239, 510, '0.0000', '0.0000', '0.0000'),
(239, 511, '0.0000', '0.0000', '0.0000'),
(239, 513, '0.0000', '0.0000', '0.0000'),
(239, 514, '0.0000', '0.0000', '0.0000'),
(240, 60, '0.0000', '0.0000', '0.0000'),
(240, 501, '0.0000', '0.0000', '0.0000'),
(240, 502, '0.0000', '0.0000', '0.0000'),
(240, 503, '0.0000', '0.0000', '0.0000'),
(240, 504, '0.0000', '0.0000', '0.0000'),
(240, 508, '0.0000', '0.0000', '0.0000'),
(240, 510, '0.0000', '0.0000', '0.0000'),
(240, 511, '0.0000', '0.0000', '0.0000'),
(240, 513, '0.0000', '0.0000', '0.0000'),
(240, 514, '0.0000', '0.0000', '0.0000'),
(241, 60, '0.0000', '0.0000', '0.0000'),
(241, 501, '0.0000', '0.0000', '0.0000'),
(241, 502, '0.0000', '0.0000', '0.0000'),
(241, 503, '0.0000', '0.0000', '0.0000'),
(241, 504, '0.0000', '0.0000', '0.0000'),
(241, 508, '0.0000', '0.0000', '0.0000'),
(241, 510, '0.0000', '0.0000', '0.0000'),
(241, 511, '0.0000', '0.0000', '0.0000'),
(241, 513, '0.0000', '0.0000', '0.0000'),
(241, 514, '0.0000', '0.0000', '0.0000'),
(242, 60, '0.0000', '0.0000', '0.0000'),
(242, 501, '0.0000', '0.0000', '0.0000'),
(242, 502, '0.0000', '0.0000', '0.0000'),
(242, 503, '0.0000', '0.0000', '0.0000'),
(242, 504, '0.0000', '0.0000', '0.0000'),
(242, 508, '0.0000', '0.0000', '0.0000'),
(242, 510, '0.0000', '0.0000', '0.0000'),
(242, 511, '0.0000', '0.0000', '0.0000'),
(242, 513, '0.0000', '0.0000', '0.0000'),
(242, 514, '0.0000', '0.0000', '0.0000'),
(243, 60, '0.0000', '0.0000', '0.0000'),
(243, 501, '0.0000', '0.0000', '0.0000'),
(243, 502, '0.0000', '0.0000', '0.0000'),
(243, 503, '0.0000', '0.0000', '0.0000'),
(243, 504, '0.0000', '0.0000', '0.0000'),
(243, 508, '0.0000', '0.0000', '0.0000'),
(243, 510, '0.0000', '0.0000', '0.0000'),
(243, 511, '0.0000', '0.0000', '0.0000'),
(243, 513, '0.0000', '0.0000', '0.0000'),
(243, 514, '0.0000', '0.0000', '0.0000'),
(244, 60, '0.0000', '0.0000', '0.0000'),
(244, 501, '0.0000', '0.0000', '0.0000'),
(244, 502, '0.0000', '0.0000', '0.0000'),
(244, 503, '0.0000', '0.0000', '0.0000'),
(244, 504, '0.0000', '0.0000', '0.0000'),
(244, 508, '0.0000', '0.0000', '0.0000'),
(244, 510, '0.0000', '0.0000', '0.0000'),
(244, 511, '0.0000', '0.0000', '0.0000'),
(244, 513, '0.0000', '0.0000', '0.0000'),
(244, 514, '0.0000', '0.0000', '0.0000'),
(245, 60, '0.0000', '0.0000', '0.0000'),
(245, 501, '0.0000', '0.0000', '0.0000'),
(245, 502, '0.0000', '0.0000', '0.0000'),
(245, 503, '0.0000', '0.0000', '0.0000'),
(245, 504, '0.0000', '0.0000', '0.0000'),
(245, 508, '0.0000', '0.0000', '0.0000'),
(245, 510, '0.0000', '0.0000', '0.0000'),
(245, 511, '0.0000', '0.0000', '0.0000'),
(245, 513, '0.0000', '0.0000', '0.0000'),
(245, 514, '0.0000', '0.0000', '0.0000'),
(246, 60, '0.0000', '0.0000', '0.0000'),
(246, 501, '0.0000', '0.0000', '0.0000'),
(246, 502, '0.0000', '0.0000', '0.0000'),
(246, 503, '0.0000', '0.0000', '0.0000'),
(246, 504, '0.0000', '0.0000', '0.0000'),
(246, 508, '0.0000', '0.0000', '0.0000'),
(246, 510, '0.0000', '0.0000', '0.0000'),
(246, 511, '0.0000', '0.0000', '0.0000'),
(246, 513, '0.0000', '0.0000', '0.0000'),
(246, 514, '0.0000', '0.0000', '0.0000'),
(247, 60, '0.0000', '0.0000', '0.0000'),
(247, 501, '0.0000', '0.0000', '0.0000'),
(247, 502, '0.0000', '0.0000', '0.0000'),
(247, 503, '0.0000', '0.0000', '0.0000'),
(247, 504, '0.0000', '0.0000', '0.0000'),
(247, 508, '0.0000', '0.0000', '0.0000'),
(247, 510, '0.0000', '0.0000', '0.0000'),
(247, 511, '0.0000', '0.0000', '0.0000'),
(247, 513, '0.0000', '0.0000', '0.0000'),
(247, 514, '0.0000', '0.0000', '0.0000'),
(248, 60, '0.0000', '0.0000', '0.0000'),
(248, 501, '0.0000', '0.0000', '0.0000'),
(248, 502, '0.0000', '0.0000', '0.0000'),
(248, 503, '0.0000', '0.0000', '0.0000'),
(248, 504, '0.0000', '0.0000', '0.0000'),
(248, 508, '0.0000', '0.0000', '0.0000'),
(248, 510, '0.0000', '0.0000', '0.0000'),
(248, 511, '0.0000', '0.0000', '0.0000'),
(248, 513, '0.0000', '0.0000', '0.0000'),
(248, 514, '0.0000', '0.0000', '0.0000'),
(249, 60, '0.0000', '0.0000', '0.0000'),
(249, 501, '0.0000', '0.0000', '0.0000'),
(249, 502, '0.0000', '0.0000', '0.0000'),
(249, 503, '0.0000', '0.0000', '0.0000'),
(249, 504, '0.0000', '0.0000', '0.0000'),
(249, 508, '0.0000', '0.0000', '0.0000'),
(249, 510, '0.0000', '0.0000', '0.0000'),
(249, 511, '0.0000', '0.0000', '0.0000'),
(249, 513, '0.0000', '0.0000', '0.0000'),
(249, 514, '0.0000', '0.0000', '0.0000'),
(250, 60, '0.0000', '0.0000', '0.0000'),
(250, 501, '0.0000', '0.0000', '0.0000'),
(250, 502, '0.0000', '0.0000', '0.0000'),
(250, 503, '0.0000', '0.0000', '0.0000'),
(250, 504, '0.0000', '0.0000', '0.0000'),
(250, 508, '0.0000', '0.0000', '0.0000'),
(250, 510, '0.0000', '0.0000', '0.0000'),
(250, 511, '0.0000', '0.0000', '0.0000'),
(250, 513, '0.0000', '0.0000', '0.0000'),
(250, 514, '0.0000', '0.0000', '0.0000'),
(251, 60, '0.0000', '0.0000', '0.0000'),
(251, 501, '0.0000', '0.0000', '0.0000');
INSERT INTO `producto_has_unidad_negocio` (`producto_id`, `unidad_negocio_id`, `stock_venta`, `stock_minimo`, `stock_maximo`) VALUES
(251, 502, '0.0000', '0.0000', '0.0000'),
(251, 503, '0.0000', '0.0000', '0.0000'),
(251, 504, '0.0000', '0.0000', '0.0000'),
(251, 508, '0.0000', '0.0000', '0.0000'),
(251, 510, '0.0000', '0.0000', '0.0000'),
(251, 511, '0.0000', '0.0000', '0.0000'),
(251, 513, '0.0000', '0.0000', '0.0000'),
(251, 514, '0.0000', '0.0000', '0.0000'),
(252, 60, '0.0000', '0.0000', '0.0000'),
(252, 501, '0.0000', '0.0000', '0.0000'),
(252, 502, '0.0000', '0.0000', '0.0000'),
(252, 503, '0.0000', '0.0000', '0.0000'),
(252, 504, '0.0000', '0.0000', '0.0000'),
(252, 508, '0.0000', '0.0000', '0.0000'),
(252, 510, '0.0000', '0.0000', '0.0000'),
(252, 511, '0.0000', '0.0000', '0.0000'),
(252, 513, '0.0000', '0.0000', '0.0000'),
(252, 514, '0.0000', '0.0000', '0.0000'),
(253, 60, '0.0000', '0.0000', '0.0000'),
(253, 501, '0.0000', '0.0000', '0.0000'),
(253, 502, '0.0000', '0.0000', '0.0000'),
(253, 503, '0.0000', '0.0000', '0.0000'),
(253, 504, '0.0000', '0.0000', '0.0000'),
(253, 508, '0.0000', '0.0000', '0.0000'),
(253, 510, '0.0000', '0.0000', '0.0000'),
(253, 511, '0.0000', '0.0000', '0.0000'),
(253, 513, '0.0000', '0.0000', '0.0000'),
(253, 514, '0.0000', '0.0000', '0.0000'),
(254, 60, '0.0000', '0.0000', '0.0000'),
(254, 501, '0.0000', '0.0000', '0.0000'),
(254, 502, '0.0000', '0.0000', '0.0000'),
(254, 503, '0.0000', '0.0000', '0.0000'),
(254, 504, '0.0000', '0.0000', '0.0000'),
(254, 508, '0.0000', '0.0000', '0.0000'),
(254, 510, '0.0000', '0.0000', '0.0000'),
(254, 511, '0.0000', '0.0000', '0.0000'),
(254, 513, '0.0000', '0.0000', '0.0000'),
(254, 514, '0.0000', '0.0000', '0.0000'),
(255, 60, '0.0000', '0.0000', '0.0000'),
(255, 501, '0.0000', '0.0000', '0.0000'),
(255, 502, '0.0000', '0.0000', '0.0000'),
(255, 503, '0.0000', '0.0000', '0.0000'),
(255, 504, '0.0000', '0.0000', '0.0000'),
(255, 508, '0.0000', '0.0000', '0.0000'),
(255, 510, '0.0000', '0.0000', '0.0000'),
(255, 511, '0.0000', '0.0000', '0.0000'),
(255, 513, '0.0000', '0.0000', '0.0000'),
(255, 514, '0.0000', '0.0000', '0.0000'),
(256, 60, '0.0000', '0.0000', '0.0000'),
(256, 501, '0.0000', '0.0000', '0.0000'),
(256, 502, '0.0000', '0.0000', '0.0000'),
(256, 503, '0.0000', '0.0000', '0.0000'),
(256, 504, '0.0000', '0.0000', '0.0000'),
(256, 508, '0.0000', '0.0000', '0.0000'),
(256, 510, '0.0000', '0.0000', '0.0000'),
(256, 511, '0.0000', '0.0000', '0.0000'),
(256, 513, '0.0000', '0.0000', '0.0000'),
(256, 514, '0.0000', '0.0000', '0.0000'),
(257, 60, '0.0000', '0.0000', '0.0000'),
(257, 501, '0.0000', '0.0000', '0.0000'),
(257, 502, '0.0000', '0.0000', '0.0000'),
(257, 503, '0.0000', '0.0000', '0.0000'),
(257, 504, '0.0000', '0.0000', '0.0000'),
(257, 508, '0.0000', '0.0000', '0.0000'),
(257, 510, '0.0000', '0.0000', '0.0000'),
(257, 511, '0.0000', '0.0000', '0.0000'),
(257, 513, '0.0000', '0.0000', '0.0000'),
(257, 514, '0.0000', '0.0000', '0.0000'),
(258, 60, '0.0000', '0.0000', '0.0000'),
(258, 501, '0.0000', '0.0000', '0.0000'),
(258, 502, '0.0000', '0.0000', '0.0000'),
(258, 503, '0.0000', '0.0000', '0.0000'),
(258, 504, '0.0000', '0.0000', '0.0000'),
(258, 508, '0.0000', '0.0000', '0.0000'),
(258, 510, '0.0000', '0.0000', '0.0000'),
(258, 511, '0.0000', '0.0000', '0.0000'),
(258, 513, '0.0000', '0.0000', '0.0000'),
(258, 514, '0.0000', '0.0000', '0.0000'),
(259, 60, '0.0000', '0.0000', '0.0000'),
(259, 501, '0.0000', '0.0000', '0.0000'),
(259, 502, '0.0000', '0.0000', '0.0000'),
(259, 503, '0.0000', '0.0000', '0.0000'),
(259, 504, '0.0000', '0.0000', '0.0000'),
(259, 508, '0.0000', '0.0000', '0.0000'),
(259, 510, '0.0000', '0.0000', '0.0000'),
(259, 511, '0.0000', '0.0000', '0.0000'),
(259, 513, '0.0000', '0.0000', '0.0000'),
(259, 514, '0.0000', '0.0000', '0.0000'),
(260, 60, '0.0000', '0.0000', '0.0000'),
(260, 501, '0.0000', '0.0000', '0.0000'),
(260, 502, '0.0000', '0.0000', '0.0000'),
(260, 503, '0.0000', '0.0000', '0.0000'),
(260, 504, '0.0000', '0.0000', '0.0000'),
(260, 508, '0.0000', '0.0000', '0.0000'),
(260, 510, '0.0000', '0.0000', '0.0000'),
(260, 511, '0.0000', '0.0000', '0.0000'),
(260, 513, '0.0000', '0.0000', '0.0000'),
(260, 514, '0.0000', '0.0000', '0.0000'),
(261, 60, '0.0000', '0.0000', '0.0000'),
(261, 501, '0.0000', '0.0000', '0.0000'),
(261, 502, '0.0000', '0.0000', '0.0000'),
(261, 503, '0.0000', '0.0000', '0.0000'),
(261, 504, '0.0000', '0.0000', '0.0000'),
(261, 508, '0.0000', '0.0000', '0.0000'),
(261, 510, '0.0000', '0.0000', '0.0000'),
(261, 511, '0.0000', '0.0000', '0.0000'),
(261, 513, '0.0000', '0.0000', '0.0000'),
(261, 514, '0.0000', '0.0000', '0.0000'),
(262, 60, '0.0000', '0.0000', '0.0000'),
(262, 501, '0.0000', '0.0000', '0.0000'),
(262, 502, '0.0000', '0.0000', '0.0000'),
(262, 503, '0.0000', '0.0000', '0.0000'),
(262, 504, '0.0000', '0.0000', '0.0000'),
(262, 508, '0.0000', '0.0000', '0.0000'),
(262, 510, '0.0000', '0.0000', '0.0000'),
(262, 511, '0.0000', '0.0000', '0.0000'),
(262, 513, '0.0000', '0.0000', '0.0000'),
(262, 514, '0.0000', '0.0000', '0.0000'),
(263, 60, '0.0000', '0.0000', '0.0000'),
(263, 501, '0.0000', '0.0000', '0.0000'),
(263, 502, '0.0000', '0.0000', '0.0000'),
(263, 503, '0.0000', '0.0000', '0.0000'),
(263, 504, '0.0000', '0.0000', '0.0000'),
(263, 508, '0.0000', '0.0000', '0.0000'),
(263, 510, '0.0000', '0.0000', '0.0000'),
(263, 511, '0.0000', '0.0000', '0.0000'),
(263, 513, '0.0000', '0.0000', '0.0000'),
(263, 514, '0.0000', '0.0000', '0.0000'),
(264, 60, '0.0000', '0.0000', '0.0000'),
(264, 501, '0.0000', '0.0000', '0.0000'),
(264, 502, '0.0000', '0.0000', '0.0000'),
(264, 503, '0.0000', '0.0000', '0.0000'),
(264, 504, '0.0000', '0.0000', '0.0000'),
(264, 508, '0.0000', '0.0000', '0.0000'),
(264, 510, '0.0000', '0.0000', '0.0000'),
(264, 511, '0.0000', '0.0000', '0.0000'),
(264, 513, '0.0000', '0.0000', '0.0000'),
(264, 514, '0.0000', '0.0000', '0.0000'),
(265, 60, '0.0000', '0.0000', '0.0000'),
(265, 501, '0.0000', '0.0000', '0.0000'),
(265, 502, '0.0000', '0.0000', '0.0000'),
(265, 503, '0.0000', '0.0000', '0.0000'),
(265, 504, '0.0000', '0.0000', '0.0000'),
(265, 508, '0.0000', '0.0000', '0.0000'),
(265, 510, '0.0000', '0.0000', '0.0000'),
(265, 511, '0.0000', '0.0000', '0.0000'),
(265, 513, '0.0000', '0.0000', '0.0000'),
(265, 514, '0.0000', '0.0000', '0.0000'),
(266, 60, '0.0000', '0.0000', '0.0000'),
(266, 501, '0.0000', '0.0000', '0.0000'),
(266, 502, '0.0000', '0.0000', '0.0000'),
(266, 503, '0.0000', '0.0000', '0.0000'),
(266, 504, '0.0000', '0.0000', '0.0000'),
(266, 508, '0.0000', '0.0000', '0.0000'),
(266, 510, '0.0000', '0.0000', '0.0000'),
(266, 511, '0.0000', '0.0000', '0.0000'),
(266, 513, '0.0000', '0.0000', '0.0000'),
(266, 514, '0.0000', '0.0000', '0.0000'),
(267, 60, '0.0000', '0.0000', '0.0000'),
(267, 501, '0.0000', '0.0000', '0.0000'),
(267, 502, '0.0000', '0.0000', '0.0000'),
(267, 503, '0.0000', '0.0000', '0.0000'),
(267, 504, '0.0000', '0.0000', '0.0000'),
(267, 508, '0.0000', '0.0000', '0.0000'),
(267, 510, '0.0000', '0.0000', '0.0000'),
(267, 511, '0.0000', '0.0000', '0.0000'),
(267, 513, '0.0000', '0.0000', '0.0000'),
(267, 514, '0.0000', '0.0000', '0.0000'),
(268, 60, '0.0000', '0.0000', '0.0000'),
(268, 501, '0.0000', '0.0000', '0.0000'),
(268, 502, '0.0000', '0.0000', '0.0000'),
(268, 503, '0.0000', '0.0000', '0.0000'),
(268, 504, '0.0000', '0.0000', '0.0000'),
(268, 508, '0.0000', '0.0000', '0.0000'),
(268, 510, '0.0000', '0.0000', '0.0000'),
(268, 511, '0.0000', '0.0000', '0.0000'),
(268, 513, '0.0000', '0.0000', '0.0000'),
(268, 514, '0.0000', '0.0000', '0.0000'),
(269, 60, '0.0000', '0.0000', '0.0000'),
(269, 501, '0.0000', '0.0000', '0.0000'),
(269, 502, '0.0000', '0.0000', '0.0000'),
(269, 503, '0.0000', '0.0000', '0.0000'),
(269, 504, '0.0000', '0.0000', '0.0000'),
(269, 508, '0.0000', '0.0000', '0.0000'),
(269, 510, '0.0000', '0.0000', '0.0000'),
(269, 511, '0.0000', '0.0000', '0.0000'),
(269, 513, '0.0000', '0.0000', '0.0000'),
(269, 514, '0.0000', '0.0000', '0.0000'),
(270, 60, '0.0000', '0.0000', '0.0000'),
(270, 501, '0.0000', '0.0000', '0.0000'),
(270, 502, '0.0000', '0.0000', '0.0000'),
(270, 503, '0.0000', '0.0000', '0.0000'),
(270, 504, '0.0000', '0.0000', '0.0000'),
(270, 508, '0.0000', '0.0000', '0.0000'),
(270, 510, '0.0000', '0.0000', '0.0000'),
(270, 511, '0.0000', '0.0000', '0.0000'),
(270, 513, '0.0000', '0.0000', '0.0000'),
(270, 514, '0.0000', '0.0000', '0.0000'),
(271, 60, '0.0000', '0.0000', '0.0000'),
(271, 501, '0.0000', '0.0000', '0.0000'),
(271, 502, '0.0000', '0.0000', '0.0000'),
(271, 503, '0.0000', '0.0000', '0.0000'),
(271, 504, '0.0000', '0.0000', '0.0000'),
(271, 508, '0.0000', '0.0000', '0.0000'),
(271, 510, '0.0000', '0.0000', '0.0000'),
(271, 511, '0.0000', '0.0000', '0.0000'),
(271, 513, '0.0000', '0.0000', '0.0000'),
(271, 514, '0.0000', '0.0000', '0.0000'),
(272, 60, '0.0000', '0.0000', '0.0000'),
(272, 501, '0.0000', '0.0000', '0.0000'),
(272, 502, '0.0000', '0.0000', '0.0000'),
(272, 503, '0.0000', '0.0000', '0.0000'),
(272, 504, '0.0000', '0.0000', '0.0000'),
(272, 508, '0.0000', '0.0000', '0.0000'),
(272, 510, '0.0000', '0.0000', '0.0000'),
(272, 511, '0.0000', '0.0000', '0.0000'),
(272, 513, '0.0000', '0.0000', '0.0000'),
(272, 514, '0.0000', '0.0000', '0.0000'),
(273, 60, '0.0000', '0.0000', '0.0000'),
(273, 501, '0.0000', '0.0000', '0.0000'),
(273, 502, '0.0000', '0.0000', '0.0000'),
(273, 503, '0.0000', '0.0000', '0.0000'),
(273, 504, '0.0000', '0.0000', '0.0000'),
(273, 508, '0.0000', '0.0000', '0.0000'),
(273, 510, '0.0000', '0.0000', '0.0000'),
(273, 511, '0.0000', '0.0000', '0.0000'),
(273, 513, '0.0000', '0.0000', '0.0000'),
(273, 514, '0.0000', '0.0000', '0.0000'),
(274, 60, '0.0000', '0.0000', '0.0000'),
(274, 501, '0.0000', '0.0000', '0.0000'),
(274, 502, '0.0000', '0.0000', '0.0000'),
(274, 503, '0.0000', '0.0000', '0.0000'),
(274, 504, '0.0000', '0.0000', '0.0000'),
(274, 508, '0.0000', '0.0000', '0.0000'),
(274, 510, '0.0000', '0.0000', '0.0000'),
(274, 511, '0.0000', '0.0000', '0.0000'),
(274, 513, '0.0000', '0.0000', '0.0000'),
(274, 514, '0.0000', '0.0000', '0.0000'),
(275, 60, '0.0000', '0.0000', '0.0000'),
(275, 501, '0.0000', '0.0000', '0.0000'),
(275, 502, '0.0000', '0.0000', '0.0000'),
(275, 503, '0.0000', '0.0000', '0.0000'),
(275, 504, '0.0000', '0.0000', '0.0000'),
(275, 508, '0.0000', '0.0000', '0.0000'),
(275, 510, '0.0000', '0.0000', '0.0000'),
(275, 511, '0.0000', '0.0000', '0.0000'),
(275, 513, '0.0000', '0.0000', '0.0000'),
(275, 514, '0.0000', '0.0000', '0.0000'),
(276, 60, '0.0000', '0.0000', '0.0000'),
(276, 501, '0.0000', '0.0000', '0.0000'),
(276, 502, '0.0000', '0.0000', '0.0000'),
(276, 503, '0.0000', '0.0000', '0.0000'),
(276, 504, '0.0000', '0.0000', '0.0000'),
(276, 508, '0.0000', '0.0000', '0.0000'),
(276, 510, '0.0000', '0.0000', '0.0000'),
(276, 511, '0.0000', '0.0000', '0.0000'),
(276, 513, '0.0000', '0.0000', '0.0000'),
(276, 514, '0.0000', '0.0000', '0.0000'),
(277, 60, '0.0000', '0.0000', '0.0000'),
(277, 501, '0.0000', '0.0000', '0.0000'),
(277, 502, '0.0000', '0.0000', '0.0000'),
(277, 503, '0.0000', '0.0000', '0.0000'),
(277, 504, '0.0000', '0.0000', '0.0000'),
(277, 508, '0.0000', '0.0000', '0.0000'),
(277, 510, '0.0000', '0.0000', '0.0000'),
(277, 511, '0.0000', '0.0000', '0.0000'),
(277, 513, '0.0000', '0.0000', '0.0000'),
(277, 514, '0.0000', '0.0000', '0.0000'),
(278, 60, '0.0000', '0.0000', '0.0000'),
(278, 501, '0.0000', '0.0000', '0.0000'),
(278, 502, '0.0000', '0.0000', '0.0000'),
(278, 503, '0.0000', '0.0000', '0.0000'),
(278, 504, '0.0000', '0.0000', '0.0000'),
(278, 508, '0.0000', '0.0000', '0.0000'),
(278, 510, '0.0000', '0.0000', '0.0000'),
(278, 511, '0.0000', '0.0000', '0.0000'),
(278, 513, '0.0000', '0.0000', '0.0000'),
(278, 514, '0.0000', '0.0000', '0.0000'),
(279, 60, '0.0000', '0.0000', '0.0000'),
(279, 501, '0.0000', '0.0000', '0.0000'),
(279, 502, '0.0000', '0.0000', '0.0000'),
(279, 503, '0.0000', '0.0000', '0.0000'),
(279, 504, '0.0000', '0.0000', '0.0000'),
(279, 508, '0.0000', '0.0000', '0.0000'),
(279, 510, '0.0000', '0.0000', '0.0000'),
(279, 511, '0.0000', '0.0000', '0.0000'),
(279, 513, '0.0000', '0.0000', '0.0000'),
(279, 514, '0.0000', '0.0000', '0.0000'),
(280, 60, '0.0000', '0.0000', '0.0000'),
(280, 501, '0.0000', '0.0000', '0.0000'),
(280, 502, '0.0000', '0.0000', '0.0000'),
(280, 503, '0.0000', '0.0000', '0.0000'),
(280, 504, '0.0000', '0.0000', '0.0000'),
(280, 508, '0.0000', '0.0000', '0.0000'),
(280, 510, '0.0000', '0.0000', '0.0000'),
(280, 511, '0.0000', '0.0000', '0.0000'),
(280, 513, '0.0000', '0.0000', '0.0000'),
(280, 514, '0.0000', '0.0000', '0.0000'),
(281, 60, '0.0000', '0.0000', '0.0000'),
(281, 501, '0.0000', '0.0000', '0.0000'),
(281, 502, '0.0000', '0.0000', '0.0000'),
(281, 503, '0.0000', '0.0000', '0.0000'),
(281, 504, '0.0000', '0.0000', '0.0000'),
(281, 508, '0.0000', '0.0000', '0.0000'),
(281, 510, '0.0000', '0.0000', '0.0000'),
(281, 511, '0.0000', '0.0000', '0.0000'),
(281, 513, '0.0000', '0.0000', '0.0000'),
(281, 514, '0.0000', '0.0000', '0.0000'),
(282, 60, '0.0000', '0.0000', '0.0000'),
(282, 501, '0.0000', '0.0000', '0.0000'),
(282, 502, '0.0000', '0.0000', '0.0000'),
(282, 503, '0.0000', '0.0000', '0.0000'),
(282, 504, '0.0000', '0.0000', '0.0000'),
(282, 508, '0.0000', '0.0000', '0.0000'),
(282, 510, '0.0000', '0.0000', '0.0000'),
(282, 511, '0.0000', '0.0000', '0.0000'),
(282, 513, '0.0000', '0.0000', '0.0000'),
(282, 514, '0.0000', '0.0000', '0.0000'),
(283, 60, '0.0000', '0.0000', '0.0000'),
(283, 501, '0.0000', '0.0000', '0.0000'),
(283, 502, '0.0000', '0.0000', '0.0000'),
(283, 503, '0.0000', '0.0000', '0.0000'),
(283, 504, '0.0000', '0.0000', '0.0000'),
(283, 508, '0.0000', '0.0000', '0.0000'),
(283, 510, '0.0000', '0.0000', '0.0000'),
(283, 511, '0.0000', '0.0000', '0.0000'),
(283, 513, '0.0000', '0.0000', '0.0000'),
(283, 514, '0.0000', '0.0000', '0.0000'),
(284, 60, '0.0000', '0.0000', '0.0000'),
(284, 501, '0.0000', '0.0000', '0.0000'),
(284, 502, '0.0000', '0.0000', '0.0000'),
(284, 503, '0.0000', '0.0000', '0.0000'),
(284, 504, '0.0000', '0.0000', '0.0000'),
(284, 508, '0.0000', '0.0000', '0.0000'),
(284, 510, '0.0000', '0.0000', '0.0000'),
(284, 511, '0.0000', '0.0000', '0.0000'),
(284, 513, '0.0000', '0.0000', '0.0000'),
(284, 514, '0.0000', '0.0000', '0.0000'),
(285, 60, '0.0000', '0.0000', '0.0000'),
(285, 501, '0.0000', '0.0000', '0.0000'),
(285, 502, '0.0000', '0.0000', '0.0000'),
(285, 503, '0.0000', '0.0000', '0.0000'),
(285, 504, '0.0000', '0.0000', '0.0000'),
(285, 508, '0.0000', '0.0000', '0.0000'),
(285, 510, '0.0000', '0.0000', '0.0000'),
(285, 511, '0.0000', '0.0000', '0.0000'),
(285, 513, '0.0000', '0.0000', '0.0000'),
(285, 514, '0.0000', '0.0000', '0.0000'),
(286, 60, '0.0000', '0.0000', '0.0000'),
(286, 501, '0.0000', '0.0000', '0.0000'),
(286, 502, '0.0000', '0.0000', '0.0000'),
(286, 503, '0.0000', '0.0000', '0.0000'),
(286, 504, '0.0000', '0.0000', '0.0000'),
(286, 508, '0.0000', '0.0000', '0.0000'),
(286, 510, '0.0000', '0.0000', '0.0000'),
(286, 511, '0.0000', '0.0000', '0.0000'),
(286, 513, '0.0000', '0.0000', '0.0000'),
(286, 514, '0.0000', '0.0000', '0.0000'),
(287, 60, '0.0000', '0.0000', '0.0000'),
(287, 501, '0.0000', '0.0000', '0.0000'),
(287, 502, '0.0000', '0.0000', '0.0000'),
(287, 503, '0.0000', '0.0000', '0.0000'),
(287, 504, '0.0000', '0.0000', '0.0000'),
(287, 508, '0.0000', '0.0000', '0.0000'),
(287, 510, '0.0000', '0.0000', '0.0000'),
(287, 511, '0.0000', '0.0000', '0.0000'),
(287, 513, '0.0000', '0.0000', '0.0000'),
(287, 514, '0.0000', '0.0000', '0.0000'),
(288, 60, '0.0000', '0.0000', '0.0000'),
(288, 501, '0.0000', '0.0000', '0.0000'),
(288, 502, '0.0000', '0.0000', '0.0000'),
(288, 503, '0.0000', '0.0000', '0.0000'),
(288, 504, '0.0000', '0.0000', '0.0000'),
(288, 508, '0.0000', '0.0000', '0.0000'),
(288, 510, '0.0000', '0.0000', '0.0000'),
(288, 511, '0.0000', '0.0000', '0.0000'),
(288, 513, '0.0000', '0.0000', '0.0000'),
(288, 514, '0.0000', '0.0000', '0.0000'),
(289, 60, '0.0000', '0.0000', '0.0000'),
(289, 501, '0.0000', '0.0000', '0.0000'),
(289, 502, '0.0000', '0.0000', '0.0000'),
(289, 503, '0.0000', '0.0000', '0.0000'),
(289, 504, '0.0000', '0.0000', '0.0000'),
(289, 508, '0.0000', '0.0000', '0.0000'),
(289, 510, '0.0000', '0.0000', '0.0000'),
(289, 511, '0.0000', '0.0000', '0.0000'),
(289, 513, '0.0000', '0.0000', '0.0000'),
(289, 514, '0.0000', '0.0000', '0.0000'),
(290, 60, '0.0000', '0.0000', '0.0000'),
(290, 501, '0.0000', '0.0000', '0.0000'),
(290, 502, '0.0000', '0.0000', '0.0000'),
(290, 503, '0.0000', '0.0000', '0.0000'),
(290, 504, '0.0000', '0.0000', '0.0000'),
(290, 508, '0.0000', '0.0000', '0.0000'),
(290, 510, '0.0000', '0.0000', '0.0000'),
(290, 511, '0.0000', '0.0000', '0.0000'),
(290, 513, '0.0000', '0.0000', '0.0000'),
(290, 514, '0.0000', '0.0000', '0.0000'),
(291, 60, '0.0000', '0.0000', '0.0000'),
(291, 501, '0.0000', '0.0000', '0.0000'),
(291, 502, '0.0000', '0.0000', '0.0000'),
(291, 503, '0.0000', '0.0000', '0.0000'),
(291, 504, '0.0000', '0.0000', '0.0000'),
(291, 508, '0.0000', '0.0000', '0.0000'),
(291, 510, '0.0000', '0.0000', '0.0000'),
(291, 511, '0.0000', '0.0000', '0.0000'),
(291, 513, '0.0000', '0.0000', '0.0000'),
(291, 514, '0.0000', '0.0000', '0.0000'),
(292, 60, '0.0000', '0.0000', '0.0000'),
(292, 501, '0.0000', '0.0000', '0.0000'),
(292, 502, '0.0000', '0.0000', '0.0000'),
(292, 503, '0.0000', '0.0000', '0.0000'),
(292, 504, '0.0000', '0.0000', '0.0000'),
(292, 508, '0.0000', '0.0000', '0.0000'),
(292, 510, '0.0000', '0.0000', '0.0000'),
(292, 511, '0.0000', '0.0000', '0.0000'),
(292, 513, '0.0000', '0.0000', '0.0000'),
(292, 514, '0.0000', '0.0000', '0.0000'),
(293, 60, '0.0000', '0.0000', '0.0000'),
(293, 501, '0.0000', '0.0000', '0.0000'),
(293, 502, '0.0000', '0.0000', '0.0000'),
(293, 503, '0.0000', '0.0000', '0.0000'),
(293, 504, '0.0000', '0.0000', '0.0000'),
(293, 508, '0.0000', '0.0000', '0.0000'),
(293, 510, '0.0000', '0.0000', '0.0000'),
(293, 511, '0.0000', '0.0000', '0.0000'),
(293, 513, '0.0000', '0.0000', '0.0000'),
(293, 514, '0.0000', '0.0000', '0.0000'),
(294, 60, '0.0000', '0.0000', '0.0000'),
(294, 501, '0.0000', '0.0000', '0.0000'),
(294, 502, '0.0000', '0.0000', '0.0000'),
(294, 503, '0.0000', '0.0000', '0.0000'),
(294, 504, '0.0000', '0.0000', '0.0000'),
(294, 508, '0.0000', '0.0000', '0.0000'),
(294, 510, '0.0000', '0.0000', '0.0000'),
(294, 511, '0.0000', '0.0000', '0.0000'),
(294, 513, '0.0000', '0.0000', '0.0000'),
(294, 514, '0.0000', '0.0000', '0.0000'),
(295, 60, '0.0000', '0.0000', '0.0000'),
(295, 501, '0.0000', '0.0000', '0.0000'),
(295, 502, '0.0000', '0.0000', '0.0000'),
(295, 503, '0.0000', '0.0000', '0.0000'),
(295, 504, '0.0000', '0.0000', '0.0000'),
(295, 508, '0.0000', '0.0000', '0.0000'),
(295, 510, '0.0000', '0.0000', '0.0000'),
(295, 511, '0.0000', '0.0000', '0.0000'),
(295, 513, '0.0000', '0.0000', '0.0000'),
(295, 514, '0.0000', '0.0000', '0.0000'),
(296, 60, '0.0000', '0.0000', '0.0000'),
(296, 501, '0.0000', '0.0000', '0.0000'),
(296, 502, '0.0000', '0.0000', '0.0000'),
(296, 503, '0.0000', '0.0000', '0.0000'),
(296, 504, '0.0000', '0.0000', '0.0000'),
(296, 508, '0.0000', '0.0000', '0.0000'),
(296, 510, '0.0000', '0.0000', '0.0000'),
(296, 511, '0.0000', '0.0000', '0.0000'),
(296, 513, '0.0000', '0.0000', '0.0000'),
(296, 514, '0.0000', '0.0000', '0.0000'),
(297, 60, '0.0000', '0.0000', '0.0000'),
(297, 501, '0.0000', '0.0000', '0.0000'),
(297, 502, '0.0000', '0.0000', '0.0000'),
(297, 503, '0.0000', '0.0000', '0.0000'),
(297, 504, '0.0000', '0.0000', '0.0000'),
(297, 508, '0.0000', '0.0000', '0.0000'),
(297, 510, '0.0000', '0.0000', '0.0000'),
(297, 511, '0.0000', '0.0000', '0.0000'),
(297, 513, '0.0000', '0.0000', '0.0000'),
(297, 514, '0.0000', '0.0000', '0.0000'),
(298, 60, '0.0000', '0.0000', '0.0000'),
(298, 501, '0.0000', '0.0000', '0.0000'),
(298, 502, '0.0000', '0.0000', '0.0000'),
(298, 503, '0.0000', '0.0000', '0.0000'),
(298, 504, '0.0000', '0.0000', '0.0000'),
(298, 508, '0.0000', '0.0000', '0.0000'),
(298, 510, '0.0000', '0.0000', '0.0000'),
(298, 511, '0.0000', '0.0000', '0.0000'),
(298, 513, '0.0000', '0.0000', '0.0000'),
(298, 514, '0.0000', '0.0000', '0.0000'),
(299, 60, '0.0000', '0.0000', '0.0000'),
(299, 501, '0.0000', '0.0000', '0.0000'),
(299, 502, '0.0000', '0.0000', '0.0000'),
(299, 503, '0.0000', '0.0000', '0.0000'),
(299, 504, '0.0000', '0.0000', '0.0000'),
(299, 508, '0.0000', '0.0000', '0.0000'),
(299, 510, '0.0000', '0.0000', '0.0000'),
(299, 511, '0.0000', '0.0000', '0.0000'),
(299, 513, '0.0000', '0.0000', '0.0000'),
(299, 514, '0.0000', '0.0000', '0.0000'),
(300, 60, '0.0000', '0.0000', '0.0000'),
(300, 501, '0.0000', '0.0000', '0.0000'),
(300, 502, '0.0000', '0.0000', '0.0000'),
(300, 503, '0.0000', '0.0000', '0.0000'),
(300, 504, '0.0000', '0.0000', '0.0000'),
(300, 508, '0.0000', '0.0000', '0.0000'),
(300, 510, '0.0000', '0.0000', '0.0000'),
(300, 511, '0.0000', '0.0000', '0.0000'),
(300, 513, '0.0000', '0.0000', '0.0000'),
(300, 514, '0.0000', '0.0000', '0.0000'),
(301, 60, '0.0000', '0.0000', '0.0000'),
(301, 501, '0.0000', '0.0000', '0.0000'),
(301, 502, '0.0000', '0.0000', '0.0000'),
(301, 503, '0.0000', '0.0000', '0.0000'),
(301, 504, '0.0000', '0.0000', '0.0000'),
(301, 508, '0.0000', '0.0000', '0.0000'),
(301, 510, '0.0000', '0.0000', '0.0000'),
(301, 511, '0.0000', '0.0000', '0.0000'),
(301, 513, '0.0000', '0.0000', '0.0000'),
(301, 514, '0.0000', '0.0000', '0.0000'),
(302, 60, '0.0000', '0.0000', '0.0000'),
(302, 501, '0.0000', '0.0000', '0.0000'),
(302, 502, '0.0000', '0.0000', '0.0000'),
(302, 503, '0.0000', '0.0000', '0.0000'),
(302, 504, '0.0000', '0.0000', '0.0000'),
(302, 508, '0.0000', '0.0000', '0.0000'),
(302, 510, '0.0000', '0.0000', '0.0000'),
(302, 511, '0.0000', '0.0000', '0.0000'),
(302, 513, '0.0000', '0.0000', '0.0000'),
(302, 514, '0.0000', '0.0000', '0.0000'),
(303, 60, '0.0000', '0.0000', '0.0000'),
(303, 501, '0.0000', '0.0000', '0.0000'),
(303, 502, '0.0000', '0.0000', '0.0000'),
(303, 503, '0.0000', '0.0000', '0.0000'),
(303, 504, '0.0000', '0.0000', '0.0000'),
(303, 508, '0.0000', '0.0000', '0.0000'),
(303, 510, '0.0000', '0.0000', '0.0000'),
(303, 511, '0.0000', '0.0000', '0.0000'),
(303, 513, '0.0000', '0.0000', '0.0000'),
(303, 514, '0.0000', '0.0000', '0.0000'),
(304, 60, '0.0000', '0.0000', '0.0000'),
(304, 501, '0.0000', '0.0000', '0.0000'),
(304, 502, '0.0000', '0.0000', '0.0000'),
(304, 503, '0.0000', '0.0000', '0.0000'),
(304, 504, '0.0000', '0.0000', '0.0000'),
(304, 508, '0.0000', '0.0000', '0.0000'),
(304, 510, '0.0000', '0.0000', '0.0000'),
(304, 511, '0.0000', '0.0000', '0.0000'),
(304, 513, '0.0000', '0.0000', '0.0000'),
(304, 514, '0.0000', '0.0000', '0.0000'),
(305, 60, '0.0000', '0.0000', '0.0000'),
(305, 501, '0.0000', '0.0000', '0.0000'),
(305, 502, '0.0000', '0.0000', '0.0000'),
(305, 503, '0.0000', '0.0000', '0.0000'),
(305, 504, '0.0000', '0.0000', '0.0000'),
(305, 508, '0.0000', '0.0000', '0.0000'),
(305, 510, '0.0000', '0.0000', '0.0000'),
(305, 511, '0.0000', '0.0000', '0.0000'),
(305, 513, '0.0000', '0.0000', '0.0000'),
(305, 514, '0.0000', '0.0000', '0.0000'),
(306, 60, '0.0000', '0.0000', '0.0000'),
(306, 501, '0.0000', '0.0000', '0.0000'),
(306, 502, '0.0000', '0.0000', '0.0000'),
(306, 503, '0.0000', '0.0000', '0.0000'),
(306, 504, '0.0000', '0.0000', '0.0000'),
(306, 508, '0.0000', '0.0000', '0.0000'),
(306, 510, '0.0000', '0.0000', '0.0000'),
(306, 511, '0.0000', '0.0000', '0.0000'),
(306, 513, '0.0000', '0.0000', '0.0000'),
(306, 514, '0.0000', '0.0000', '0.0000'),
(307, 60, '0.0000', '0.0000', '0.0000'),
(307, 501, '0.0000', '0.0000', '0.0000'),
(307, 502, '0.0000', '0.0000', '0.0000'),
(307, 503, '0.0000', '0.0000', '0.0000'),
(307, 504, '0.0000', '0.0000', '0.0000'),
(307, 508, '0.0000', '0.0000', '0.0000'),
(307, 510, '0.0000', '0.0000', '0.0000'),
(307, 511, '0.0000', '0.0000', '0.0000'),
(307, 513, '0.0000', '0.0000', '0.0000'),
(307, 514, '0.0000', '0.0000', '0.0000'),
(308, 60, '0.0000', '0.0000', '0.0000'),
(308, 501, '0.0000', '0.0000', '0.0000'),
(308, 502, '0.0000', '0.0000', '0.0000'),
(308, 503, '0.0000', '0.0000', '0.0000'),
(308, 504, '0.0000', '0.0000', '0.0000'),
(308, 508, '0.0000', '0.0000', '0.0000'),
(308, 510, '0.0000', '0.0000', '0.0000'),
(308, 511, '0.0000', '0.0000', '0.0000'),
(308, 513, '0.0000', '0.0000', '0.0000'),
(308, 514, '0.0000', '0.0000', '0.0000'),
(309, 60, '0.0000', '0.0000', '0.0000'),
(309, 501, '0.0000', '0.0000', '0.0000'),
(309, 502, '0.0000', '0.0000', '0.0000'),
(309, 503, '0.0000', '0.0000', '0.0000'),
(309, 504, '0.0000', '0.0000', '0.0000'),
(309, 508, '0.0000', '0.0000', '0.0000'),
(309, 510, '0.0000', '0.0000', '0.0000'),
(309, 511, '0.0000', '0.0000', '0.0000'),
(309, 513, '0.0000', '0.0000', '0.0000'),
(309, 514, '0.0000', '0.0000', '0.0000'),
(310, 60, '0.0000', '0.0000', '0.0000'),
(310, 501, '0.0000', '0.0000', '0.0000'),
(310, 502, '0.0000', '0.0000', '0.0000'),
(310, 503, '0.0000', '0.0000', '0.0000'),
(310, 504, '0.0000', '0.0000', '0.0000'),
(310, 508, '0.0000', '0.0000', '0.0000'),
(310, 510, '0.0000', '0.0000', '0.0000'),
(310, 511, '0.0000', '0.0000', '0.0000'),
(310, 513, '0.0000', '0.0000', '0.0000'),
(310, 514, '0.0000', '0.0000', '0.0000'),
(311, 60, '0.0000', '0.0000', '0.0000'),
(311, 501, '0.0000', '0.0000', '0.0000'),
(311, 502, '0.0000', '0.0000', '0.0000'),
(311, 503, '0.0000', '0.0000', '0.0000'),
(311, 504, '0.0000', '0.0000', '0.0000'),
(311, 508, '0.0000', '0.0000', '0.0000'),
(311, 510, '0.0000', '0.0000', '0.0000'),
(311, 511, '0.0000', '0.0000', '0.0000'),
(311, 513, '0.0000', '0.0000', '0.0000'),
(311, 514, '0.0000', '0.0000', '0.0000'),
(312, 60, '0.0000', '0.0000', '0.0000'),
(312, 501, '0.0000', '0.0000', '0.0000'),
(312, 502, '0.0000', '0.0000', '0.0000'),
(312, 503, '0.0000', '0.0000', '0.0000'),
(312, 504, '0.0000', '0.0000', '0.0000'),
(312, 508, '0.0000', '0.0000', '0.0000'),
(312, 510, '0.0000', '0.0000', '0.0000'),
(312, 511, '0.0000', '0.0000', '0.0000'),
(312, 513, '0.0000', '0.0000', '0.0000'),
(312, 514, '0.0000', '0.0000', '0.0000'),
(313, 60, '0.0000', '0.0000', '0.0000'),
(313, 501, '0.0000', '0.0000', '0.0000'),
(313, 502, '0.0000', '0.0000', '0.0000'),
(313, 503, '0.0000', '0.0000', '0.0000'),
(313, 504, '0.0000', '0.0000', '0.0000'),
(313, 508, '0.0000', '0.0000', '0.0000'),
(313, 510, '0.0000', '0.0000', '0.0000'),
(313, 511, '0.0000', '0.0000', '0.0000'),
(313, 513, '0.0000', '0.0000', '0.0000'),
(313, 514, '0.0000', '0.0000', '0.0000'),
(314, 60, '0.0000', '0.0000', '0.0000'),
(314, 501, '0.0000', '0.0000', '0.0000'),
(314, 502, '0.0000', '0.0000', '0.0000'),
(314, 503, '0.0000', '0.0000', '0.0000'),
(314, 504, '0.0000', '0.0000', '0.0000'),
(314, 508, '0.0000', '0.0000', '0.0000'),
(314, 510, '0.0000', '0.0000', '0.0000'),
(314, 511, '0.0000', '0.0000', '0.0000'),
(314, 513, '0.0000', '0.0000', '0.0000'),
(314, 514, '0.0000', '0.0000', '0.0000'),
(315, 60, '0.0000', '0.0000', '0.0000'),
(315, 501, '0.0000', '0.0000', '0.0000'),
(315, 502, '0.0000', '0.0000', '0.0000'),
(315, 503, '0.0000', '0.0000', '0.0000'),
(315, 504, '0.0000', '0.0000', '0.0000'),
(315, 508, '0.0000', '0.0000', '0.0000'),
(315, 510, '0.0000', '0.0000', '0.0000'),
(315, 511, '0.0000', '0.0000', '0.0000'),
(315, 513, '0.0000', '0.0000', '0.0000'),
(315, 514, '0.0000', '0.0000', '0.0000'),
(316, 60, '0.0000', '0.0000', '0.0000'),
(316, 501, '0.0000', '0.0000', '0.0000'),
(316, 502, '0.0000', '0.0000', '0.0000'),
(316, 503, '0.0000', '0.0000', '0.0000'),
(316, 504, '0.0000', '0.0000', '0.0000'),
(316, 508, '0.0000', '0.0000', '0.0000'),
(316, 510, '0.0000', '0.0000', '0.0000'),
(316, 511, '0.0000', '0.0000', '0.0000'),
(316, 513, '0.0000', '0.0000', '0.0000'),
(316, 514, '0.0000', '0.0000', '0.0000'),
(317, 60, '0.0000', '0.0000', '0.0000'),
(317, 501, '0.0000', '0.0000', '0.0000'),
(317, 502, '0.0000', '0.0000', '0.0000'),
(317, 503, '0.0000', '0.0000', '0.0000'),
(317, 504, '0.0000', '0.0000', '0.0000'),
(317, 508, '0.0000', '0.0000', '0.0000'),
(317, 510, '0.0000', '0.0000', '0.0000'),
(317, 511, '0.0000', '0.0000', '0.0000'),
(317, 513, '0.0000', '0.0000', '0.0000'),
(317, 514, '0.0000', '0.0000', '0.0000'),
(318, 60, '0.0000', '0.0000', '0.0000'),
(318, 501, '0.0000', '0.0000', '0.0000'),
(318, 502, '0.0000', '0.0000', '0.0000'),
(318, 503, '0.0000', '0.0000', '0.0000'),
(318, 504, '0.0000', '0.0000', '0.0000'),
(318, 508, '0.0000', '0.0000', '0.0000'),
(318, 510, '0.0000', '0.0000', '0.0000'),
(318, 511, '0.0000', '0.0000', '0.0000'),
(318, 513, '0.0000', '0.0000', '0.0000'),
(318, 514, '0.0000', '0.0000', '0.0000'),
(319, 60, '0.0000', '0.0000', '0.0000'),
(319, 501, '0.0000', '0.0000', '0.0000'),
(319, 502, '0.0000', '0.0000', '0.0000'),
(319, 503, '0.0000', '0.0000', '0.0000'),
(319, 504, '0.0000', '0.0000', '0.0000'),
(319, 508, '0.0000', '0.0000', '0.0000'),
(319, 510, '0.0000', '0.0000', '0.0000'),
(319, 511, '0.0000', '0.0000', '0.0000'),
(319, 513, '0.0000', '0.0000', '0.0000'),
(319, 514, '0.0000', '0.0000', '0.0000'),
(320, 60, '0.0000', '0.0000', '0.0000'),
(320, 501, '0.0000', '0.0000', '0.0000'),
(320, 502, '0.0000', '0.0000', '0.0000'),
(320, 503, '0.0000', '0.0000', '0.0000'),
(320, 504, '0.0000', '0.0000', '0.0000'),
(320, 508, '0.0000', '0.0000', '0.0000'),
(320, 510, '0.0000', '0.0000', '0.0000'),
(320, 511, '0.0000', '0.0000', '0.0000'),
(320, 513, '0.0000', '0.0000', '0.0000'),
(320, 514, '0.0000', '0.0000', '0.0000'),
(321, 60, '0.0000', '0.0000', '0.0000'),
(321, 501, '0.0000', '0.0000', '0.0000'),
(321, 502, '0.0000', '0.0000', '0.0000'),
(321, 503, '0.0000', '0.0000', '0.0000'),
(321, 504, '0.0000', '0.0000', '0.0000'),
(321, 508, '0.0000', '0.0000', '0.0000'),
(321, 510, '0.0000', '0.0000', '0.0000'),
(321, 511, '0.0000', '0.0000', '0.0000'),
(321, 513, '0.0000', '0.0000', '0.0000'),
(321, 514, '0.0000', '0.0000', '0.0000'),
(322, 60, '0.0000', '0.0000', '0.0000'),
(322, 501, '0.0000', '0.0000', '0.0000'),
(322, 502, '0.0000', '0.0000', '0.0000'),
(322, 503, '0.0000', '0.0000', '0.0000'),
(322, 504, '0.0000', '0.0000', '0.0000'),
(322, 508, '0.0000', '0.0000', '0.0000'),
(322, 510, '0.0000', '0.0000', '0.0000'),
(322, 511, '0.0000', '0.0000', '0.0000'),
(322, 513, '0.0000', '0.0000', '0.0000'),
(322, 514, '0.0000', '0.0000', '0.0000'),
(323, 60, '0.0000', '0.0000', '0.0000'),
(323, 501, '0.0000', '0.0000', '0.0000'),
(323, 502, '0.0000', '0.0000', '0.0000'),
(323, 503, '0.0000', '0.0000', '0.0000'),
(323, 504, '0.0000', '0.0000', '0.0000'),
(323, 508, '0.0000', '0.0000', '0.0000'),
(323, 510, '0.0000', '0.0000', '0.0000'),
(323, 511, '0.0000', '0.0000', '0.0000'),
(323, 513, '0.0000', '0.0000', '0.0000'),
(323, 514, '0.0000', '0.0000', '0.0000'),
(324, 60, '0.0000', '0.0000', '0.0000'),
(324, 501, '0.0000', '0.0000', '0.0000'),
(324, 502, '0.0000', '0.0000', '0.0000'),
(324, 503, '0.0000', '0.0000', '0.0000'),
(324, 504, '0.0000', '0.0000', '0.0000'),
(324, 508, '0.0000', '0.0000', '0.0000'),
(324, 510, '0.0000', '0.0000', '0.0000'),
(324, 511, '0.0000', '0.0000', '0.0000'),
(324, 513, '0.0000', '0.0000', '0.0000'),
(324, 514, '0.0000', '0.0000', '0.0000'),
(325, 60, '0.0000', '0.0000', '0.0000'),
(325, 501, '0.0000', '0.0000', '0.0000'),
(325, 502, '0.0000', '0.0000', '0.0000'),
(325, 503, '0.0000', '0.0000', '0.0000'),
(325, 504, '0.0000', '0.0000', '0.0000'),
(325, 508, '0.0000', '0.0000', '0.0000'),
(325, 510, '0.0000', '0.0000', '0.0000'),
(325, 511, '0.0000', '0.0000', '0.0000'),
(325, 513, '0.0000', '0.0000', '0.0000'),
(325, 514, '0.0000', '0.0000', '0.0000'),
(326, 60, '0.0000', '0.0000', '0.0000'),
(326, 501, '0.0000', '0.0000', '0.0000'),
(326, 502, '0.0000', '0.0000', '0.0000'),
(326, 503, '0.0000', '0.0000', '0.0000'),
(326, 504, '0.0000', '0.0000', '0.0000'),
(326, 508, '0.0000', '0.0000', '0.0000'),
(326, 510, '0.0000', '0.0000', '0.0000'),
(326, 511, '0.0000', '0.0000', '0.0000'),
(326, 513, '0.0000', '0.0000', '0.0000'),
(326, 514, '0.0000', '0.0000', '0.0000'),
(327, 60, '0.0000', '0.0000', '0.0000'),
(327, 501, '0.0000', '0.0000', '0.0000'),
(327, 502, '0.0000', '0.0000', '0.0000'),
(327, 503, '0.0000', '0.0000', '0.0000'),
(327, 504, '0.0000', '0.0000', '0.0000'),
(327, 508, '0.0000', '0.0000', '0.0000'),
(327, 510, '0.0000', '0.0000', '0.0000'),
(327, 511, '0.0000', '0.0000', '0.0000'),
(327, 513, '0.0000', '0.0000', '0.0000'),
(327, 514, '0.0000', '0.0000', '0.0000'),
(328, 60, '0.0000', '0.0000', '0.0000'),
(328, 501, '0.0000', '0.0000', '0.0000'),
(328, 502, '0.0000', '0.0000', '0.0000'),
(328, 503, '0.0000', '0.0000', '0.0000'),
(328, 504, '0.0000', '0.0000', '0.0000'),
(328, 508, '0.0000', '0.0000', '0.0000'),
(328, 510, '0.0000', '0.0000', '0.0000'),
(328, 511, '0.0000', '0.0000', '0.0000'),
(328, 513, '0.0000', '0.0000', '0.0000'),
(328, 514, '0.0000', '0.0000', '0.0000'),
(329, 60, '0.0000', '0.0000', '0.0000'),
(329, 501, '0.0000', '0.0000', '0.0000'),
(329, 502, '0.0000', '0.0000', '0.0000'),
(329, 503, '0.0000', '0.0000', '0.0000'),
(329, 504, '0.0000', '0.0000', '0.0000'),
(329, 508, '0.0000', '0.0000', '0.0000'),
(329, 510, '0.0000', '0.0000', '0.0000'),
(329, 511, '0.0000', '0.0000', '0.0000'),
(329, 513, '0.0000', '0.0000', '0.0000'),
(329, 514, '0.0000', '0.0000', '0.0000'),
(330, 60, '0.0000', '0.0000', '0.0000'),
(330, 501, '0.0000', '0.0000', '0.0000'),
(330, 502, '0.0000', '0.0000', '0.0000'),
(330, 503, '0.0000', '0.0000', '0.0000'),
(330, 504, '0.0000', '0.0000', '0.0000'),
(330, 508, '0.0000', '0.0000', '0.0000'),
(330, 510, '0.0000', '0.0000', '0.0000'),
(330, 511, '0.0000', '0.0000', '0.0000'),
(330, 513, '0.0000', '0.0000', '0.0000'),
(330, 514, '0.0000', '0.0000', '0.0000'),
(331, 60, '0.0000', '0.0000', '0.0000'),
(331, 501, '0.0000', '0.0000', '0.0000'),
(331, 502, '0.0000', '0.0000', '0.0000'),
(331, 503, '0.0000', '0.0000', '0.0000'),
(331, 504, '0.0000', '0.0000', '0.0000'),
(331, 508, '0.0000', '0.0000', '0.0000'),
(331, 510, '0.0000', '0.0000', '0.0000'),
(331, 511, '0.0000', '0.0000', '0.0000'),
(331, 513, '0.0000', '0.0000', '0.0000'),
(331, 514, '0.0000', '0.0000', '0.0000'),
(332, 60, '0.0000', '0.0000', '0.0000'),
(332, 501, '0.0000', '0.0000', '0.0000'),
(332, 502, '0.0000', '0.0000', '0.0000'),
(332, 503, '0.0000', '0.0000', '0.0000'),
(332, 504, '0.0000', '0.0000', '0.0000'),
(332, 508, '0.0000', '0.0000', '0.0000'),
(332, 510, '0.0000', '0.0000', '0.0000'),
(332, 511, '0.0000', '0.0000', '0.0000'),
(332, 513, '0.0000', '0.0000', '0.0000'),
(332, 514, '0.0000', '0.0000', '0.0000'),
(333, 60, '0.0000', '0.0000', '0.0000'),
(333, 501, '0.0000', '0.0000', '0.0000'),
(333, 502, '0.0000', '0.0000', '0.0000'),
(333, 503, '0.0000', '0.0000', '0.0000'),
(333, 504, '0.0000', '0.0000', '0.0000'),
(333, 508, '0.0000', '0.0000', '0.0000'),
(333, 510, '0.0000', '0.0000', '0.0000'),
(333, 511, '0.0000', '0.0000', '0.0000'),
(333, 513, '0.0000', '0.0000', '0.0000'),
(333, 514, '0.0000', '0.0000', '0.0000'),
(334, 60, '0.0000', '0.0000', '0.0000'),
(334, 501, '0.0000', '0.0000', '0.0000'),
(334, 502, '0.0000', '0.0000', '0.0000'),
(334, 503, '0.0000', '0.0000', '0.0000'),
(334, 504, '0.0000', '0.0000', '0.0000'),
(334, 508, '0.0000', '0.0000', '0.0000'),
(334, 510, '0.0000', '0.0000', '0.0000'),
(334, 511, '0.0000', '0.0000', '0.0000'),
(334, 513, '0.0000', '0.0000', '0.0000'),
(334, 514, '0.0000', '0.0000', '0.0000'),
(335, 60, '0.0000', '0.0000', '0.0000'),
(335, 501, '0.0000', '0.0000', '0.0000'),
(335, 502, '0.0000', '0.0000', '0.0000'),
(335, 503, '0.0000', '0.0000', '0.0000'),
(335, 504, '0.0000', '0.0000', '0.0000'),
(335, 508, '0.0000', '0.0000', '0.0000'),
(335, 510, '0.0000', '0.0000', '0.0000'),
(335, 511, '0.0000', '0.0000', '0.0000'),
(335, 513, '0.0000', '0.0000', '0.0000'),
(335, 514, '0.0000', '0.0000', '0.0000'),
(336, 60, '0.0000', '0.0000', '0.0000'),
(336, 501, '0.0000', '0.0000', '0.0000'),
(336, 502, '0.0000', '0.0000', '0.0000'),
(336, 503, '0.0000', '0.0000', '0.0000'),
(336, 504, '0.0000', '0.0000', '0.0000'),
(336, 508, '0.0000', '0.0000', '0.0000'),
(336, 510, '0.0000', '0.0000', '0.0000'),
(336, 511, '0.0000', '0.0000', '0.0000'),
(336, 513, '0.0000', '0.0000', '0.0000'),
(336, 514, '0.0000', '0.0000', '0.0000'),
(337, 60, '0.0000', '0.0000', '0.0000'),
(337, 501, '0.0000', '0.0000', '0.0000'),
(337, 502, '0.0000', '0.0000', '0.0000'),
(337, 503, '0.0000', '0.0000', '0.0000'),
(337, 504, '0.0000', '0.0000', '0.0000'),
(337, 508, '0.0000', '0.0000', '0.0000'),
(337, 510, '0.0000', '0.0000', '0.0000'),
(337, 511, '0.0000', '0.0000', '0.0000'),
(337, 513, '0.0000', '0.0000', '0.0000'),
(337, 514, '0.0000', '0.0000', '0.0000'),
(338, 60, '0.0000', '0.0000', '0.0000'),
(338, 501, '0.0000', '0.0000', '0.0000'),
(338, 502, '0.0000', '0.0000', '0.0000'),
(338, 503, '0.0000', '0.0000', '0.0000'),
(338, 504, '0.0000', '0.0000', '0.0000'),
(338, 508, '0.0000', '0.0000', '0.0000'),
(338, 510, '0.0000', '0.0000', '0.0000'),
(338, 511, '0.0000', '0.0000', '0.0000'),
(338, 513, '0.0000', '0.0000', '0.0000'),
(338, 514, '0.0000', '0.0000', '0.0000'),
(339, 60, '0.0000', '0.0000', '0.0000'),
(339, 501, '0.0000', '0.0000', '0.0000'),
(339, 502, '0.0000', '0.0000', '0.0000'),
(339, 503, '0.0000', '0.0000', '0.0000'),
(339, 504, '0.0000', '0.0000', '0.0000'),
(339, 508, '0.0000', '0.0000', '0.0000'),
(339, 510, '0.0000', '0.0000', '0.0000'),
(339, 511, '0.0000', '0.0000', '0.0000'),
(339, 513, '0.0000', '0.0000', '0.0000'),
(339, 514, '0.0000', '0.0000', '0.0000'),
(340, 60, '0.0000', '0.0000', '0.0000'),
(340, 501, '0.0000', '0.0000', '0.0000'),
(340, 502, '0.0000', '0.0000', '0.0000'),
(340, 503, '0.0000', '0.0000', '0.0000'),
(340, 504, '0.0000', '0.0000', '0.0000'),
(340, 508, '0.0000', '0.0000', '0.0000'),
(340, 510, '0.0000', '0.0000', '0.0000'),
(340, 511, '0.0000', '0.0000', '0.0000'),
(340, 513, '0.0000', '0.0000', '0.0000'),
(340, 514, '0.0000', '0.0000', '0.0000'),
(341, 60, '0.0000', '0.0000', '0.0000'),
(341, 501, '0.0000', '0.0000', '0.0000'),
(341, 502, '0.0000', '0.0000', '0.0000'),
(341, 503, '0.0000', '0.0000', '0.0000'),
(341, 504, '0.0000', '0.0000', '0.0000'),
(341, 508, '0.0000', '0.0000', '0.0000'),
(341, 510, '0.0000', '0.0000', '0.0000'),
(341, 511, '0.0000', '0.0000', '0.0000'),
(341, 513, '0.0000', '0.0000', '0.0000'),
(341, 514, '0.0000', '0.0000', '0.0000'),
(342, 60, '0.0000', '0.0000', '0.0000'),
(342, 501, '0.0000', '0.0000', '0.0000'),
(342, 502, '0.0000', '0.0000', '0.0000'),
(342, 503, '0.0000', '0.0000', '0.0000'),
(342, 504, '0.0000', '0.0000', '0.0000'),
(342, 508, '0.0000', '0.0000', '0.0000'),
(342, 510, '0.0000', '0.0000', '0.0000'),
(342, 511, '0.0000', '0.0000', '0.0000'),
(342, 513, '0.0000', '0.0000', '0.0000'),
(342, 514, '0.0000', '0.0000', '0.0000'),
(343, 60, '0.0000', '0.0000', '0.0000'),
(343, 501, '0.0000', '0.0000', '0.0000'),
(343, 502, '0.0000', '0.0000', '0.0000'),
(343, 503, '0.0000', '0.0000', '0.0000'),
(343, 504, '0.0000', '0.0000', '0.0000'),
(343, 508, '0.0000', '0.0000', '0.0000'),
(343, 510, '0.0000', '0.0000', '0.0000'),
(343, 511, '0.0000', '0.0000', '0.0000'),
(343, 513, '0.0000', '0.0000', '0.0000'),
(343, 514, '0.0000', '0.0000', '0.0000'),
(344, 60, '0.0000', '0.0000', '0.0000'),
(344, 501, '0.0000', '0.0000', '0.0000'),
(344, 502, '0.0000', '0.0000', '0.0000'),
(344, 503, '0.0000', '0.0000', '0.0000'),
(344, 504, '0.0000', '0.0000', '0.0000'),
(344, 508, '0.0000', '0.0000', '0.0000'),
(344, 510, '0.0000', '0.0000', '0.0000'),
(344, 511, '0.0000', '0.0000', '0.0000'),
(344, 513, '0.0000', '0.0000', '0.0000'),
(344, 514, '0.0000', '0.0000', '0.0000'),
(345, 60, '0.0000', '0.0000', '0.0000'),
(345, 501, '0.0000', '0.0000', '0.0000'),
(345, 502, '0.0000', '0.0000', '0.0000'),
(345, 503, '0.0000', '0.0000', '0.0000'),
(345, 504, '0.0000', '0.0000', '0.0000'),
(345, 508, '0.0000', '0.0000', '0.0000'),
(345, 510, '0.0000', '0.0000', '0.0000'),
(345, 511, '0.0000', '0.0000', '0.0000'),
(345, 513, '0.0000', '0.0000', '0.0000'),
(345, 514, '0.0000', '0.0000', '0.0000'),
(346, 60, '0.0000', '0.0000', '0.0000'),
(346, 501, '0.0000', '0.0000', '0.0000'),
(346, 502, '0.0000', '0.0000', '0.0000'),
(346, 503, '0.0000', '0.0000', '0.0000'),
(346, 504, '0.0000', '0.0000', '0.0000'),
(346, 508, '0.0000', '0.0000', '0.0000'),
(346, 510, '0.0000', '0.0000', '0.0000'),
(346, 511, '0.0000', '0.0000', '0.0000'),
(346, 513, '0.0000', '0.0000', '0.0000'),
(346, 514, '0.0000', '0.0000', '0.0000'),
(347, 60, '0.0000', '0.0000', '0.0000'),
(347, 501, '0.0000', '0.0000', '0.0000'),
(347, 502, '0.0000', '0.0000', '0.0000'),
(347, 503, '0.0000', '0.0000', '0.0000'),
(347, 504, '0.0000', '0.0000', '0.0000'),
(347, 508, '0.0000', '0.0000', '0.0000'),
(347, 510, '0.0000', '0.0000', '0.0000'),
(347, 511, '0.0000', '0.0000', '0.0000'),
(347, 513, '0.0000', '0.0000', '0.0000'),
(347, 514, '0.0000', '0.0000', '0.0000'),
(348, 60, '0.0000', '0.0000', '0.0000'),
(348, 501, '0.0000', '0.0000', '0.0000'),
(348, 502, '0.0000', '0.0000', '0.0000'),
(348, 503, '0.0000', '0.0000', '0.0000'),
(348, 504, '0.0000', '0.0000', '0.0000'),
(348, 508, '0.0000', '0.0000', '0.0000'),
(348, 510, '0.0000', '0.0000', '0.0000'),
(348, 511, '0.0000', '0.0000', '0.0000'),
(348, 513, '0.0000', '0.0000', '0.0000'),
(348, 514, '0.0000', '0.0000', '0.0000'),
(349, 60, '0.0000', '0.0000', '0.0000'),
(349, 501, '0.0000', '0.0000', '0.0000'),
(349, 502, '0.0000', '0.0000', '0.0000'),
(349, 503, '0.0000', '0.0000', '0.0000'),
(349, 504, '0.0000', '0.0000', '0.0000'),
(349, 508, '0.0000', '0.0000', '0.0000'),
(349, 510, '0.0000', '0.0000', '0.0000'),
(349, 511, '0.0000', '0.0000', '0.0000'),
(349, 513, '0.0000', '0.0000', '0.0000'),
(349, 514, '0.0000', '0.0000', '0.0000'),
(350, 60, '0.0000', '0.0000', '0.0000'),
(350, 501, '0.0000', '0.0000', '0.0000'),
(350, 502, '0.0000', '0.0000', '0.0000'),
(350, 503, '0.0000', '0.0000', '0.0000'),
(350, 504, '0.0000', '0.0000', '0.0000'),
(350, 508, '0.0000', '0.0000', '0.0000'),
(350, 510, '0.0000', '0.0000', '0.0000'),
(350, 511, '0.0000', '0.0000', '0.0000'),
(350, 513, '0.0000', '0.0000', '0.0000'),
(350, 514, '0.0000', '0.0000', '0.0000'),
(351, 60, '0.0000', '0.0000', '0.0000'),
(351, 501, '0.0000', '0.0000', '0.0000'),
(351, 502, '0.0000', '0.0000', '0.0000'),
(351, 503, '0.0000', '0.0000', '0.0000'),
(351, 504, '0.0000', '0.0000', '0.0000'),
(351, 508, '0.0000', '0.0000', '0.0000'),
(351, 510, '0.0000', '0.0000', '0.0000'),
(351, 511, '0.0000', '0.0000', '0.0000'),
(351, 513, '0.0000', '0.0000', '0.0000'),
(351, 514, '0.0000', '0.0000', '0.0000'),
(352, 60, '0.0000', '0.0000', '0.0000'),
(352, 501, '0.0000', '0.0000', '0.0000'),
(352, 502, '0.0000', '0.0000', '0.0000'),
(352, 503, '0.0000', '0.0000', '0.0000'),
(352, 504, '0.0000', '0.0000', '0.0000'),
(352, 508, '0.0000', '0.0000', '0.0000'),
(352, 510, '0.0000', '0.0000', '0.0000'),
(352, 511, '0.0000', '0.0000', '0.0000'),
(352, 513, '0.0000', '0.0000', '0.0000'),
(352, 514, '0.0000', '0.0000', '0.0000'),
(353, 60, '0.0000', '0.0000', '0.0000'),
(353, 501, '0.0000', '0.0000', '0.0000'),
(353, 502, '0.0000', '0.0000', '0.0000'),
(353, 503, '0.0000', '0.0000', '0.0000'),
(353, 504, '0.0000', '0.0000', '0.0000'),
(353, 508, '0.0000', '0.0000', '0.0000'),
(353, 510, '0.0000', '0.0000', '0.0000'),
(353, 511, '0.0000', '0.0000', '0.0000'),
(353, 513, '0.0000', '0.0000', '0.0000'),
(353, 514, '0.0000', '0.0000', '0.0000'),
(354, 60, '0.0000', '0.0000', '0.0000'),
(354, 501, '0.0000', '0.0000', '0.0000'),
(354, 502, '0.0000', '0.0000', '0.0000'),
(354, 503, '0.0000', '0.0000', '0.0000'),
(354, 504, '0.0000', '0.0000', '0.0000'),
(354, 508, '0.0000', '0.0000', '0.0000'),
(354, 510, '0.0000', '0.0000', '0.0000'),
(354, 511, '0.0000', '0.0000', '0.0000'),
(354, 513, '0.0000', '0.0000', '0.0000'),
(354, 514, '0.0000', '0.0000', '0.0000'),
(355, 60, '0.0000', '0.0000', '0.0000'),
(355, 501, '0.0000', '0.0000', '0.0000'),
(355, 502, '0.0000', '0.0000', '0.0000'),
(355, 503, '0.0000', '0.0000', '0.0000'),
(355, 504, '0.0000', '0.0000', '0.0000'),
(355, 508, '0.0000', '0.0000', '0.0000'),
(355, 510, '0.0000', '0.0000', '0.0000'),
(355, 511, '0.0000', '0.0000', '0.0000'),
(355, 513, '0.0000', '0.0000', '0.0000'),
(355, 514, '0.0000', '0.0000', '0.0000'),
(356, 60, '0.0000', '0.0000', '0.0000'),
(356, 501, '0.0000', '0.0000', '0.0000'),
(356, 502, '0.0000', '0.0000', '0.0000'),
(356, 503, '0.0000', '0.0000', '0.0000'),
(356, 504, '0.0000', '0.0000', '0.0000'),
(356, 508, '0.0000', '0.0000', '0.0000'),
(356, 510, '0.0000', '0.0000', '0.0000'),
(356, 511, '0.0000', '0.0000', '0.0000'),
(356, 513, '0.0000', '0.0000', '0.0000'),
(356, 514, '0.0000', '0.0000', '0.0000'),
(357, 60, '0.0000', '0.0000', '0.0000'),
(357, 501, '0.0000', '0.0000', '0.0000'),
(357, 502, '0.0000', '0.0000', '0.0000'),
(357, 503, '0.0000', '0.0000', '0.0000'),
(357, 504, '0.0000', '0.0000', '0.0000'),
(357, 508, '0.0000', '0.0000', '0.0000'),
(357, 510, '0.0000', '0.0000', '0.0000'),
(357, 511, '0.0000', '0.0000', '0.0000'),
(357, 513, '0.0000', '0.0000', '0.0000'),
(357, 514, '0.0000', '0.0000', '0.0000'),
(358, 60, '0.0000', '0.0000', '0.0000'),
(358, 501, '0.0000', '0.0000', '0.0000'),
(358, 502, '0.0000', '0.0000', '0.0000'),
(358, 503, '0.0000', '0.0000', '0.0000'),
(358, 504, '0.0000', '0.0000', '0.0000'),
(358, 508, '0.0000', '0.0000', '0.0000'),
(358, 510, '0.0000', '0.0000', '0.0000'),
(358, 511, '0.0000', '0.0000', '0.0000'),
(358, 513, '0.0000', '0.0000', '0.0000'),
(358, 514, '0.0000', '0.0000', '0.0000'),
(359, 60, '0.0000', '0.0000', '0.0000'),
(359, 501, '0.0000', '0.0000', '0.0000'),
(359, 502, '0.0000', '0.0000', '0.0000'),
(359, 503, '0.0000', '0.0000', '0.0000'),
(359, 504, '0.0000', '0.0000', '0.0000'),
(359, 508, '0.0000', '0.0000', '0.0000'),
(359, 510, '0.0000', '0.0000', '0.0000'),
(359, 511, '0.0000', '0.0000', '0.0000'),
(359, 513, '0.0000', '0.0000', '0.0000'),
(359, 514, '0.0000', '0.0000', '0.0000'),
(360, 60, '0.0000', '0.0000', '0.0000'),
(360, 501, '0.0000', '0.0000', '0.0000'),
(360, 502, '0.0000', '0.0000', '0.0000'),
(360, 503, '0.0000', '0.0000', '0.0000'),
(360, 504, '0.0000', '0.0000', '0.0000'),
(360, 508, '0.0000', '0.0000', '0.0000'),
(360, 510, '0.0000', '0.0000', '0.0000'),
(360, 511, '0.0000', '0.0000', '0.0000'),
(360, 513, '0.0000', '0.0000', '0.0000'),
(360, 514, '0.0000', '0.0000', '0.0000'),
(361, 60, '0.0000', '0.0000', '0.0000'),
(361, 501, '0.0000', '0.0000', '0.0000'),
(361, 502, '0.0000', '0.0000', '0.0000'),
(361, 503, '0.0000', '0.0000', '0.0000'),
(361, 504, '0.0000', '0.0000', '0.0000'),
(361, 508, '0.0000', '0.0000', '0.0000'),
(361, 510, '0.0000', '0.0000', '0.0000'),
(361, 511, '0.0000', '0.0000', '0.0000'),
(361, 513, '0.0000', '0.0000', '0.0000'),
(361, 514, '0.0000', '0.0000', '0.0000'),
(362, 60, '0.0000', '0.0000', '0.0000'),
(362, 501, '0.0000', '0.0000', '0.0000'),
(362, 502, '0.0000', '0.0000', '0.0000'),
(362, 503, '0.0000', '0.0000', '0.0000'),
(362, 504, '0.0000', '0.0000', '0.0000'),
(362, 508, '0.0000', '0.0000', '0.0000'),
(362, 510, '0.0000', '0.0000', '0.0000'),
(362, 511, '0.0000', '0.0000', '0.0000'),
(362, 513, '0.0000', '0.0000', '0.0000'),
(362, 514, '0.0000', '0.0000', '0.0000'),
(363, 60, '0.0000', '0.0000', '0.0000'),
(363, 501, '0.0000', '0.0000', '0.0000'),
(363, 502, '0.0000', '0.0000', '0.0000'),
(363, 503, '0.0000', '0.0000', '0.0000'),
(363, 504, '0.0000', '0.0000', '0.0000'),
(363, 508, '0.0000', '0.0000', '0.0000'),
(363, 510, '0.0000', '0.0000', '0.0000'),
(363, 511, '0.0000', '0.0000', '0.0000'),
(363, 513, '0.0000', '0.0000', '0.0000'),
(363, 514, '0.0000', '0.0000', '0.0000'),
(364, 60, '0.0000', '0.0000', '0.0000'),
(364, 501, '0.0000', '0.0000', '0.0000'),
(364, 502, '0.0000', '0.0000', '0.0000'),
(364, 503, '0.0000', '0.0000', '0.0000'),
(364, 504, '0.0000', '0.0000', '0.0000'),
(364, 508, '0.0000', '0.0000', '0.0000'),
(364, 510, '0.0000', '0.0000', '0.0000'),
(364, 511, '0.0000', '0.0000', '0.0000'),
(364, 513, '0.0000', '0.0000', '0.0000'),
(364, 514, '0.0000', '0.0000', '0.0000'),
(365, 60, '0.0000', '0.0000', '0.0000'),
(365, 501, '0.0000', '0.0000', '0.0000'),
(365, 502, '0.0000', '0.0000', '0.0000'),
(365, 503, '0.0000', '0.0000', '0.0000'),
(365, 504, '0.0000', '0.0000', '0.0000'),
(365, 508, '0.0000', '0.0000', '0.0000'),
(365, 510, '0.0000', '0.0000', '0.0000'),
(365, 511, '0.0000', '0.0000', '0.0000'),
(365, 513, '0.0000', '0.0000', '0.0000'),
(365, 514, '0.0000', '0.0000', '0.0000'),
(366, 60, '0.0000', '0.0000', '0.0000'),
(366, 501, '0.0000', '0.0000', '0.0000'),
(366, 502, '0.0000', '0.0000', '0.0000'),
(366, 503, '0.0000', '0.0000', '0.0000'),
(366, 504, '0.0000', '0.0000', '0.0000'),
(366, 508, '0.0000', '0.0000', '0.0000'),
(366, 510, '0.0000', '0.0000', '0.0000'),
(366, 511, '0.0000', '0.0000', '0.0000'),
(366, 513, '0.0000', '0.0000', '0.0000'),
(366, 514, '0.0000', '0.0000', '0.0000'),
(367, 60, '0.0000', '0.0000', '0.0000'),
(367, 501, '0.0000', '0.0000', '0.0000'),
(367, 502, '0.0000', '0.0000', '0.0000'),
(367, 503, '0.0000', '0.0000', '0.0000'),
(367, 504, '0.0000', '0.0000', '0.0000'),
(367, 508, '0.0000', '0.0000', '0.0000'),
(367, 510, '0.0000', '0.0000', '0.0000'),
(367, 511, '0.0000', '0.0000', '0.0000'),
(367, 513, '0.0000', '0.0000', '0.0000'),
(367, 514, '0.0000', '0.0000', '0.0000'),
(368, 60, '0.0000', '0.0000', '0.0000'),
(368, 501, '0.0000', '0.0000', '0.0000'),
(368, 502, '0.0000', '0.0000', '0.0000'),
(368, 503, '0.0000', '0.0000', '0.0000'),
(368, 504, '0.0000', '0.0000', '0.0000'),
(368, 508, '0.0000', '0.0000', '0.0000'),
(368, 510, '0.0000', '0.0000', '0.0000'),
(368, 511, '0.0000', '0.0000', '0.0000'),
(368, 513, '0.0000', '0.0000', '0.0000'),
(368, 514, '0.0000', '0.0000', '0.0000'),
(369, 60, '0.0000', '0.0000', '0.0000'),
(369, 501, '0.0000', '0.0000', '0.0000'),
(369, 502, '0.0000', '0.0000', '0.0000'),
(369, 503, '0.0000', '0.0000', '0.0000'),
(369, 504, '0.0000', '0.0000', '0.0000'),
(369, 508, '0.0000', '0.0000', '0.0000'),
(369, 510, '0.0000', '0.0000', '0.0000'),
(369, 511, '0.0000', '0.0000', '0.0000'),
(369, 513, '0.0000', '0.0000', '0.0000'),
(369, 514, '0.0000', '0.0000', '0.0000'),
(370, 60, '0.0000', '0.0000', '0.0000'),
(370, 501, '0.0000', '0.0000', '0.0000'),
(370, 502, '0.0000', '0.0000', '0.0000'),
(370, 503, '0.0000', '0.0000', '0.0000'),
(370, 504, '0.0000', '0.0000', '0.0000'),
(370, 508, '0.0000', '0.0000', '0.0000'),
(370, 510, '0.0000', '0.0000', '0.0000'),
(370, 511, '0.0000', '0.0000', '0.0000'),
(370, 513, '0.0000', '0.0000', '0.0000'),
(370, 514, '0.0000', '0.0000', '0.0000'),
(371, 60, '0.0000', '0.0000', '0.0000'),
(371, 501, '0.0000', '0.0000', '0.0000'),
(371, 502, '0.0000', '0.0000', '0.0000'),
(371, 503, '0.0000', '0.0000', '0.0000'),
(371, 504, '0.0000', '0.0000', '0.0000'),
(371, 508, '0.0000', '0.0000', '0.0000'),
(371, 510, '0.0000', '0.0000', '0.0000'),
(371, 511, '0.0000', '0.0000', '0.0000'),
(371, 513, '0.0000', '0.0000', '0.0000'),
(371, 514, '0.0000', '0.0000', '0.0000'),
(372, 60, '0.0000', '0.0000', '0.0000'),
(372, 501, '0.0000', '0.0000', '0.0000'),
(372, 502, '0.0000', '0.0000', '0.0000'),
(372, 503, '0.0000', '0.0000', '0.0000'),
(372, 504, '0.0000', '0.0000', '0.0000'),
(372, 508, '0.0000', '0.0000', '0.0000'),
(372, 510, '0.0000', '0.0000', '0.0000'),
(372, 511, '0.0000', '0.0000', '0.0000'),
(372, 513, '0.0000', '0.0000', '0.0000'),
(372, 514, '0.0000', '0.0000', '0.0000'),
(373, 60, '0.0000', '0.0000', '0.0000'),
(373, 501, '0.0000', '0.0000', '0.0000'),
(373, 502, '0.0000', '0.0000', '0.0000'),
(373, 503, '0.0000', '0.0000', '0.0000'),
(373, 504, '0.0000', '0.0000', '0.0000'),
(373, 508, '0.0000', '0.0000', '0.0000'),
(373, 510, '0.0000', '0.0000', '0.0000'),
(373, 511, '0.0000', '0.0000', '0.0000'),
(373, 513, '0.0000', '0.0000', '0.0000'),
(373, 514, '0.0000', '0.0000', '0.0000'),
(374, 60, '0.0000', '0.0000', '0.0000'),
(374, 501, '0.0000', '0.0000', '0.0000'),
(374, 502, '0.0000', '0.0000', '0.0000'),
(374, 503, '0.0000', '0.0000', '0.0000'),
(374, 504, '0.0000', '0.0000', '0.0000'),
(374, 508, '0.0000', '0.0000', '0.0000'),
(374, 510, '0.0000', '0.0000', '0.0000'),
(374, 511, '0.0000', '0.0000', '0.0000'),
(374, 513, '0.0000', '0.0000', '0.0000'),
(374, 514, '0.0000', '0.0000', '0.0000'),
(375, 60, '0.0000', '0.0000', '0.0000'),
(375, 501, '0.0000', '0.0000', '0.0000'),
(375, 502, '0.0000', '0.0000', '0.0000'),
(375, 503, '0.0000', '0.0000', '0.0000'),
(375, 504, '0.0000', '0.0000', '0.0000'),
(375, 508, '0.0000', '0.0000', '0.0000'),
(375, 510, '0.0000', '0.0000', '0.0000'),
(375, 511, '0.0000', '0.0000', '0.0000'),
(375, 513, '0.0000', '0.0000', '0.0000'),
(375, 514, '0.0000', '0.0000', '0.0000'),
(376, 60, '0.0000', '0.0000', '0.0000');
INSERT INTO `producto_has_unidad_negocio` (`producto_id`, `unidad_negocio_id`, `stock_venta`, `stock_minimo`, `stock_maximo`) VALUES
(376, 501, '0.0000', '0.0000', '0.0000'),
(376, 502, '0.0000', '0.0000', '0.0000'),
(376, 503, '0.0000', '0.0000', '0.0000'),
(376, 504, '0.0000', '0.0000', '0.0000'),
(376, 508, '0.0000', '0.0000', '0.0000'),
(376, 510, '0.0000', '0.0000', '0.0000'),
(376, 511, '0.0000', '0.0000', '0.0000'),
(376, 513, '0.0000', '0.0000', '0.0000'),
(376, 514, '0.0000', '0.0000', '0.0000'),
(377, 60, '0.0000', '0.0000', '0.0000'),
(377, 501, '0.0000', '0.0000', '0.0000'),
(377, 502, '0.0000', '0.0000', '0.0000'),
(377, 503, '0.0000', '0.0000', '0.0000'),
(377, 504, '0.0000', '0.0000', '0.0000'),
(377, 508, '0.0000', '0.0000', '0.0000'),
(377, 510, '0.0000', '0.0000', '0.0000'),
(377, 511, '0.0000', '0.0000', '0.0000'),
(377, 513, '0.0000', '0.0000', '0.0000'),
(377, 514, '0.0000', '0.0000', '0.0000'),
(378, 60, '0.0000', '0.0000', '0.0000'),
(378, 501, '0.0000', '0.0000', '0.0000'),
(378, 502, '0.0000', '0.0000', '0.0000'),
(378, 503, '0.0000', '0.0000', '0.0000'),
(378, 504, '0.0000', '0.0000', '0.0000'),
(378, 508, '0.0000', '0.0000', '0.0000'),
(378, 510, '0.0000', '0.0000', '0.0000'),
(378, 511, '0.0000', '0.0000', '0.0000'),
(378, 513, '0.0000', '0.0000', '0.0000'),
(378, 514, '0.0000', '0.0000', '0.0000'),
(379, 60, '0.0000', '0.0000', '0.0000'),
(379, 501, '0.0000', '0.0000', '0.0000'),
(379, 502, '0.0000', '0.0000', '0.0000'),
(379, 503, '0.0000', '0.0000', '0.0000'),
(379, 504, '0.0000', '0.0000', '0.0000'),
(379, 508, '0.0000', '0.0000', '0.0000'),
(379, 510, '0.0000', '0.0000', '0.0000'),
(379, 511, '0.0000', '0.0000', '0.0000'),
(379, 513, '0.0000', '0.0000', '0.0000'),
(379, 514, '0.0000', '0.0000', '0.0000'),
(380, 60, '0.0000', '0.0000', '0.0000'),
(380, 501, '0.0000', '0.0000', '0.0000'),
(380, 502, '0.0000', '0.0000', '0.0000'),
(380, 503, '0.0000', '0.0000', '0.0000'),
(380, 504, '0.0000', '0.0000', '0.0000'),
(380, 508, '0.0000', '0.0000', '0.0000'),
(380, 510, '0.0000', '0.0000', '0.0000'),
(380, 511, '0.0000', '0.0000', '0.0000'),
(380, 513, '0.0000', '0.0000', '0.0000'),
(380, 514, '0.0000', '0.0000', '0.0000'),
(381, 60, '0.0000', '0.0000', '0.0000'),
(381, 501, '0.0000', '0.0000', '0.0000'),
(381, 502, '0.0000', '0.0000', '0.0000'),
(381, 503, '0.0000', '0.0000', '0.0000'),
(381, 504, '0.0000', '0.0000', '0.0000'),
(381, 508, '0.0000', '0.0000', '0.0000'),
(381, 510, '0.0000', '0.0000', '0.0000'),
(381, 511, '0.0000', '0.0000', '0.0000'),
(381, 513, '0.0000', '0.0000', '0.0000'),
(381, 514, '0.0000', '0.0000', '0.0000'),
(382, 60, '0.0000', '0.0000', '0.0000'),
(382, 501, '0.0000', '0.0000', '0.0000'),
(382, 502, '0.0000', '0.0000', '0.0000'),
(382, 503, '0.0000', '0.0000', '0.0000'),
(382, 504, '0.0000', '0.0000', '0.0000'),
(382, 508, '0.0000', '0.0000', '0.0000'),
(382, 510, '0.0000', '0.0000', '0.0000'),
(382, 511, '0.0000', '0.0000', '0.0000'),
(382, 513, '0.0000', '0.0000', '0.0000'),
(382, 514, '0.0000', '0.0000', '0.0000'),
(383, 60, '0.0000', '0.0000', '0.0000'),
(383, 501, '0.0000', '0.0000', '0.0000'),
(383, 502, '0.0000', '0.0000', '0.0000'),
(383, 503, '0.0000', '0.0000', '0.0000'),
(383, 504, '0.0000', '0.0000', '0.0000'),
(383, 508, '0.0000', '0.0000', '0.0000'),
(383, 510, '0.0000', '0.0000', '0.0000'),
(383, 511, '0.0000', '0.0000', '0.0000'),
(383, 513, '0.0000', '0.0000', '0.0000'),
(383, 514, '0.0000', '0.0000', '0.0000'),
(384, 60, '0.0000', '0.0000', '0.0000'),
(384, 501, '0.0000', '0.0000', '0.0000'),
(384, 502, '0.0000', '0.0000', '0.0000'),
(384, 503, '0.0000', '0.0000', '0.0000'),
(384, 504, '0.0000', '0.0000', '0.0000'),
(384, 508, '0.0000', '0.0000', '0.0000'),
(384, 510, '0.0000', '0.0000', '0.0000'),
(384, 511, '0.0000', '0.0000', '0.0000'),
(384, 513, '0.0000', '0.0000', '0.0000'),
(384, 514, '0.0000', '0.0000', '0.0000'),
(385, 60, '0.0000', '0.0000', '0.0000'),
(385, 501, '0.0000', '0.0000', '0.0000'),
(385, 502, '0.0000', '0.0000', '0.0000'),
(385, 503, '0.0000', '0.0000', '0.0000'),
(385, 504, '0.0000', '0.0000', '0.0000'),
(385, 508, '0.0000', '0.0000', '0.0000'),
(385, 510, '0.0000', '0.0000', '0.0000'),
(385, 511, '0.0000', '0.0000', '0.0000'),
(385, 513, '0.0000', '0.0000', '0.0000'),
(385, 514, '0.0000', '0.0000', '0.0000'),
(386, 60, '0.0000', '0.0000', '0.0000'),
(386, 501, '0.0000', '0.0000', '0.0000'),
(386, 502, '0.0000', '0.0000', '0.0000'),
(386, 503, '0.0000', '0.0000', '0.0000'),
(386, 504, '0.0000', '0.0000', '0.0000'),
(386, 508, '0.0000', '0.0000', '0.0000'),
(386, 510, '0.0000', '0.0000', '0.0000'),
(386, 511, '0.0000', '0.0000', '0.0000'),
(386, 513, '0.0000', '0.0000', '0.0000'),
(386, 514, '0.0000', '0.0000', '0.0000'),
(387, 60, '0.0000', '0.0000', '0.0000'),
(387, 501, '0.0000', '0.0000', '0.0000'),
(387, 502, '0.0000', '0.0000', '0.0000'),
(387, 503, '0.0000', '0.0000', '0.0000'),
(387, 504, '0.0000', '0.0000', '0.0000'),
(387, 508, '0.0000', '0.0000', '0.0000'),
(387, 510, '0.0000', '0.0000', '0.0000'),
(387, 511, '0.0000', '0.0000', '0.0000'),
(387, 513, '0.0000', '0.0000', '0.0000'),
(387, 514, '0.0000', '0.0000', '0.0000'),
(388, 60, '0.0000', '0.0000', '0.0000'),
(388, 501, '0.0000', '0.0000', '0.0000'),
(388, 502, '0.0000', '0.0000', '0.0000'),
(388, 503, '0.0000', '0.0000', '0.0000'),
(388, 504, '0.0000', '0.0000', '0.0000'),
(388, 508, '0.0000', '0.0000', '0.0000'),
(388, 510, '0.0000', '0.0000', '0.0000'),
(388, 511, '0.0000', '0.0000', '0.0000'),
(388, 513, '0.0000', '0.0000', '0.0000'),
(388, 514, '0.0000', '0.0000', '0.0000'),
(389, 60, '0.0000', '0.0000', '0.0000'),
(389, 501, '0.0000', '0.0000', '0.0000'),
(389, 502, '0.0000', '0.0000', '0.0000'),
(389, 503, '0.0000', '0.0000', '0.0000'),
(389, 504, '0.0000', '0.0000', '0.0000'),
(389, 508, '0.0000', '0.0000', '0.0000'),
(389, 510, '0.0000', '0.0000', '0.0000'),
(389, 511, '0.0000', '0.0000', '0.0000'),
(389, 513, '0.0000', '0.0000', '0.0000'),
(389, 514, '0.0000', '0.0000', '0.0000'),
(390, 60, '0.0000', '0.0000', '0.0000'),
(390, 501, '0.0000', '0.0000', '0.0000'),
(390, 502, '0.0000', '0.0000', '0.0000'),
(390, 503, '0.0000', '0.0000', '0.0000'),
(390, 504, '0.0000', '0.0000', '0.0000'),
(390, 508, '0.0000', '0.0000', '0.0000'),
(390, 510, '0.0000', '0.0000', '0.0000'),
(390, 511, '0.0000', '0.0000', '0.0000'),
(390, 513, '0.0000', '0.0000', '0.0000'),
(390, 514, '0.0000', '0.0000', '0.0000'),
(391, 60, '0.0000', '0.0000', '0.0000'),
(391, 501, '0.0000', '0.0000', '0.0000'),
(391, 502, '0.0000', '0.0000', '0.0000'),
(391, 503, '0.0000', '0.0000', '0.0000'),
(391, 504, '0.0000', '0.0000', '0.0000'),
(391, 508, '0.0000', '0.0000', '0.0000'),
(391, 510, '0.0000', '0.0000', '0.0000'),
(391, 511, '0.0000', '0.0000', '0.0000'),
(391, 513, '0.0000', '0.0000', '0.0000'),
(391, 514, '0.0000', '0.0000', '0.0000'),
(392, 60, '0.0000', '0.0000', '0.0000'),
(392, 501, '0.0000', '0.0000', '0.0000'),
(392, 502, '0.0000', '0.0000', '0.0000'),
(392, 503, '0.0000', '0.0000', '0.0000'),
(392, 504, '0.0000', '0.0000', '0.0000'),
(392, 508, '0.0000', '0.0000', '0.0000'),
(392, 510, '0.0000', '0.0000', '0.0000'),
(392, 511, '0.0000', '0.0000', '0.0000'),
(392, 513, '0.0000', '0.0000', '0.0000'),
(392, 514, '0.0000', '0.0000', '0.0000'),
(393, 60, '0.0000', '0.0000', '0.0000'),
(393, 501, '0.0000', '0.0000', '0.0000'),
(393, 502, '0.0000', '0.0000', '0.0000'),
(393, 503, '0.0000', '0.0000', '0.0000'),
(393, 504, '0.0000', '0.0000', '0.0000'),
(393, 508, '0.0000', '0.0000', '0.0000'),
(393, 510, '0.0000', '0.0000', '0.0000'),
(393, 511, '0.0000', '0.0000', '0.0000'),
(393, 513, '0.0000', '0.0000', '0.0000'),
(393, 514, '0.0000', '0.0000', '0.0000'),
(394, 60, '0.0000', '0.0000', '0.0000'),
(394, 501, '0.0000', '0.0000', '0.0000'),
(394, 502, '0.0000', '0.0000', '0.0000'),
(394, 503, '0.0000', '0.0000', '0.0000'),
(394, 504, '0.0000', '0.0000', '0.0000'),
(394, 508, '0.0000', '0.0000', '0.0000'),
(394, 510, '0.0000', '0.0000', '0.0000'),
(394, 511, '0.0000', '0.0000', '0.0000'),
(394, 513, '0.0000', '0.0000', '0.0000'),
(394, 514, '0.0000', '0.0000', '0.0000'),
(395, 60, '0.0000', '0.0000', '0.0000'),
(395, 501, '0.0000', '0.0000', '0.0000'),
(395, 502, '0.0000', '0.0000', '0.0000'),
(395, 503, '0.0000', '0.0000', '0.0000'),
(395, 504, '0.0000', '0.0000', '0.0000'),
(395, 508, '0.0000', '0.0000', '0.0000'),
(395, 510, '0.0000', '0.0000', '0.0000'),
(395, 511, '0.0000', '0.0000', '0.0000'),
(395, 513, '0.0000', '0.0000', '0.0000'),
(395, 514, '0.0000', '0.0000', '0.0000'),
(396, 60, '0.0000', '0.0000', '0.0000'),
(396, 501, '0.0000', '0.0000', '0.0000'),
(396, 502, '0.0000', '0.0000', '0.0000'),
(396, 503, '0.0000', '0.0000', '0.0000'),
(396, 504, '0.0000', '0.0000', '0.0000'),
(396, 508, '0.0000', '0.0000', '0.0000'),
(396, 510, '0.0000', '0.0000', '0.0000'),
(396, 511, '0.0000', '0.0000', '0.0000'),
(396, 513, '0.0000', '0.0000', '0.0000'),
(396, 514, '0.0000', '0.0000', '0.0000'),
(397, 60, '0.0000', '0.0000', '0.0000'),
(397, 501, '0.0000', '0.0000', '0.0000'),
(397, 502, '0.0000', '0.0000', '0.0000'),
(397, 503, '0.0000', '0.0000', '0.0000'),
(397, 504, '0.0000', '0.0000', '0.0000'),
(397, 508, '0.0000', '0.0000', '0.0000'),
(397, 510, '0.0000', '0.0000', '0.0000'),
(397, 511, '0.0000', '0.0000', '0.0000'),
(397, 513, '0.0000', '0.0000', '0.0000'),
(397, 514, '0.0000', '0.0000', '0.0000'),
(398, 60, '0.0000', '0.0000', '0.0000'),
(398, 501, '0.0000', '0.0000', '0.0000'),
(398, 502, '0.0000', '0.0000', '0.0000'),
(398, 503, '0.0000', '0.0000', '0.0000'),
(398, 504, '0.0000', '0.0000', '0.0000'),
(398, 508, '0.0000', '0.0000', '0.0000'),
(398, 510, '0.0000', '0.0000', '0.0000'),
(398, 511, '0.0000', '0.0000', '0.0000'),
(398, 513, '0.0000', '0.0000', '0.0000'),
(398, 514, '0.0000', '0.0000', '0.0000'),
(399, 60, '0.0000', '0.0000', '0.0000'),
(399, 501, '0.0000', '0.0000', '0.0000'),
(399, 502, '0.0000', '0.0000', '0.0000'),
(399, 503, '0.0000', '0.0000', '0.0000'),
(399, 504, '0.0000', '0.0000', '0.0000'),
(399, 508, '0.0000', '0.0000', '0.0000'),
(399, 510, '0.0000', '0.0000', '0.0000'),
(399, 511, '0.0000', '0.0000', '0.0000'),
(399, 513, '0.0000', '0.0000', '0.0000'),
(399, 514, '0.0000', '0.0000', '0.0000'),
(400, 60, '0.0000', '0.0000', '0.0000'),
(400, 501, '0.0000', '0.0000', '0.0000'),
(400, 502, '0.0000', '0.0000', '0.0000'),
(400, 503, '0.0000', '0.0000', '0.0000'),
(400, 504, '0.0000', '0.0000', '0.0000'),
(400, 508, '0.0000', '0.0000', '0.0000'),
(400, 510, '0.0000', '0.0000', '0.0000'),
(400, 511, '0.0000', '0.0000', '0.0000'),
(400, 513, '0.0000', '0.0000', '0.0000'),
(400, 514, '0.0000', '0.0000', '0.0000'),
(401, 60, '0.0000', '0.0000', '0.0000'),
(401, 501, '0.0000', '0.0000', '0.0000'),
(401, 502, '0.0000', '0.0000', '0.0000'),
(401, 503, '0.0000', '0.0000', '0.0000'),
(401, 504, '0.0000', '0.0000', '0.0000'),
(401, 508, '0.0000', '0.0000', '0.0000'),
(401, 510, '0.0000', '0.0000', '0.0000'),
(401, 511, '0.0000', '0.0000', '0.0000'),
(401, 513, '0.0000', '0.0000', '0.0000'),
(401, 514, '0.0000', '0.0000', '0.0000'),
(402, 60, '0.0000', '0.0000', '0.0000'),
(402, 501, '0.0000', '0.0000', '0.0000'),
(402, 502, '0.0000', '0.0000', '0.0000'),
(402, 503, '0.0000', '0.0000', '0.0000'),
(402, 504, '0.0000', '0.0000', '0.0000'),
(402, 508, '0.0000', '0.0000', '0.0000'),
(402, 510, '0.0000', '0.0000', '0.0000'),
(402, 511, '0.0000', '0.0000', '0.0000'),
(402, 513, '0.0000', '0.0000', '0.0000'),
(402, 514, '0.0000', '0.0000', '0.0000'),
(403, 60, '0.0000', '0.0000', '0.0000'),
(403, 501, '0.0000', '0.0000', '0.0000'),
(403, 502, '0.0000', '0.0000', '0.0000'),
(403, 503, '0.0000', '0.0000', '0.0000'),
(403, 504, '0.0000', '0.0000', '0.0000'),
(403, 508, '0.0000', '0.0000', '0.0000'),
(403, 510, '0.0000', '0.0000', '0.0000'),
(403, 511, '0.0000', '0.0000', '0.0000'),
(403, 513, '0.0000', '0.0000', '0.0000'),
(403, 514, '0.0000', '0.0000', '0.0000'),
(404, 60, '0.0000', '0.0000', '0.0000'),
(404, 501, '0.0000', '0.0000', '0.0000'),
(404, 502, '0.0000', '0.0000', '0.0000'),
(404, 503, '0.0000', '0.0000', '0.0000'),
(404, 504, '0.0000', '0.0000', '0.0000'),
(404, 508, '0.0000', '0.0000', '0.0000'),
(404, 510, '0.0000', '0.0000', '0.0000'),
(404, 511, '0.0000', '0.0000', '0.0000'),
(404, 513, '0.0000', '0.0000', '0.0000'),
(404, 514, '0.0000', '0.0000', '0.0000'),
(405, 60, '0.0000', '0.0000', '0.0000'),
(405, 501, '0.0000', '0.0000', '0.0000'),
(405, 502, '0.0000', '0.0000', '0.0000'),
(405, 503, '0.0000', '0.0000', '0.0000'),
(405, 504, '0.0000', '0.0000', '0.0000'),
(405, 508, '0.0000', '0.0000', '0.0000'),
(405, 510, '0.0000', '0.0000', '0.0000'),
(405, 511, '0.0000', '0.0000', '0.0000'),
(405, 513, '0.0000', '0.0000', '0.0000'),
(405, 514, '0.0000', '0.0000', '0.0000'),
(406, 60, '0.0000', '0.0000', '0.0000'),
(406, 501, '0.0000', '0.0000', '0.0000'),
(406, 502, '0.0000', '0.0000', '0.0000'),
(406, 503, '0.0000', '0.0000', '0.0000'),
(406, 504, '0.0000', '0.0000', '0.0000'),
(406, 508, '0.0000', '0.0000', '0.0000'),
(406, 510, '0.0000', '0.0000', '0.0000'),
(406, 511, '0.0000', '0.0000', '0.0000'),
(406, 513, '0.0000', '0.0000', '0.0000'),
(406, 514, '0.0000', '0.0000', '0.0000'),
(407, 60, '0.0000', '0.0000', '0.0000'),
(407, 501, '0.0000', '0.0000', '0.0000'),
(407, 502, '0.0000', '0.0000', '0.0000'),
(407, 503, '0.0000', '0.0000', '0.0000'),
(407, 504, '0.0000', '0.0000', '0.0000'),
(407, 508, '0.0000', '0.0000', '0.0000'),
(407, 510, '0.0000', '0.0000', '0.0000'),
(407, 511, '0.0000', '0.0000', '0.0000'),
(407, 513, '0.0000', '0.0000', '0.0000'),
(407, 514, '0.0000', '0.0000', '0.0000'),
(408, 60, '0.0000', '0.0000', '0.0000'),
(408, 501, '0.0000', '0.0000', '0.0000'),
(408, 502, '0.0000', '0.0000', '0.0000'),
(408, 503, '0.0000', '0.0000', '0.0000'),
(408, 504, '0.0000', '0.0000', '0.0000'),
(408, 508, '0.0000', '0.0000', '0.0000'),
(408, 510, '0.0000', '0.0000', '0.0000'),
(408, 511, '0.0000', '0.0000', '0.0000'),
(408, 513, '0.0000', '0.0000', '0.0000'),
(408, 514, '0.0000', '0.0000', '0.0000'),
(409, 60, '0.0000', '0.0000', '0.0000'),
(409, 501, '0.0000', '0.0000', '0.0000'),
(409, 502, '0.0000', '0.0000', '0.0000'),
(409, 503, '0.0000', '0.0000', '0.0000'),
(409, 504, '0.0000', '0.0000', '0.0000'),
(409, 508, '0.0000', '0.0000', '0.0000'),
(409, 510, '0.0000', '0.0000', '0.0000'),
(409, 511, '0.0000', '0.0000', '0.0000'),
(409, 513, '0.0000', '0.0000', '0.0000'),
(409, 514, '0.0000', '0.0000', '0.0000'),
(410, 60, '0.0000', '0.0000', '0.0000'),
(410, 501, '0.0000', '0.0000', '0.0000'),
(410, 502, '0.0000', '0.0000', '0.0000'),
(410, 503, '0.0000', '0.0000', '0.0000'),
(410, 504, '0.0000', '0.0000', '0.0000'),
(410, 508, '0.0000', '0.0000', '0.0000'),
(410, 510, '0.0000', '0.0000', '0.0000'),
(410, 511, '0.0000', '0.0000', '0.0000'),
(410, 513, '0.0000', '0.0000', '0.0000'),
(410, 514, '0.0000', '0.0000', '0.0000'),
(411, 60, '0.0000', '0.0000', '0.0000'),
(411, 501, '0.0000', '0.0000', '0.0000'),
(411, 502, '0.0000', '0.0000', '0.0000'),
(411, 503, '0.0000', '0.0000', '0.0000'),
(411, 504, '0.0000', '0.0000', '0.0000'),
(411, 508, '0.0000', '0.0000', '0.0000'),
(411, 510, '0.0000', '0.0000', '0.0000'),
(411, 511, '0.0000', '0.0000', '0.0000'),
(411, 513, '0.0000', '0.0000', '0.0000'),
(411, 514, '0.0000', '0.0000', '0.0000'),
(412, 60, '0.0000', '0.0000', '0.0000'),
(412, 501, '0.0000', '0.0000', '0.0000'),
(412, 502, '0.0000', '0.0000', '0.0000'),
(412, 503, '0.0000', '0.0000', '0.0000'),
(412, 504, '0.0000', '0.0000', '0.0000'),
(412, 508, '0.0000', '0.0000', '0.0000'),
(412, 510, '0.0000', '0.0000', '0.0000'),
(412, 511, '0.0000', '0.0000', '0.0000'),
(412, 513, '0.0000', '0.0000', '0.0000'),
(412, 514, '0.0000', '0.0000', '0.0000'),
(413, 60, '0.0000', '0.0000', '0.0000'),
(413, 501, '0.0000', '0.0000', '0.0000'),
(413, 502, '0.0000', '0.0000', '0.0000'),
(413, 503, '0.0000', '0.0000', '0.0000'),
(413, 504, '0.0000', '0.0000', '0.0000'),
(413, 508, '0.0000', '0.0000', '0.0000'),
(413, 510, '0.0000', '0.0000', '0.0000'),
(413, 511, '0.0000', '0.0000', '0.0000'),
(413, 513, '0.0000', '0.0000', '0.0000'),
(413, 514, '0.0000', '0.0000', '0.0000'),
(414, 60, '0.0000', '0.0000', '0.0000'),
(414, 501, '0.0000', '0.0000', '0.0000'),
(414, 502, '0.0000', '0.0000', '0.0000'),
(414, 503, '0.0000', '0.0000', '0.0000'),
(414, 504, '0.0000', '0.0000', '0.0000'),
(414, 508, '0.0000', '0.0000', '0.0000'),
(414, 510, '0.0000', '0.0000', '0.0000'),
(414, 511, '0.0000', '0.0000', '0.0000'),
(414, 513, '0.0000', '0.0000', '0.0000'),
(414, 514, '0.0000', '0.0000', '0.0000'),
(415, 60, '0.0000', '0.0000', '0.0000'),
(415, 501, '0.0000', '0.0000', '0.0000'),
(415, 502, '0.0000', '0.0000', '0.0000'),
(415, 503, '0.0000', '0.0000', '0.0000'),
(415, 504, '0.0000', '0.0000', '0.0000'),
(415, 508, '0.0000', '0.0000', '0.0000'),
(415, 510, '0.0000', '0.0000', '0.0000'),
(415, 511, '0.0000', '0.0000', '0.0000'),
(415, 513, '0.0000', '0.0000', '0.0000'),
(415, 514, '0.0000', '0.0000', '0.0000'),
(416, 60, '0.0000', '0.0000', '0.0000'),
(416, 501, '0.0000', '0.0000', '0.0000'),
(416, 502, '0.0000', '0.0000', '0.0000'),
(416, 503, '0.0000', '0.0000', '0.0000'),
(416, 504, '0.0000', '0.0000', '0.0000'),
(416, 508, '0.0000', '0.0000', '0.0000'),
(416, 510, '0.0000', '0.0000', '0.0000'),
(416, 511, '0.0000', '0.0000', '0.0000'),
(416, 513, '0.0000', '0.0000', '0.0000'),
(416, 514, '0.0000', '0.0000', '0.0000'),
(417, 60, '0.0000', '0.0000', '0.0000'),
(417, 501, '0.0000', '0.0000', '0.0000'),
(417, 502, '0.0000', '0.0000', '0.0000'),
(417, 503, '0.0000', '0.0000', '0.0000'),
(417, 504, '0.0000', '0.0000', '0.0000'),
(417, 508, '0.0000', '0.0000', '0.0000'),
(417, 510, '0.0000', '0.0000', '0.0000'),
(417, 511, '0.0000', '0.0000', '0.0000'),
(417, 513, '0.0000', '0.0000', '0.0000'),
(417, 514, '0.0000', '0.0000', '0.0000'),
(418, 60, '0.0000', '0.0000', '0.0000'),
(418, 501, '0.0000', '0.0000', '0.0000'),
(418, 502, '0.0000', '0.0000', '0.0000'),
(418, 503, '0.0000', '0.0000', '0.0000'),
(418, 504, '0.0000', '0.0000', '0.0000'),
(418, 508, '0.0000', '0.0000', '0.0000'),
(418, 510, '0.0000', '0.0000', '0.0000'),
(418, 511, '0.0000', '0.0000', '0.0000'),
(418, 513, '0.0000', '0.0000', '0.0000'),
(418, 514, '0.0000', '0.0000', '0.0000'),
(419, 60, '0.0000', '0.0000', '0.0000'),
(419, 501, '0.0000', '0.0000', '0.0000'),
(419, 502, '0.0000', '0.0000', '0.0000'),
(419, 503, '0.0000', '0.0000', '0.0000'),
(419, 504, '0.0000', '0.0000', '0.0000'),
(419, 508, '0.0000', '0.0000', '0.0000'),
(419, 510, '0.0000', '0.0000', '0.0000'),
(419, 511, '0.0000', '0.0000', '0.0000'),
(419, 513, '0.0000', '0.0000', '0.0000'),
(419, 514, '0.0000', '0.0000', '0.0000'),
(420, 60, '0.0000', '0.0000', '0.0000'),
(420, 501, '0.0000', '0.0000', '0.0000'),
(420, 502, '0.0000', '0.0000', '0.0000'),
(420, 503, '0.0000', '0.0000', '0.0000'),
(420, 504, '0.0000', '0.0000', '0.0000'),
(420, 508, '0.0000', '0.0000', '0.0000'),
(420, 510, '0.0000', '0.0000', '0.0000'),
(420, 511, '0.0000', '0.0000', '0.0000'),
(420, 513, '0.0000', '0.0000', '0.0000'),
(420, 514, '0.0000', '0.0000', '0.0000'),
(421, 60, '0.0000', '0.0000', '0.0000'),
(421, 501, '0.0000', '0.0000', '0.0000'),
(421, 502, '0.0000', '0.0000', '0.0000'),
(421, 503, '0.0000', '0.0000', '0.0000'),
(421, 504, '0.0000', '0.0000', '0.0000'),
(421, 508, '0.0000', '0.0000', '0.0000'),
(421, 510, '0.0000', '0.0000', '0.0000'),
(421, 511, '0.0000', '0.0000', '0.0000'),
(421, 513, '0.0000', '0.0000', '0.0000'),
(421, 514, '0.0000', '0.0000', '0.0000'),
(422, 60, '0.0000', '0.0000', '0.0000'),
(422, 501, '0.0000', '0.0000', '0.0000'),
(422, 502, '0.0000', '0.0000', '0.0000'),
(422, 503, '0.0000', '0.0000', '0.0000'),
(422, 504, '0.0000', '0.0000', '0.0000'),
(422, 508, '0.0000', '0.0000', '0.0000'),
(422, 510, '0.0000', '0.0000', '0.0000'),
(422, 511, '0.0000', '0.0000', '0.0000'),
(422, 513, '0.0000', '0.0000', '0.0000'),
(422, 514, '0.0000', '0.0000', '0.0000'),
(423, 60, '0.0000', '0.0000', '0.0000'),
(423, 501, '0.0000', '0.0000', '0.0000'),
(423, 502, '0.0000', '0.0000', '0.0000'),
(423, 503, '0.0000', '0.0000', '0.0000'),
(423, 504, '0.0000', '0.0000', '0.0000'),
(423, 508, '0.0000', '0.0000', '0.0000'),
(423, 510, '0.0000', '0.0000', '0.0000'),
(423, 511, '0.0000', '0.0000', '0.0000'),
(423, 513, '0.0000', '0.0000', '0.0000'),
(423, 514, '0.0000', '0.0000', '0.0000'),
(424, 60, '0.0000', '0.0000', '0.0000'),
(424, 501, '0.0000', '0.0000', '0.0000'),
(424, 502, '0.0000', '0.0000', '0.0000'),
(424, 503, '0.0000', '0.0000', '0.0000'),
(424, 504, '0.0000', '0.0000', '0.0000'),
(424, 508, '0.0000', '0.0000', '0.0000'),
(424, 510, '0.0000', '0.0000', '0.0000'),
(424, 511, '0.0000', '0.0000', '0.0000'),
(424, 513, '0.0000', '0.0000', '0.0000'),
(424, 514, '0.0000', '0.0000', '0.0000'),
(425, 60, '0.0000', '0.0000', '0.0000'),
(425, 501, '0.0000', '0.0000', '0.0000'),
(425, 502, '0.0000', '0.0000', '0.0000'),
(425, 503, '0.0000', '0.0000', '0.0000'),
(425, 504, '0.0000', '0.0000', '0.0000'),
(425, 508, '0.0000', '0.0000', '0.0000'),
(425, 510, '0.0000', '0.0000', '0.0000'),
(425, 511, '0.0000', '0.0000', '0.0000'),
(425, 513, '0.0000', '0.0000', '0.0000'),
(425, 514, '0.0000', '0.0000', '0.0000'),
(426, 60, '0.0000', '0.0000', '0.0000'),
(426, 501, '0.0000', '0.0000', '0.0000'),
(426, 502, '0.0000', '0.0000', '0.0000'),
(426, 503, '0.0000', '0.0000', '0.0000'),
(426, 504, '0.0000', '0.0000', '0.0000'),
(426, 508, '0.0000', '0.0000', '0.0000'),
(426, 510, '0.0000', '0.0000', '0.0000'),
(426, 511, '0.0000', '0.0000', '0.0000'),
(426, 513, '0.0000', '0.0000', '0.0000'),
(426, 514, '0.0000', '0.0000', '0.0000'),
(427, 60, '0.0000', '0.0000', '0.0000'),
(427, 501, '0.0000', '0.0000', '0.0000'),
(427, 502, '0.0000', '0.0000', '0.0000'),
(427, 503, '0.0000', '0.0000', '0.0000'),
(427, 504, '0.0000', '0.0000', '0.0000'),
(427, 508, '0.0000', '0.0000', '0.0000'),
(427, 510, '0.0000', '0.0000', '0.0000'),
(427, 511, '0.0000', '0.0000', '0.0000'),
(427, 513, '0.0000', '0.0000', '0.0000'),
(427, 514, '0.0000', '0.0000', '0.0000'),
(428, 60, '0.0000', '0.0000', '0.0000'),
(428, 501, '0.0000', '0.0000', '0.0000'),
(428, 502, '0.0000', '0.0000', '0.0000'),
(428, 503, '0.0000', '0.0000', '0.0000'),
(428, 504, '0.0000', '0.0000', '0.0000'),
(428, 508, '0.0000', '0.0000', '0.0000'),
(428, 510, '0.0000', '0.0000', '0.0000'),
(428, 511, '0.0000', '0.0000', '0.0000'),
(428, 513, '0.0000', '0.0000', '0.0000'),
(428, 514, '0.0000', '0.0000', '0.0000'),
(429, 60, '0.0000', '0.0000', '0.0000'),
(429, 501, '0.0000', '0.0000', '0.0000'),
(429, 502, '0.0000', '0.0000', '0.0000'),
(429, 503, '0.0000', '0.0000', '0.0000'),
(429, 504, '0.0000', '0.0000', '0.0000'),
(429, 508, '0.0000', '0.0000', '0.0000'),
(429, 510, '0.0000', '0.0000', '0.0000'),
(429, 511, '0.0000', '0.0000', '0.0000'),
(429, 513, '0.0000', '0.0000', '0.0000'),
(429, 514, '0.0000', '0.0000', '0.0000'),
(430, 60, '0.0000', '0.0000', '0.0000'),
(430, 501, '0.0000', '0.0000', '0.0000'),
(430, 502, '0.0000', '0.0000', '0.0000'),
(430, 503, '0.0000', '0.0000', '0.0000'),
(430, 504, '0.0000', '0.0000', '0.0000'),
(430, 508, '0.0000', '0.0000', '0.0000'),
(430, 510, '0.0000', '0.0000', '0.0000'),
(430, 511, '0.0000', '0.0000', '0.0000'),
(430, 513, '0.0000', '0.0000', '0.0000'),
(430, 514, '0.0000', '0.0000', '0.0000'),
(431, 60, '0.0000', '0.0000', '0.0000'),
(431, 501, '0.0000', '0.0000', '0.0000'),
(431, 502, '0.0000', '0.0000', '0.0000'),
(431, 503, '0.0000', '0.0000', '0.0000'),
(431, 504, '0.0000', '0.0000', '0.0000'),
(431, 508, '0.0000', '0.0000', '0.0000'),
(431, 510, '0.0000', '0.0000', '0.0000'),
(431, 511, '0.0000', '0.0000', '0.0000'),
(431, 513, '0.0000', '0.0000', '0.0000'),
(431, 514, '0.0000', '0.0000', '0.0000'),
(432, 60, '0.0000', '0.0000', '0.0000'),
(432, 501, '0.0000', '0.0000', '0.0000'),
(432, 502, '0.0000', '0.0000', '0.0000'),
(432, 503, '0.0000', '0.0000', '0.0000'),
(432, 504, '0.0000', '0.0000', '0.0000'),
(432, 508, '0.0000', '0.0000', '0.0000'),
(432, 510, '0.0000', '0.0000', '0.0000'),
(432, 511, '0.0000', '0.0000', '0.0000'),
(432, 513, '0.0000', '0.0000', '0.0000'),
(432, 514, '0.0000', '0.0000', '0.0000'),
(433, 60, '0.0000', '0.0000', '0.0000'),
(433, 501, '0.0000', '0.0000', '0.0000'),
(433, 502, '0.0000', '0.0000', '0.0000'),
(433, 503, '0.0000', '0.0000', '0.0000'),
(433, 504, '0.0000', '0.0000', '0.0000'),
(433, 508, '0.0000', '0.0000', '0.0000'),
(433, 510, '0.0000', '0.0000', '0.0000'),
(433, 511, '0.0000', '0.0000', '0.0000'),
(433, 513, '0.0000', '0.0000', '0.0000'),
(433, 514, '0.0000', '0.0000', '0.0000'),
(434, 60, '0.0000', '0.0000', '0.0000'),
(434, 501, '0.0000', '0.0000', '0.0000'),
(434, 502, '0.0000', '0.0000', '0.0000'),
(434, 503, '0.0000', '0.0000', '0.0000'),
(434, 504, '0.0000', '0.0000', '0.0000'),
(434, 508, '0.0000', '0.0000', '0.0000'),
(434, 510, '0.0000', '0.0000', '0.0000'),
(434, 511, '0.0000', '0.0000', '0.0000'),
(434, 513, '0.0000', '0.0000', '0.0000'),
(434, 514, '0.0000', '0.0000', '0.0000'),
(435, 60, '0.0000', '0.0000', '0.0000'),
(435, 501, '0.0000', '0.0000', '0.0000'),
(435, 502, '0.0000', '0.0000', '0.0000'),
(435, 503, '0.0000', '0.0000', '0.0000'),
(435, 504, '0.0000', '0.0000', '0.0000'),
(435, 508, '0.0000', '0.0000', '0.0000'),
(435, 510, '0.0000', '0.0000', '0.0000'),
(435, 511, '0.0000', '0.0000', '0.0000'),
(435, 513, '0.0000', '0.0000', '0.0000'),
(435, 514, '0.0000', '0.0000', '0.0000'),
(436, 60, '0.0000', '0.0000', '0.0000'),
(436, 501, '0.0000', '0.0000', '0.0000'),
(436, 502, '0.0000', '0.0000', '0.0000'),
(436, 503, '0.0000', '0.0000', '0.0000'),
(436, 504, '0.0000', '0.0000', '0.0000'),
(436, 508, '0.0000', '0.0000', '0.0000'),
(436, 510, '0.0000', '0.0000', '0.0000'),
(436, 511, '0.0000', '0.0000', '0.0000'),
(436, 513, '0.0000', '0.0000', '0.0000'),
(436, 514, '0.0000', '0.0000', '0.0000'),
(437, 60, '0.0000', '0.0000', '0.0000'),
(437, 501, '0.0000', '0.0000', '0.0000'),
(437, 502, '0.0000', '0.0000', '0.0000'),
(437, 503, '0.0000', '0.0000', '0.0000'),
(437, 504, '0.0000', '0.0000', '0.0000'),
(437, 508, '0.0000', '0.0000', '0.0000'),
(437, 510, '0.0000', '0.0000', '0.0000'),
(437, 511, '0.0000', '0.0000', '0.0000'),
(437, 513, '0.0000', '0.0000', '0.0000'),
(437, 514, '0.0000', '0.0000', '0.0000'),
(438, 60, '0.0000', '0.0000', '0.0000'),
(438, 501, '0.0000', '0.0000', '0.0000'),
(438, 502, '0.0000', '0.0000', '0.0000'),
(438, 503, '0.0000', '0.0000', '0.0000'),
(438, 504, '0.0000', '0.0000', '0.0000'),
(438, 508, '0.0000', '0.0000', '0.0000'),
(438, 510, '0.0000', '0.0000', '0.0000'),
(438, 511, '0.0000', '0.0000', '0.0000'),
(438, 513, '0.0000', '0.0000', '0.0000'),
(438, 514, '0.0000', '0.0000', '0.0000'),
(439, 60, '0.0000', '0.0000', '0.0000'),
(439, 501, '0.0000', '0.0000', '0.0000'),
(439, 502, '0.0000', '0.0000', '0.0000'),
(439, 503, '0.0000', '0.0000', '0.0000'),
(439, 504, '0.0000', '0.0000', '0.0000'),
(439, 508, '0.0000', '0.0000', '0.0000'),
(439, 510, '0.0000', '0.0000', '0.0000'),
(439, 511, '0.0000', '0.0000', '0.0000'),
(439, 513, '0.0000', '0.0000', '0.0000'),
(439, 514, '0.0000', '0.0000', '0.0000'),
(440, 60, '0.0000', '0.0000', '0.0000'),
(440, 501, '0.0000', '0.0000', '0.0000'),
(440, 502, '0.0000', '0.0000', '0.0000'),
(440, 503, '0.0000', '0.0000', '0.0000'),
(440, 504, '0.0000', '0.0000', '0.0000'),
(440, 508, '0.0000', '0.0000', '0.0000'),
(440, 510, '0.0000', '0.0000', '0.0000'),
(440, 511, '0.0000', '0.0000', '0.0000'),
(440, 513, '0.0000', '0.0000', '0.0000'),
(440, 514, '0.0000', '0.0000', '0.0000'),
(441, 60, '0.0000', '0.0000', '0.0000'),
(441, 501, '0.0000', '0.0000', '0.0000'),
(441, 502, '0.0000', '0.0000', '0.0000'),
(441, 503, '0.0000', '0.0000', '0.0000'),
(441, 504, '0.0000', '0.0000', '0.0000'),
(441, 508, '0.0000', '0.0000', '0.0000'),
(441, 510, '0.0000', '0.0000', '0.0000'),
(441, 511, '0.0000', '0.0000', '0.0000'),
(441, 513, '0.0000', '0.0000', '0.0000'),
(441, 514, '0.0000', '0.0000', '0.0000'),
(442, 60, '0.0000', '0.0000', '0.0000'),
(442, 501, '0.0000', '0.0000', '0.0000'),
(442, 502, '0.0000', '0.0000', '0.0000'),
(442, 503, '0.0000', '0.0000', '0.0000'),
(442, 504, '0.0000', '0.0000', '0.0000'),
(442, 508, '0.0000', '0.0000', '0.0000'),
(442, 510, '0.0000', '0.0000', '0.0000'),
(442, 511, '0.0000', '0.0000', '0.0000'),
(442, 513, '0.0000', '0.0000', '0.0000'),
(442, 514, '0.0000', '0.0000', '0.0000'),
(443, 60, '0.0000', '0.0000', '0.0000'),
(443, 501, '0.0000', '0.0000', '0.0000'),
(443, 502, '0.0000', '0.0000', '0.0000'),
(443, 503, '0.0000', '0.0000', '0.0000'),
(443, 504, '0.0000', '0.0000', '0.0000'),
(443, 508, '0.0000', '0.0000', '0.0000'),
(443, 510, '0.0000', '0.0000', '0.0000'),
(443, 511, '0.0000', '0.0000', '0.0000'),
(443, 513, '0.0000', '0.0000', '0.0000'),
(443, 514, '0.0000', '0.0000', '0.0000'),
(444, 60, '0.0000', '0.0000', '0.0000'),
(444, 501, '0.0000', '0.0000', '0.0000'),
(444, 502, '0.0000', '0.0000', '0.0000'),
(444, 503, '0.0000', '0.0000', '0.0000'),
(444, 504, '0.0000', '0.0000', '0.0000'),
(444, 508, '0.0000', '0.0000', '0.0000'),
(444, 510, '0.0000', '0.0000', '0.0000'),
(444, 511, '0.0000', '0.0000', '0.0000'),
(444, 513, '0.0000', '0.0000', '0.0000'),
(444, 514, '0.0000', '0.0000', '0.0000'),
(445, 60, '0.0000', '0.0000', '0.0000'),
(445, 501, '0.0000', '0.0000', '0.0000'),
(445, 502, '0.0000', '0.0000', '0.0000'),
(445, 503, '0.0000', '0.0000', '0.0000'),
(445, 504, '0.0000', '0.0000', '0.0000'),
(445, 508, '0.0000', '0.0000', '0.0000'),
(445, 510, '0.0000', '0.0000', '0.0000'),
(445, 511, '0.0000', '0.0000', '0.0000'),
(445, 513, '0.0000', '0.0000', '0.0000'),
(445, 514, '0.0000', '0.0000', '0.0000'),
(446, 60, '0.0000', '0.0000', '0.0000'),
(446, 501, '0.0000', '0.0000', '0.0000'),
(446, 502, '0.0000', '0.0000', '0.0000'),
(446, 503, '0.0000', '0.0000', '0.0000'),
(446, 504, '0.0000', '0.0000', '0.0000'),
(446, 508, '0.0000', '0.0000', '0.0000'),
(446, 510, '0.0000', '0.0000', '0.0000'),
(446, 511, '0.0000', '0.0000', '0.0000'),
(446, 513, '0.0000', '0.0000', '0.0000'),
(446, 514, '0.0000', '0.0000', '0.0000'),
(447, 60, '0.0000', '0.0000', '0.0000'),
(447, 501, '0.0000', '0.0000', '0.0000'),
(447, 502, '0.0000', '0.0000', '0.0000'),
(447, 503, '0.0000', '0.0000', '0.0000'),
(447, 504, '0.0000', '0.0000', '0.0000'),
(447, 508, '0.0000', '0.0000', '0.0000'),
(447, 510, '0.0000', '0.0000', '0.0000'),
(447, 511, '0.0000', '0.0000', '0.0000'),
(447, 513, '0.0000', '0.0000', '0.0000'),
(447, 514, '0.0000', '0.0000', '0.0000'),
(448, 60, '0.0000', '0.0000', '0.0000'),
(448, 501, '0.0000', '0.0000', '0.0000'),
(448, 502, '0.0000', '0.0000', '0.0000'),
(448, 503, '0.0000', '0.0000', '0.0000'),
(448, 504, '0.0000', '0.0000', '0.0000'),
(448, 508, '0.0000', '0.0000', '0.0000'),
(448, 510, '0.0000', '0.0000', '0.0000'),
(448, 511, '0.0000', '0.0000', '0.0000'),
(448, 513, '0.0000', '0.0000', '0.0000'),
(448, 514, '0.0000', '0.0000', '0.0000'),
(449, 60, '0.0000', '0.0000', '0.0000'),
(449, 501, '0.0000', '0.0000', '0.0000'),
(449, 502, '0.0000', '0.0000', '0.0000'),
(449, 503, '0.0000', '0.0000', '0.0000'),
(449, 504, '0.0000', '0.0000', '0.0000'),
(449, 508, '0.0000', '0.0000', '0.0000'),
(449, 510, '0.0000', '0.0000', '0.0000'),
(449, 511, '0.0000', '0.0000', '0.0000'),
(449, 513, '0.0000', '0.0000', '0.0000'),
(449, 514, '0.0000', '0.0000', '0.0000'),
(450, 60, '0.0000', '0.0000', '0.0000'),
(450, 501, '0.0000', '0.0000', '0.0000'),
(450, 502, '0.0000', '0.0000', '0.0000'),
(450, 503, '0.0000', '0.0000', '0.0000'),
(450, 504, '0.0000', '0.0000', '0.0000'),
(450, 508, '0.0000', '0.0000', '0.0000'),
(450, 510, '0.0000', '0.0000', '0.0000'),
(450, 511, '0.0000', '0.0000', '0.0000'),
(450, 513, '0.0000', '0.0000', '0.0000'),
(450, 514, '0.0000', '0.0000', '0.0000'),
(451, 60, '0.0000', '0.0000', '0.0000'),
(451, 501, '0.0000', '0.0000', '0.0000'),
(451, 502, '0.0000', '0.0000', '0.0000'),
(451, 503, '0.0000', '0.0000', '0.0000'),
(451, 504, '0.0000', '0.0000', '0.0000'),
(451, 508, '0.0000', '0.0000', '0.0000'),
(451, 510, '0.0000', '0.0000', '0.0000'),
(451, 511, '0.0000', '0.0000', '0.0000'),
(451, 513, '0.0000', '0.0000', '0.0000'),
(451, 514, '0.0000', '0.0000', '0.0000'),
(452, 60, '0.0000', '0.0000', '0.0000'),
(452, 501, '0.0000', '0.0000', '0.0000'),
(452, 502, '0.0000', '0.0000', '0.0000'),
(452, 503, '0.0000', '0.0000', '0.0000'),
(452, 504, '0.0000', '0.0000', '0.0000'),
(452, 508, '0.0000', '0.0000', '0.0000'),
(452, 510, '0.0000', '0.0000', '0.0000'),
(452, 511, '0.0000', '0.0000', '0.0000'),
(452, 513, '0.0000', '0.0000', '0.0000'),
(452, 514, '0.0000', '0.0000', '0.0000'),
(453, 60, '0.0000', '0.0000', '0.0000'),
(453, 501, '0.0000', '0.0000', '0.0000'),
(453, 502, '0.0000', '0.0000', '0.0000'),
(453, 503, '0.0000', '0.0000', '0.0000'),
(453, 504, '0.0000', '0.0000', '0.0000'),
(453, 508, '0.0000', '0.0000', '0.0000'),
(453, 510, '0.0000', '0.0000', '0.0000'),
(453, 511, '0.0000', '0.0000', '0.0000'),
(453, 513, '0.0000', '0.0000', '0.0000'),
(453, 514, '0.0000', '0.0000', '0.0000'),
(454, 60, '0.0000', '0.0000', '0.0000'),
(454, 501, '0.0000', '0.0000', '0.0000'),
(454, 502, '0.0000', '0.0000', '0.0000'),
(454, 503, '0.0000', '0.0000', '0.0000'),
(454, 504, '0.0000', '0.0000', '0.0000'),
(454, 508, '0.0000', '0.0000', '0.0000'),
(454, 510, '0.0000', '0.0000', '0.0000'),
(454, 511, '0.0000', '0.0000', '0.0000'),
(454, 513, '0.0000', '0.0000', '0.0000'),
(454, 514, '0.0000', '0.0000', '0.0000'),
(455, 60, '0.0000', '0.0000', '0.0000'),
(455, 501, '0.0000', '0.0000', '0.0000'),
(455, 502, '0.0000', '0.0000', '0.0000'),
(455, 503, '0.0000', '0.0000', '0.0000'),
(455, 504, '0.0000', '0.0000', '0.0000'),
(455, 508, '0.0000', '0.0000', '0.0000'),
(455, 510, '0.0000', '0.0000', '0.0000'),
(455, 511, '0.0000', '0.0000', '0.0000'),
(455, 513, '0.0000', '0.0000', '0.0000'),
(455, 514, '0.0000', '0.0000', '0.0000'),
(456, 60, '0.0000', '0.0000', '0.0000'),
(456, 501, '0.0000', '0.0000', '0.0000'),
(456, 502, '0.0000', '0.0000', '0.0000'),
(456, 503, '0.0000', '0.0000', '0.0000'),
(456, 504, '0.0000', '0.0000', '0.0000'),
(456, 508, '0.0000', '0.0000', '0.0000'),
(456, 510, '0.0000', '0.0000', '0.0000'),
(456, 511, '0.0000', '0.0000', '0.0000'),
(456, 513, '0.0000', '0.0000', '0.0000'),
(456, 514, '0.0000', '0.0000', '0.0000'),
(457, 60, '0.0000', '0.0000', '0.0000'),
(457, 501, '0.0000', '0.0000', '0.0000'),
(457, 502, '0.0000', '0.0000', '0.0000'),
(457, 503, '0.0000', '0.0000', '0.0000'),
(457, 504, '0.0000', '0.0000', '0.0000'),
(457, 508, '0.0000', '0.0000', '0.0000'),
(457, 510, '0.0000', '0.0000', '0.0000'),
(457, 511, '0.0000', '0.0000', '0.0000'),
(457, 513, '0.0000', '0.0000', '0.0000'),
(457, 514, '0.0000', '0.0000', '0.0000'),
(458, 60, '0.0000', '0.0000', '0.0000'),
(458, 501, '0.0000', '0.0000', '0.0000'),
(458, 502, '0.0000', '0.0000', '0.0000'),
(458, 503, '0.0000', '0.0000', '0.0000'),
(458, 504, '0.0000', '0.0000', '0.0000'),
(458, 508, '0.0000', '0.0000', '0.0000'),
(458, 510, '0.0000', '0.0000', '0.0000'),
(458, 511, '0.0000', '0.0000', '0.0000'),
(458, 513, '0.0000', '0.0000', '0.0000'),
(458, 514, '0.0000', '0.0000', '0.0000'),
(459, 60, '0.0000', '0.0000', '0.0000'),
(459, 501, '0.0000', '0.0000', '0.0000'),
(459, 502, '0.0000', '0.0000', '0.0000'),
(459, 503, '0.0000', '0.0000', '0.0000'),
(459, 504, '0.0000', '0.0000', '0.0000'),
(459, 508, '0.0000', '0.0000', '0.0000'),
(459, 510, '0.0000', '0.0000', '0.0000'),
(459, 511, '0.0000', '0.0000', '0.0000'),
(459, 513, '0.0000', '0.0000', '0.0000'),
(459, 514, '0.0000', '0.0000', '0.0000'),
(460, 60, '0.0000', '0.0000', '0.0000'),
(460, 501, '0.0000', '0.0000', '0.0000'),
(460, 502, '0.0000', '0.0000', '0.0000'),
(460, 503, '0.0000', '0.0000', '0.0000'),
(460, 504, '0.0000', '0.0000', '0.0000'),
(460, 508, '0.0000', '0.0000', '0.0000'),
(460, 510, '0.0000', '0.0000', '0.0000'),
(460, 511, '0.0000', '0.0000', '0.0000'),
(460, 513, '0.0000', '0.0000', '0.0000'),
(460, 514, '0.0000', '0.0000', '0.0000'),
(461, 60, '0.0000', '0.0000', '0.0000'),
(461, 501, '0.0000', '0.0000', '0.0000'),
(461, 502, '0.0000', '0.0000', '0.0000'),
(461, 503, '0.0000', '0.0000', '0.0000'),
(461, 504, '0.0000', '0.0000', '0.0000'),
(461, 508, '0.0000', '0.0000', '0.0000'),
(461, 510, '0.0000', '0.0000', '0.0000'),
(461, 511, '0.0000', '0.0000', '0.0000'),
(461, 513, '0.0000', '0.0000', '0.0000'),
(461, 514, '0.0000', '0.0000', '0.0000'),
(462, 60, '0.0000', '0.0000', '0.0000'),
(462, 501, '0.0000', '0.0000', '0.0000'),
(462, 502, '0.0000', '0.0000', '0.0000'),
(462, 503, '0.0000', '0.0000', '0.0000'),
(462, 504, '0.0000', '0.0000', '0.0000'),
(462, 508, '0.0000', '0.0000', '0.0000'),
(462, 510, '0.0000', '0.0000', '0.0000'),
(462, 511, '0.0000', '0.0000', '0.0000'),
(462, 513, '0.0000', '0.0000', '0.0000'),
(462, 514, '0.0000', '0.0000', '0.0000'),
(463, 60, '0.0000', '0.0000', '0.0000'),
(463, 501, '0.0000', '0.0000', '0.0000'),
(463, 502, '0.0000', '0.0000', '0.0000'),
(463, 503, '0.0000', '0.0000', '0.0000'),
(463, 504, '0.0000', '0.0000', '0.0000'),
(463, 508, '0.0000', '0.0000', '0.0000'),
(463, 510, '0.0000', '0.0000', '0.0000'),
(463, 511, '0.0000', '0.0000', '0.0000'),
(463, 513, '0.0000', '0.0000', '0.0000'),
(463, 514, '0.0000', '0.0000', '0.0000'),
(464, 60, '0.0000', '0.0000', '0.0000'),
(464, 501, '0.0000', '0.0000', '0.0000'),
(464, 502, '0.0000', '0.0000', '0.0000'),
(464, 503, '0.0000', '0.0000', '0.0000'),
(464, 504, '0.0000', '0.0000', '0.0000'),
(464, 508, '0.0000', '0.0000', '0.0000'),
(464, 510, '0.0000', '0.0000', '0.0000'),
(464, 511, '0.0000', '0.0000', '0.0000'),
(464, 513, '0.0000', '0.0000', '0.0000'),
(464, 514, '0.0000', '0.0000', '0.0000'),
(465, 60, '0.0000', '0.0000', '0.0000'),
(465, 501, '0.0000', '0.0000', '0.0000'),
(465, 502, '0.0000', '0.0000', '0.0000'),
(465, 503, '0.0000', '0.0000', '0.0000'),
(465, 504, '0.0000', '0.0000', '0.0000'),
(465, 508, '0.0000', '0.0000', '0.0000'),
(465, 510, '0.0000', '0.0000', '0.0000'),
(465, 511, '0.0000', '0.0000', '0.0000'),
(465, 513, '0.0000', '0.0000', '0.0000'),
(465, 514, '0.0000', '0.0000', '0.0000'),
(466, 60, '0.0000', '0.0000', '0.0000'),
(466, 501, '0.0000', '0.0000', '0.0000'),
(466, 502, '0.0000', '0.0000', '0.0000'),
(466, 503, '0.0000', '0.0000', '0.0000'),
(466, 504, '0.0000', '0.0000', '0.0000'),
(466, 508, '0.0000', '0.0000', '0.0000'),
(466, 510, '0.0000', '0.0000', '0.0000'),
(466, 511, '0.0000', '0.0000', '0.0000'),
(466, 513, '0.0000', '0.0000', '0.0000'),
(466, 514, '0.0000', '0.0000', '0.0000'),
(467, 60, '0.0000', '0.0000', '0.0000'),
(467, 501, '0.0000', '0.0000', '0.0000'),
(467, 502, '0.0000', '0.0000', '0.0000'),
(467, 503, '0.0000', '0.0000', '0.0000'),
(467, 504, '0.0000', '0.0000', '0.0000'),
(467, 508, '0.0000', '0.0000', '0.0000'),
(467, 510, '0.0000', '0.0000', '0.0000'),
(467, 511, '0.0000', '0.0000', '0.0000'),
(467, 513, '0.0000', '0.0000', '0.0000'),
(467, 514, '0.0000', '0.0000', '0.0000'),
(468, 60, '0.0000', '0.0000', '0.0000'),
(468, 501, '0.0000', '0.0000', '0.0000'),
(468, 502, '0.0000', '0.0000', '0.0000'),
(468, 503, '0.0000', '0.0000', '0.0000'),
(468, 504, '0.0000', '0.0000', '0.0000'),
(468, 508, '0.0000', '0.0000', '0.0000'),
(468, 510, '0.0000', '0.0000', '0.0000'),
(468, 511, '0.0000', '0.0000', '0.0000'),
(468, 513, '0.0000', '0.0000', '0.0000'),
(468, 514, '0.0000', '0.0000', '0.0000'),
(469, 60, '0.0000', '0.0000', '0.0000'),
(469, 501, '0.0000', '0.0000', '0.0000'),
(469, 502, '0.0000', '0.0000', '0.0000'),
(469, 503, '0.0000', '0.0000', '0.0000'),
(469, 504, '0.0000', '0.0000', '0.0000'),
(469, 508, '0.0000', '0.0000', '0.0000'),
(469, 510, '0.0000', '0.0000', '0.0000'),
(469, 511, '0.0000', '0.0000', '0.0000'),
(469, 513, '0.0000', '0.0000', '0.0000'),
(469, 514, '0.0000', '0.0000', '0.0000'),
(470, 60, '0.0000', '0.0000', '0.0000'),
(470, 501, '0.0000', '0.0000', '0.0000'),
(470, 502, '0.0000', '0.0000', '0.0000'),
(470, 503, '0.0000', '0.0000', '0.0000'),
(470, 504, '0.0000', '0.0000', '0.0000'),
(470, 508, '0.0000', '0.0000', '0.0000'),
(470, 510, '0.0000', '0.0000', '0.0000'),
(470, 511, '0.0000', '0.0000', '0.0000'),
(470, 513, '0.0000', '0.0000', '0.0000'),
(470, 514, '0.0000', '0.0000', '0.0000'),
(471, 60, '0.0000', '0.0000', '0.0000'),
(471, 501, '0.0000', '0.0000', '0.0000'),
(471, 502, '0.0000', '0.0000', '0.0000'),
(471, 503, '0.0000', '0.0000', '0.0000'),
(471, 504, '0.0000', '0.0000', '0.0000'),
(471, 508, '0.0000', '0.0000', '0.0000'),
(471, 510, '0.0000', '0.0000', '0.0000'),
(471, 511, '0.0000', '0.0000', '0.0000'),
(471, 513, '0.0000', '0.0000', '0.0000'),
(471, 514, '0.0000', '0.0000', '0.0000'),
(472, 60, '0.0000', '0.0000', '0.0000'),
(472, 501, '0.0000', '0.0000', '0.0000'),
(472, 502, '0.0000', '0.0000', '0.0000'),
(472, 503, '0.0000', '0.0000', '0.0000'),
(472, 504, '0.0000', '0.0000', '0.0000'),
(472, 508, '0.0000', '0.0000', '0.0000'),
(472, 510, '0.0000', '0.0000', '0.0000'),
(472, 511, '0.0000', '0.0000', '0.0000'),
(472, 513, '0.0000', '0.0000', '0.0000'),
(472, 514, '0.0000', '0.0000', '0.0000'),
(473, 60, '0.0000', '0.0000', '0.0000'),
(473, 501, '0.0000', '0.0000', '0.0000'),
(473, 502, '0.0000', '0.0000', '0.0000'),
(473, 503, '0.0000', '0.0000', '0.0000'),
(473, 504, '0.0000', '0.0000', '0.0000'),
(473, 508, '0.0000', '0.0000', '0.0000'),
(473, 510, '0.0000', '0.0000', '0.0000'),
(473, 511, '0.0000', '0.0000', '0.0000'),
(473, 513, '0.0000', '0.0000', '0.0000'),
(473, 514, '0.0000', '0.0000', '0.0000'),
(474, 60, '0.0000', '0.0000', '0.0000'),
(474, 501, '0.0000', '0.0000', '0.0000'),
(474, 502, '0.0000', '0.0000', '0.0000'),
(474, 503, '0.0000', '0.0000', '0.0000'),
(474, 504, '0.0000', '0.0000', '0.0000'),
(474, 508, '0.0000', '0.0000', '0.0000'),
(474, 510, '0.0000', '0.0000', '0.0000'),
(474, 511, '0.0000', '0.0000', '0.0000'),
(474, 513, '0.0000', '0.0000', '0.0000'),
(474, 514, '0.0000', '0.0000', '0.0000'),
(475, 60, '0.0000', '0.0000', '0.0000'),
(475, 501, '0.0000', '0.0000', '0.0000'),
(475, 502, '0.0000', '0.0000', '0.0000'),
(475, 503, '0.0000', '0.0000', '0.0000'),
(475, 504, '0.0000', '0.0000', '0.0000'),
(475, 508, '0.0000', '0.0000', '0.0000'),
(475, 510, '0.0000', '0.0000', '0.0000'),
(475, 511, '0.0000', '0.0000', '0.0000'),
(475, 513, '0.0000', '0.0000', '0.0000'),
(475, 514, '0.0000', '0.0000', '0.0000'),
(476, 60, '0.0000', '0.0000', '0.0000'),
(476, 501, '0.0000', '0.0000', '0.0000'),
(476, 502, '0.0000', '0.0000', '0.0000'),
(476, 503, '0.0000', '0.0000', '0.0000'),
(476, 504, '0.0000', '0.0000', '0.0000'),
(476, 508, '0.0000', '0.0000', '0.0000'),
(476, 510, '0.0000', '0.0000', '0.0000'),
(476, 511, '0.0000', '0.0000', '0.0000'),
(476, 513, '0.0000', '0.0000', '0.0000'),
(476, 514, '0.0000', '0.0000', '0.0000'),
(477, 60, '0.0000', '0.0000', '0.0000'),
(477, 501, '0.0000', '0.0000', '0.0000'),
(477, 502, '0.0000', '0.0000', '0.0000'),
(477, 503, '0.0000', '0.0000', '0.0000'),
(477, 504, '0.0000', '0.0000', '0.0000'),
(477, 508, '0.0000', '0.0000', '0.0000'),
(477, 510, '0.0000', '0.0000', '0.0000'),
(477, 511, '0.0000', '0.0000', '0.0000'),
(477, 513, '0.0000', '0.0000', '0.0000'),
(477, 514, '0.0000', '0.0000', '0.0000'),
(478, 60, '0.0000', '0.0000', '0.0000'),
(478, 501, '0.0000', '0.0000', '0.0000'),
(478, 502, '0.0000', '0.0000', '0.0000'),
(478, 503, '0.0000', '0.0000', '0.0000'),
(478, 504, '0.0000', '0.0000', '0.0000'),
(478, 508, '0.0000', '0.0000', '0.0000'),
(478, 510, '0.0000', '0.0000', '0.0000'),
(478, 511, '0.0000', '0.0000', '0.0000'),
(478, 513, '0.0000', '0.0000', '0.0000'),
(478, 514, '0.0000', '0.0000', '0.0000'),
(479, 60, '0.0000', '0.0000', '0.0000'),
(479, 501, '0.0000', '0.0000', '0.0000'),
(479, 502, '0.0000', '0.0000', '0.0000'),
(479, 503, '0.0000', '0.0000', '0.0000'),
(479, 504, '0.0000', '0.0000', '0.0000'),
(479, 508, '0.0000', '0.0000', '0.0000'),
(479, 510, '0.0000', '0.0000', '0.0000'),
(479, 511, '0.0000', '0.0000', '0.0000'),
(479, 513, '0.0000', '0.0000', '0.0000'),
(479, 514, '0.0000', '0.0000', '0.0000'),
(480, 60, '0.0000', '0.0000', '0.0000'),
(480, 501, '0.0000', '0.0000', '0.0000'),
(480, 502, '0.0000', '0.0000', '0.0000'),
(480, 503, '0.0000', '0.0000', '0.0000'),
(480, 504, '0.0000', '0.0000', '0.0000'),
(480, 508, '0.0000', '0.0000', '0.0000'),
(480, 510, '0.0000', '0.0000', '0.0000'),
(480, 511, '0.0000', '0.0000', '0.0000'),
(480, 513, '0.0000', '0.0000', '0.0000'),
(480, 514, '0.0000', '0.0000', '0.0000'),
(481, 60, '0.0000', '0.0000', '0.0000'),
(481, 501, '0.0000', '0.0000', '0.0000'),
(481, 502, '0.0000', '0.0000', '0.0000'),
(481, 503, '0.0000', '0.0000', '0.0000'),
(481, 504, '0.0000', '0.0000', '0.0000'),
(481, 508, '0.0000', '0.0000', '0.0000'),
(481, 510, '0.0000', '0.0000', '0.0000'),
(481, 511, '0.0000', '0.0000', '0.0000'),
(481, 513, '0.0000', '0.0000', '0.0000'),
(481, 514, '0.0000', '0.0000', '0.0000'),
(482, 60, '0.0000', '0.0000', '0.0000'),
(482, 501, '0.0000', '0.0000', '0.0000'),
(482, 502, '0.0000', '0.0000', '0.0000'),
(482, 503, '0.0000', '0.0000', '0.0000'),
(482, 504, '0.0000', '0.0000', '0.0000'),
(482, 508, '0.0000', '0.0000', '0.0000'),
(482, 510, '0.0000', '0.0000', '0.0000'),
(482, 511, '0.0000', '0.0000', '0.0000'),
(482, 513, '0.0000', '0.0000', '0.0000'),
(482, 514, '0.0000', '0.0000', '0.0000'),
(483, 60, '0.0000', '0.0000', '0.0000'),
(483, 501, '0.0000', '0.0000', '0.0000'),
(483, 502, '0.0000', '0.0000', '0.0000'),
(483, 503, '0.0000', '0.0000', '0.0000'),
(483, 504, '0.0000', '0.0000', '0.0000'),
(483, 508, '0.0000', '0.0000', '0.0000'),
(483, 510, '0.0000', '0.0000', '0.0000'),
(483, 511, '0.0000', '0.0000', '0.0000'),
(483, 513, '0.0000', '0.0000', '0.0000'),
(483, 514, '0.0000', '0.0000', '0.0000'),
(484, 60, '0.0000', '0.0000', '0.0000'),
(484, 501, '0.0000', '0.0000', '0.0000'),
(484, 502, '0.0000', '0.0000', '0.0000'),
(484, 503, '0.0000', '0.0000', '0.0000'),
(484, 504, '0.0000', '0.0000', '0.0000'),
(484, 508, '0.0000', '0.0000', '0.0000'),
(484, 510, '0.0000', '0.0000', '0.0000'),
(484, 511, '0.0000', '0.0000', '0.0000'),
(484, 513, '0.0000', '0.0000', '0.0000'),
(484, 514, '0.0000', '0.0000', '0.0000'),
(485, 60, '0.0000', '0.0000', '0.0000'),
(485, 501, '0.0000', '0.0000', '0.0000'),
(485, 502, '0.0000', '0.0000', '0.0000'),
(485, 503, '0.0000', '0.0000', '0.0000'),
(485, 504, '0.0000', '0.0000', '0.0000'),
(485, 508, '0.0000', '0.0000', '0.0000'),
(485, 510, '0.0000', '0.0000', '0.0000'),
(485, 511, '0.0000', '0.0000', '0.0000'),
(485, 513, '0.0000', '0.0000', '0.0000'),
(485, 514, '0.0000', '0.0000', '0.0000'),
(486, 60, '0.0000', '0.0000', '0.0000'),
(486, 501, '0.0000', '0.0000', '0.0000'),
(486, 502, '0.0000', '0.0000', '0.0000'),
(486, 503, '0.0000', '0.0000', '0.0000'),
(486, 504, '0.0000', '0.0000', '0.0000'),
(486, 508, '0.0000', '0.0000', '0.0000'),
(486, 510, '0.0000', '0.0000', '0.0000'),
(486, 511, '0.0000', '0.0000', '0.0000'),
(486, 513, '0.0000', '0.0000', '0.0000'),
(486, 514, '0.0000', '0.0000', '0.0000'),
(487, 60, '0.0000', '0.0000', '0.0000'),
(487, 501, '0.0000', '0.0000', '0.0000'),
(487, 502, '0.0000', '0.0000', '0.0000'),
(487, 503, '0.0000', '0.0000', '0.0000'),
(487, 504, '0.0000', '0.0000', '0.0000'),
(487, 508, '0.0000', '0.0000', '0.0000'),
(487, 510, '0.0000', '0.0000', '0.0000'),
(487, 511, '0.0000', '0.0000', '0.0000'),
(487, 513, '0.0000', '0.0000', '0.0000'),
(487, 514, '0.0000', '0.0000', '0.0000'),
(488, 60, '0.0000', '0.0000', '0.0000'),
(488, 501, '0.0000', '0.0000', '0.0000'),
(488, 502, '0.0000', '0.0000', '0.0000'),
(488, 503, '0.0000', '0.0000', '0.0000'),
(488, 504, '0.0000', '0.0000', '0.0000'),
(488, 508, '0.0000', '0.0000', '0.0000'),
(488, 510, '0.0000', '0.0000', '0.0000'),
(488, 511, '0.0000', '0.0000', '0.0000'),
(488, 513, '0.0000', '0.0000', '0.0000'),
(488, 514, '0.0000', '0.0000', '0.0000'),
(489, 60, '0.0000', '0.0000', '0.0000'),
(489, 501, '0.0000', '0.0000', '0.0000'),
(489, 502, '0.0000', '0.0000', '0.0000'),
(489, 503, '0.0000', '0.0000', '0.0000'),
(489, 504, '0.0000', '0.0000', '0.0000'),
(489, 508, '0.0000', '0.0000', '0.0000'),
(489, 510, '0.0000', '0.0000', '0.0000'),
(489, 511, '0.0000', '0.0000', '0.0000'),
(489, 513, '0.0000', '0.0000', '0.0000'),
(489, 514, '0.0000', '0.0000', '0.0000'),
(490, 60, '0.0000', '0.0000', '0.0000'),
(490, 501, '0.0000', '0.0000', '0.0000'),
(490, 502, '0.0000', '0.0000', '0.0000'),
(490, 503, '0.0000', '0.0000', '0.0000'),
(490, 504, '0.0000', '0.0000', '0.0000'),
(490, 508, '0.0000', '0.0000', '0.0000'),
(490, 510, '0.0000', '0.0000', '0.0000'),
(490, 511, '0.0000', '0.0000', '0.0000'),
(490, 513, '0.0000', '0.0000', '0.0000'),
(490, 514, '0.0000', '0.0000', '0.0000'),
(491, 60, '0.0000', '0.0000', '0.0000'),
(491, 501, '0.0000', '0.0000', '0.0000'),
(491, 502, '0.0000', '0.0000', '0.0000'),
(491, 503, '0.0000', '0.0000', '0.0000'),
(491, 504, '0.0000', '0.0000', '0.0000'),
(491, 508, '0.0000', '0.0000', '0.0000'),
(491, 510, '0.0000', '0.0000', '0.0000'),
(491, 511, '0.0000', '0.0000', '0.0000'),
(491, 513, '0.0000', '0.0000', '0.0000'),
(491, 514, '0.0000', '0.0000', '0.0000'),
(492, 60, '0.0000', '0.0000', '0.0000'),
(492, 501, '0.0000', '0.0000', '0.0000'),
(492, 502, '0.0000', '0.0000', '0.0000'),
(492, 503, '0.0000', '0.0000', '0.0000'),
(492, 504, '0.0000', '0.0000', '0.0000'),
(492, 508, '0.0000', '0.0000', '0.0000'),
(492, 510, '0.0000', '0.0000', '0.0000'),
(492, 511, '0.0000', '0.0000', '0.0000'),
(492, 513, '0.0000', '0.0000', '0.0000'),
(492, 514, '0.0000', '0.0000', '0.0000'),
(493, 60, '0.0000', '0.0000', '0.0000'),
(493, 501, '0.0000', '0.0000', '0.0000'),
(493, 502, '0.0000', '0.0000', '0.0000'),
(493, 503, '0.0000', '0.0000', '0.0000'),
(493, 504, '0.0000', '0.0000', '0.0000'),
(493, 508, '0.0000', '0.0000', '0.0000'),
(493, 510, '0.0000', '0.0000', '0.0000'),
(493, 511, '0.0000', '0.0000', '0.0000'),
(493, 513, '0.0000', '0.0000', '0.0000'),
(493, 514, '0.0000', '0.0000', '0.0000'),
(494, 60, '0.0000', '0.0000', '0.0000'),
(494, 501, '0.0000', '0.0000', '0.0000'),
(494, 502, '0.0000', '0.0000', '0.0000'),
(494, 503, '0.0000', '0.0000', '0.0000'),
(494, 504, '0.0000', '0.0000', '0.0000'),
(494, 508, '0.0000', '0.0000', '0.0000'),
(494, 510, '0.0000', '0.0000', '0.0000'),
(494, 511, '0.0000', '0.0000', '0.0000'),
(494, 513, '0.0000', '0.0000', '0.0000'),
(494, 514, '0.0000', '0.0000', '0.0000'),
(495, 60, '0.0000', '0.0000', '0.0000'),
(495, 501, '0.0000', '0.0000', '0.0000'),
(495, 502, '0.0000', '0.0000', '0.0000'),
(495, 503, '0.0000', '0.0000', '0.0000'),
(495, 504, '0.0000', '0.0000', '0.0000'),
(495, 508, '0.0000', '0.0000', '0.0000'),
(495, 510, '0.0000', '0.0000', '0.0000'),
(495, 511, '0.0000', '0.0000', '0.0000'),
(495, 513, '0.0000', '0.0000', '0.0000'),
(495, 514, '0.0000', '0.0000', '0.0000'),
(496, 60, '0.0000', '0.0000', '0.0000'),
(496, 501, '0.0000', '0.0000', '0.0000'),
(496, 502, '0.0000', '0.0000', '0.0000'),
(496, 503, '0.0000', '0.0000', '0.0000'),
(496, 504, '0.0000', '0.0000', '0.0000'),
(496, 508, '0.0000', '0.0000', '0.0000'),
(496, 510, '0.0000', '0.0000', '0.0000'),
(496, 511, '0.0000', '0.0000', '0.0000'),
(496, 513, '0.0000', '0.0000', '0.0000'),
(496, 514, '0.0000', '0.0000', '0.0000'),
(497, 60, '0.0000', '0.0000', '0.0000'),
(497, 501, '0.0000', '0.0000', '0.0000'),
(497, 502, '0.0000', '0.0000', '0.0000'),
(497, 503, '0.0000', '0.0000', '0.0000'),
(497, 504, '0.0000', '0.0000', '0.0000'),
(497, 508, '0.0000', '0.0000', '0.0000'),
(497, 510, '0.0000', '0.0000', '0.0000'),
(497, 511, '0.0000', '0.0000', '0.0000'),
(497, 513, '0.0000', '0.0000', '0.0000'),
(497, 514, '0.0000', '0.0000', '0.0000'),
(498, 60, '0.0000', '0.0000', '0.0000'),
(498, 501, '0.0000', '0.0000', '0.0000'),
(498, 502, '0.0000', '0.0000', '0.0000'),
(498, 503, '0.0000', '0.0000', '0.0000'),
(498, 504, '0.0000', '0.0000', '0.0000'),
(498, 508, '0.0000', '0.0000', '0.0000'),
(498, 510, '0.0000', '0.0000', '0.0000'),
(498, 511, '0.0000', '0.0000', '0.0000'),
(498, 513, '0.0000', '0.0000', '0.0000'),
(498, 514, '0.0000', '0.0000', '0.0000'),
(499, 60, '0.0000', '0.0000', '0.0000'),
(499, 501, '0.0000', '0.0000', '0.0000'),
(499, 502, '0.0000', '0.0000', '0.0000'),
(499, 503, '0.0000', '0.0000', '0.0000'),
(499, 504, '0.0000', '0.0000', '0.0000'),
(499, 508, '0.0000', '0.0000', '0.0000'),
(499, 510, '0.0000', '0.0000', '0.0000'),
(499, 511, '0.0000', '0.0000', '0.0000'),
(499, 513, '0.0000', '0.0000', '0.0000'),
(499, 514, '0.0000', '0.0000', '0.0000'),
(500, 60, '0.0000', '0.0000', '0.0000'),
(500, 501, '0.0000', '0.0000', '0.0000'),
(500, 502, '0.0000', '0.0000', '0.0000'),
(500, 503, '0.0000', '0.0000', '0.0000'),
(500, 504, '0.0000', '0.0000', '0.0000'),
(500, 508, '0.0000', '0.0000', '0.0000'),
(500, 510, '0.0000', '0.0000', '0.0000'),
(500, 511, '0.0000', '0.0000', '0.0000'),
(500, 513, '0.0000', '0.0000', '0.0000'),
(500, 514, '0.0000', '0.0000', '0.0000');
INSERT INTO `producto_has_unidad_negocio` (`producto_id`, `unidad_negocio_id`, `stock_venta`, `stock_minimo`, `stock_maximo`) VALUES
(501, 60, '0.0000', '0.0000', '0.0000'),
(501, 501, '0.0000', '0.0000', '0.0000'),
(501, 502, '0.0000', '0.0000', '0.0000'),
(501, 503, '0.0000', '0.0000', '0.0000'),
(501, 504, '0.0000', '0.0000', '0.0000'),
(501, 508, '0.0000', '0.0000', '0.0000'),
(501, 510, '0.0000', '0.0000', '0.0000'),
(501, 511, '0.0000', '0.0000', '0.0000'),
(501, 513, '0.0000', '0.0000', '0.0000'),
(501, 514, '0.0000', '0.0000', '0.0000'),
(502, 60, '0.0000', '0.0000', '0.0000'),
(502, 501, '0.0000', '0.0000', '0.0000'),
(502, 502, '0.0000', '0.0000', '0.0000'),
(502, 503, '0.0000', '0.0000', '0.0000'),
(502, 504, '0.0000', '0.0000', '0.0000'),
(502, 508, '0.0000', '0.0000', '0.0000'),
(502, 510, '0.0000', '0.0000', '0.0000'),
(502, 511, '0.0000', '0.0000', '0.0000'),
(502, 513, '0.0000', '0.0000', '0.0000'),
(502, 514, '0.0000', '0.0000', '0.0000'),
(503, 60, '0.0000', '0.0000', '0.0000'),
(503, 501, '0.0000', '0.0000', '0.0000'),
(503, 502, '0.0000', '0.0000', '0.0000'),
(503, 503, '0.0000', '0.0000', '0.0000'),
(503, 504, '0.0000', '0.0000', '0.0000'),
(503, 508, '0.0000', '0.0000', '0.0000'),
(503, 510, '0.0000', '0.0000', '0.0000'),
(503, 511, '0.0000', '0.0000', '0.0000'),
(503, 513, '0.0000', '0.0000', '0.0000'),
(503, 514, '0.0000', '0.0000', '0.0000'),
(504, 60, '0.0000', '0.0000', '0.0000'),
(504, 501, '0.0000', '0.0000', '0.0000'),
(504, 502, '0.0000', '0.0000', '0.0000'),
(504, 503, '0.0000', '0.0000', '0.0000'),
(504, 504, '0.0000', '0.0000', '0.0000'),
(504, 508, '0.0000', '0.0000', '0.0000'),
(504, 510, '0.0000', '0.0000', '0.0000'),
(504, 511, '0.0000', '0.0000', '0.0000'),
(504, 513, '0.0000', '0.0000', '0.0000'),
(504, 514, '0.0000', '0.0000', '0.0000'),
(505, 60, '0.0000', '0.0000', '0.0000'),
(505, 501, '0.0000', '0.0000', '0.0000'),
(505, 502, '0.0000', '0.0000', '0.0000'),
(505, 503, '0.0000', '0.0000', '0.0000'),
(505, 504, '0.0000', '0.0000', '0.0000'),
(505, 508, '0.0000', '0.0000', '0.0000'),
(505, 510, '0.0000', '0.0000', '0.0000'),
(505, 511, '0.0000', '0.0000', '0.0000'),
(505, 513, '0.0000', '0.0000', '0.0000'),
(505, 514, '0.0000', '0.0000', '0.0000'),
(506, 60, '0.0000', '0.0000', '0.0000'),
(506, 501, '0.0000', '0.0000', '0.0000'),
(506, 502, '0.0000', '0.0000', '0.0000'),
(506, 503, '0.0000', '0.0000', '0.0000'),
(506, 504, '0.0000', '0.0000', '0.0000'),
(506, 508, '0.0000', '0.0000', '0.0000'),
(506, 510, '0.0000', '0.0000', '0.0000'),
(506, 511, '0.0000', '0.0000', '0.0000'),
(506, 513, '0.0000', '0.0000', '0.0000'),
(506, 514, '0.0000', '0.0000', '0.0000'),
(507, 60, '0.0000', '0.0000', '0.0000'),
(507, 501, '0.0000', '0.0000', '0.0000'),
(507, 502, '0.0000', '0.0000', '0.0000'),
(507, 503, '0.0000', '0.0000', '0.0000'),
(507, 504, '0.0000', '0.0000', '0.0000'),
(507, 508, '0.0000', '0.0000', '0.0000'),
(507, 510, '0.0000', '0.0000', '0.0000'),
(507, 511, '0.0000', '0.0000', '0.0000'),
(507, 513, '0.0000', '0.0000', '0.0000'),
(507, 514, '0.0000', '0.0000', '0.0000'),
(508, 60, '0.0000', '0.0000', '0.0000'),
(508, 501, '0.0000', '0.0000', '0.0000'),
(508, 502, '0.0000', '0.0000', '0.0000'),
(508, 503, '0.0000', '0.0000', '0.0000'),
(508, 504, '0.0000', '0.0000', '0.0000'),
(508, 508, '0.0000', '0.0000', '0.0000'),
(508, 510, '0.0000', '0.0000', '0.0000'),
(508, 511, '0.0000', '0.0000', '0.0000'),
(508, 513, '0.0000', '0.0000', '0.0000'),
(508, 514, '0.0000', '0.0000', '0.0000'),
(509, 60, '0.0000', '0.0000', '0.0000'),
(509, 501, '0.0000', '0.0000', '0.0000'),
(509, 502, '0.0000', '0.0000', '0.0000'),
(509, 503, '0.0000', '0.0000', '0.0000'),
(509, 504, '0.0000', '0.0000', '0.0000'),
(509, 508, '0.0000', '0.0000', '0.0000'),
(509, 510, '0.0000', '0.0000', '0.0000'),
(509, 511, '0.0000', '0.0000', '0.0000'),
(509, 513, '0.0000', '0.0000', '0.0000'),
(509, 514, '0.0000', '0.0000', '0.0000'),
(510, 60, '0.0000', '0.0000', '0.0000'),
(510, 501, '0.0000', '0.0000', '0.0000'),
(510, 502, '0.0000', '0.0000', '0.0000'),
(510, 503, '0.0000', '0.0000', '0.0000'),
(510, 504, '0.0000', '0.0000', '0.0000'),
(510, 508, '0.0000', '0.0000', '0.0000'),
(510, 510, '0.0000', '0.0000', '0.0000'),
(510, 511, '0.0000', '0.0000', '0.0000'),
(510, 513, '0.0000', '0.0000', '0.0000'),
(510, 514, '0.0000', '0.0000', '0.0000'),
(511, 60, '0.0000', '0.0000', '0.0000'),
(511, 501, '0.0000', '0.0000', '0.0000'),
(511, 502, '0.0000', '0.0000', '0.0000'),
(511, 503, '0.0000', '0.0000', '0.0000'),
(511, 504, '0.0000', '0.0000', '0.0000'),
(511, 508, '0.0000', '0.0000', '0.0000'),
(511, 510, '0.0000', '0.0000', '0.0000'),
(511, 511, '0.0000', '0.0000', '0.0000'),
(511, 513, '0.0000', '0.0000', '0.0000'),
(511, 514, '0.0000', '0.0000', '0.0000'),
(512, 60, '0.0000', '0.0000', '0.0000'),
(512, 501, '0.0000', '0.0000', '0.0000'),
(512, 502, '0.0000', '0.0000', '0.0000'),
(512, 503, '0.0000', '0.0000', '0.0000'),
(512, 504, '0.0000', '0.0000', '0.0000'),
(512, 508, '0.0000', '0.0000', '0.0000'),
(512, 510, '0.0000', '0.0000', '0.0000'),
(512, 511, '0.0000', '0.0000', '0.0000'),
(512, 513, '0.0000', '0.0000', '0.0000'),
(512, 514, '0.0000', '0.0000', '0.0000'),
(513, 60, '0.0000', '0.0000', '0.0000'),
(513, 501, '0.0000', '0.0000', '0.0000'),
(513, 502, '0.0000', '0.0000', '0.0000'),
(513, 503, '0.0000', '0.0000', '0.0000'),
(513, 504, '0.0000', '0.0000', '0.0000'),
(513, 508, '0.0000', '0.0000', '0.0000'),
(513, 510, '0.0000', '0.0000', '0.0000'),
(513, 511, '0.0000', '0.0000', '0.0000'),
(513, 513, '0.0000', '0.0000', '0.0000'),
(513, 514, '0.0000', '0.0000', '0.0000'),
(514, 60, '0.0000', '0.0000', '0.0000'),
(514, 501, '0.0000', '0.0000', '0.0000'),
(514, 502, '0.0000', '0.0000', '0.0000'),
(514, 503, '0.0000', '0.0000', '0.0000'),
(514, 504, '0.0000', '0.0000', '0.0000'),
(514, 508, '0.0000', '0.0000', '0.0000'),
(514, 510, '0.0000', '0.0000', '0.0000'),
(514, 511, '0.0000', '0.0000', '0.0000'),
(514, 513, '0.0000', '0.0000', '0.0000'),
(514, 514, '0.0000', '0.0000', '0.0000'),
(515, 60, '0.0000', '0.0000', '0.0000'),
(515, 501, '0.0000', '0.0000', '0.0000'),
(515, 502, '0.0000', '0.0000', '0.0000'),
(515, 503, '0.0000', '0.0000', '0.0000'),
(515, 504, '0.0000', '0.0000', '0.0000'),
(515, 508, '0.0000', '0.0000', '0.0000'),
(515, 510, '0.0000', '0.0000', '0.0000'),
(515, 511, '0.0000', '0.0000', '0.0000'),
(515, 513, '0.0000', '0.0000', '0.0000'),
(515, 514, '0.0000', '0.0000', '0.0000'),
(516, 60, '0.0000', '0.0000', '0.0000'),
(516, 501, '0.0000', '0.0000', '0.0000'),
(516, 502, '0.0000', '0.0000', '0.0000'),
(516, 503, '0.0000', '0.0000', '0.0000'),
(516, 504, '0.0000', '0.0000', '0.0000'),
(516, 508, '0.0000', '0.0000', '0.0000'),
(516, 510, '0.0000', '0.0000', '0.0000'),
(516, 511, '0.0000', '0.0000', '0.0000'),
(516, 513, '0.0000', '0.0000', '0.0000'),
(516, 514, '0.0000', '0.0000', '0.0000'),
(517, 60, '0.0000', '0.0000', '0.0000'),
(517, 501, '0.0000', '0.0000', '0.0000'),
(517, 502, '0.0000', '0.0000', '0.0000'),
(517, 503, '0.0000', '0.0000', '0.0000'),
(517, 504, '0.0000', '0.0000', '0.0000'),
(517, 508, '0.0000', '0.0000', '0.0000'),
(517, 510, '0.0000', '0.0000', '0.0000'),
(517, 511, '0.0000', '0.0000', '0.0000'),
(517, 513, '0.0000', '0.0000', '0.0000'),
(517, 514, '0.0000', '0.0000', '0.0000'),
(518, 60, '0.0000', '0.0000', '0.0000'),
(518, 501, '0.0000', '0.0000', '0.0000'),
(518, 502, '0.0000', '0.0000', '0.0000'),
(518, 503, '0.0000', '0.0000', '0.0000'),
(518, 504, '0.0000', '0.0000', '0.0000'),
(518, 508, '0.0000', '0.0000', '0.0000'),
(518, 510, '0.0000', '0.0000', '0.0000'),
(518, 511, '0.0000', '0.0000', '0.0000'),
(518, 513, '0.0000', '0.0000', '0.0000'),
(518, 514, '0.0000', '0.0000', '0.0000'),
(519, 60, '0.0000', '0.0000', '0.0000'),
(519, 501, '0.0000', '0.0000', '0.0000'),
(519, 502, '0.0000', '0.0000', '0.0000'),
(519, 503, '0.0000', '0.0000', '0.0000'),
(519, 504, '0.0000', '0.0000', '0.0000'),
(519, 508, '0.0000', '0.0000', '0.0000'),
(519, 510, '0.0000', '0.0000', '0.0000'),
(519, 511, '0.0000', '0.0000', '0.0000'),
(519, 513, '0.0000', '0.0000', '0.0000'),
(519, 514, '0.0000', '0.0000', '0.0000'),
(520, 60, '0.0000', '0.0000', '0.0000'),
(520, 501, '0.0000', '0.0000', '0.0000'),
(520, 502, '0.0000', '0.0000', '0.0000'),
(520, 503, '0.0000', '0.0000', '0.0000'),
(520, 504, '0.0000', '0.0000', '0.0000'),
(520, 508, '0.0000', '0.0000', '0.0000'),
(520, 510, '0.0000', '0.0000', '0.0000'),
(520, 511, '0.0000', '0.0000', '0.0000'),
(520, 513, '0.0000', '0.0000', '0.0000'),
(520, 514, '0.0000', '0.0000', '0.0000'),
(521, 60, '0.0000', '0.0000', '0.0000'),
(521, 501, '0.0000', '0.0000', '0.0000'),
(521, 502, '0.0000', '0.0000', '0.0000'),
(521, 503, '0.0000', '0.0000', '0.0000'),
(521, 504, '0.0000', '0.0000', '0.0000'),
(521, 508, '0.0000', '0.0000', '0.0000'),
(521, 510, '0.0000', '0.0000', '0.0000'),
(521, 511, '0.0000', '0.0000', '0.0000'),
(521, 513, '0.0000', '0.0000', '0.0000'),
(521, 514, '0.0000', '0.0000', '0.0000'),
(522, 60, '0.0000', '0.0000', '0.0000'),
(522, 501, '0.0000', '0.0000', '0.0000'),
(522, 502, '0.0000', '0.0000', '0.0000'),
(522, 503, '0.0000', '0.0000', '0.0000'),
(522, 504, '0.0000', '0.0000', '0.0000'),
(522, 508, '0.0000', '0.0000', '0.0000'),
(522, 510, '0.0000', '0.0000', '0.0000'),
(522, 511, '0.0000', '0.0000', '0.0000'),
(522, 513, '0.0000', '0.0000', '0.0000'),
(522, 514, '0.0000', '0.0000', '0.0000'),
(523, 60, '0.0000', '0.0000', '0.0000'),
(523, 501, '0.0000', '0.0000', '0.0000'),
(523, 502, '0.0000', '0.0000', '0.0000'),
(523, 503, '0.0000', '0.0000', '0.0000'),
(523, 504, '0.0000', '0.0000', '0.0000'),
(523, 508, '0.0000', '0.0000', '0.0000'),
(523, 510, '0.0000', '0.0000', '0.0000'),
(523, 511, '0.0000', '0.0000', '0.0000'),
(523, 513, '0.0000', '0.0000', '0.0000'),
(523, 514, '0.0000', '0.0000', '0.0000'),
(524, 60, '0.0000', '0.0000', '0.0000'),
(524, 501, '0.0000', '0.0000', '0.0000'),
(524, 502, '0.0000', '0.0000', '0.0000'),
(524, 503, '0.0000', '0.0000', '0.0000'),
(524, 504, '0.0000', '0.0000', '0.0000'),
(524, 508, '0.0000', '0.0000', '0.0000'),
(524, 510, '0.0000', '0.0000', '0.0000'),
(524, 511, '0.0000', '0.0000', '0.0000'),
(524, 513, '0.0000', '0.0000', '0.0000'),
(524, 514, '0.0000', '0.0000', '0.0000'),
(525, 60, '0.0000', '0.0000', '0.0000'),
(525, 501, '0.0000', '0.0000', '0.0000'),
(525, 502, '0.0000', '0.0000', '0.0000'),
(525, 503, '0.0000', '0.0000', '0.0000'),
(525, 504, '0.0000', '0.0000', '0.0000'),
(525, 508, '0.0000', '0.0000', '0.0000'),
(525, 510, '0.0000', '0.0000', '0.0000'),
(525, 511, '0.0000', '0.0000', '0.0000'),
(525, 513, '0.0000', '0.0000', '0.0000'),
(525, 514, '0.0000', '0.0000', '0.0000'),
(526, 60, '0.0000', '0.0000', '0.0000'),
(526, 501, '0.0000', '0.0000', '0.0000'),
(526, 502, '0.0000', '0.0000', '0.0000'),
(526, 503, '0.0000', '0.0000', '0.0000'),
(526, 504, '0.0000', '0.0000', '0.0000'),
(526, 508, '0.0000', '0.0000', '0.0000'),
(526, 510, '0.0000', '0.0000', '0.0000'),
(526, 511, '0.0000', '0.0000', '0.0000'),
(526, 513, '0.0000', '0.0000', '0.0000'),
(526, 514, '0.0000', '0.0000', '0.0000'),
(527, 60, '0.0000', '0.0000', '0.0000'),
(527, 501, '0.0000', '0.0000', '0.0000'),
(527, 502, '0.0000', '0.0000', '0.0000'),
(527, 503, '0.0000', '0.0000', '0.0000'),
(527, 504, '0.0000', '0.0000', '0.0000'),
(527, 508, '0.0000', '0.0000', '0.0000'),
(527, 510, '0.0000', '0.0000', '0.0000'),
(527, 511, '0.0000', '0.0000', '0.0000'),
(527, 513, '0.0000', '0.0000', '0.0000'),
(527, 514, '0.0000', '0.0000', '0.0000'),
(528, 60, '0.0000', '0.0000', '0.0000'),
(528, 501, '0.0000', '0.0000', '0.0000'),
(528, 502, '0.0000', '0.0000', '0.0000'),
(528, 503, '0.0000', '0.0000', '0.0000'),
(528, 504, '0.0000', '0.0000', '0.0000'),
(528, 508, '0.0000', '0.0000', '0.0000'),
(528, 510, '0.0000', '0.0000', '0.0000'),
(528, 511, '0.0000', '0.0000', '0.0000'),
(528, 513, '0.0000', '0.0000', '0.0000'),
(528, 514, '0.0000', '0.0000', '0.0000'),
(529, 60, '0.0000', '0.0000', '0.0000'),
(529, 501, '0.0000', '0.0000', '0.0000'),
(529, 502, '0.0000', '0.0000', '0.0000'),
(529, 503, '0.0000', '0.0000', '0.0000'),
(529, 504, '0.0000', '0.0000', '0.0000'),
(529, 508, '0.0000', '0.0000', '0.0000'),
(529, 510, '0.0000', '0.0000', '0.0000'),
(529, 511, '0.0000', '0.0000', '0.0000'),
(529, 513, '0.0000', '0.0000', '0.0000'),
(529, 514, '0.0000', '0.0000', '0.0000'),
(530, 60, '0.0000', '0.0000', '0.0000'),
(530, 501, '0.0000', '0.0000', '0.0000'),
(530, 502, '0.0000', '0.0000', '0.0000'),
(530, 503, '0.0000', '0.0000', '0.0000'),
(530, 504, '0.0000', '0.0000', '0.0000'),
(530, 508, '0.0000', '0.0000', '0.0000'),
(530, 510, '0.0000', '0.0000', '0.0000'),
(530, 511, '0.0000', '0.0000', '0.0000'),
(530, 513, '0.0000', '0.0000', '0.0000'),
(530, 514, '0.0000', '0.0000', '0.0000'),
(531, 60, '0.0000', '0.0000', '0.0000'),
(531, 501, '0.0000', '0.0000', '0.0000'),
(531, 502, '0.0000', '0.0000', '0.0000'),
(531, 503, '0.0000', '0.0000', '0.0000'),
(531, 504, '0.0000', '0.0000', '0.0000'),
(531, 508, '0.0000', '0.0000', '0.0000'),
(531, 510, '0.0000', '0.0000', '0.0000'),
(531, 511, '0.0000', '0.0000', '0.0000'),
(531, 513, '0.0000', '0.0000', '0.0000'),
(531, 514, '0.0000', '0.0000', '0.0000'),
(532, 60, '0.0000', '0.0000', '0.0000'),
(532, 501, '0.0000', '0.0000', '0.0000'),
(532, 502, '0.0000', '0.0000', '0.0000'),
(532, 503, '0.0000', '0.0000', '0.0000'),
(532, 504, '0.0000', '0.0000', '0.0000'),
(532, 508, '0.0000', '0.0000', '0.0000'),
(532, 510, '0.0000', '0.0000', '0.0000'),
(532, 511, '0.0000', '0.0000', '0.0000'),
(532, 513, '0.0000', '0.0000', '0.0000'),
(532, 514, '0.0000', '0.0000', '0.0000'),
(533, 60, '0.0000', '0.0000', '0.0000'),
(533, 501, '0.0000', '0.0000', '0.0000'),
(533, 502, '0.0000', '0.0000', '0.0000'),
(533, 503, '0.0000', '0.0000', '0.0000'),
(533, 504, '0.0000', '0.0000', '0.0000'),
(533, 508, '0.0000', '0.0000', '0.0000'),
(533, 510, '0.0000', '0.0000', '0.0000'),
(533, 511, '0.0000', '0.0000', '0.0000'),
(533, 513, '0.0000', '0.0000', '0.0000'),
(533, 514, '0.0000', '0.0000', '0.0000'),
(534, 60, '0.0000', '0.0000', '0.0000'),
(534, 501, '0.0000', '0.0000', '0.0000'),
(534, 502, '0.0000', '0.0000', '0.0000'),
(534, 503, '0.0000', '0.0000', '0.0000'),
(534, 504, '0.0000', '0.0000', '0.0000'),
(534, 508, '0.0000', '0.0000', '0.0000'),
(534, 510, '0.0000', '0.0000', '0.0000'),
(534, 511, '0.0000', '0.0000', '0.0000'),
(534, 513, '0.0000', '0.0000', '0.0000'),
(534, 514, '0.0000', '0.0000', '0.0000'),
(535, 60, '0.0000', '0.0000', '0.0000'),
(535, 501, '0.0000', '0.0000', '0.0000'),
(535, 502, '0.0000', '0.0000', '0.0000'),
(535, 503, '0.0000', '0.0000', '0.0000'),
(535, 504, '0.0000', '0.0000', '0.0000'),
(535, 508, '0.0000', '0.0000', '0.0000'),
(535, 510, '0.0000', '0.0000', '0.0000'),
(535, 511, '0.0000', '0.0000', '0.0000'),
(535, 513, '0.0000', '0.0000', '0.0000'),
(535, 514, '0.0000', '0.0000', '0.0000'),
(536, 60, '0.0000', '0.0000', '0.0000'),
(536, 501, '0.0000', '0.0000', '0.0000'),
(536, 502, '0.0000', '0.0000', '0.0000'),
(536, 503, '0.0000', '0.0000', '0.0000'),
(536, 504, '0.0000', '0.0000', '0.0000'),
(536, 508, '0.0000', '0.0000', '0.0000'),
(536, 510, '0.0000', '0.0000', '0.0000'),
(536, 511, '0.0000', '0.0000', '0.0000'),
(536, 513, '0.0000', '0.0000', '0.0000'),
(536, 514, '0.0000', '0.0000', '0.0000'),
(537, 60, '0.0000', '0.0000', '0.0000'),
(537, 501, '0.0000', '0.0000', '0.0000'),
(537, 502, '0.0000', '0.0000', '0.0000'),
(537, 503, '0.0000', '0.0000', '0.0000'),
(537, 504, '0.0000', '0.0000', '0.0000'),
(537, 508, '0.0000', '0.0000', '0.0000'),
(537, 510, '0.0000', '0.0000', '0.0000'),
(537, 511, '0.0000', '0.0000', '0.0000'),
(537, 513, '0.0000', '0.0000', '0.0000'),
(537, 514, '0.0000', '0.0000', '0.0000'),
(538, 60, '0.0000', '0.0000', '0.0000'),
(538, 501, '0.0000', '0.0000', '0.0000'),
(538, 502, '0.0000', '0.0000', '0.0000'),
(538, 503, '0.0000', '0.0000', '0.0000'),
(538, 504, '0.0000', '0.0000', '0.0000'),
(538, 508, '0.0000', '0.0000', '0.0000'),
(538, 510, '0.0000', '0.0000', '0.0000'),
(538, 511, '0.0000', '0.0000', '0.0000'),
(538, 513, '0.0000', '0.0000', '0.0000'),
(538, 514, '0.0000', '0.0000', '0.0000'),
(539, 60, '0.0000', '0.0000', '0.0000'),
(539, 501, '0.0000', '0.0000', '0.0000'),
(539, 502, '0.0000', '0.0000', '0.0000'),
(539, 503, '0.0000', '0.0000', '0.0000'),
(539, 504, '0.0000', '0.0000', '0.0000'),
(539, 508, '0.0000', '0.0000', '0.0000'),
(539, 510, '0.0000', '0.0000', '0.0000'),
(539, 511, '0.0000', '0.0000', '0.0000'),
(539, 513, '0.0000', '0.0000', '0.0000'),
(539, 514, '0.0000', '0.0000', '0.0000'),
(540, 60, '0.0000', '0.0000', '0.0000'),
(540, 501, '0.0000', '0.0000', '0.0000'),
(540, 502, '0.0000', '0.0000', '0.0000'),
(540, 503, '0.0000', '0.0000', '0.0000'),
(540, 504, '0.0000', '0.0000', '0.0000'),
(540, 508, '0.0000', '0.0000', '0.0000'),
(540, 510, '0.0000', '0.0000', '0.0000'),
(540, 511, '0.0000', '0.0000', '0.0000'),
(540, 513, '0.0000', '0.0000', '0.0000'),
(540, 514, '0.0000', '0.0000', '0.0000'),
(541, 60, '0.0000', '0.0000', '0.0000'),
(541, 501, '0.0000', '0.0000', '0.0000'),
(541, 502, '0.0000', '0.0000', '0.0000'),
(541, 503, '0.0000', '0.0000', '0.0000'),
(541, 504, '0.0000', '0.0000', '0.0000'),
(541, 508, '0.0000', '0.0000', '0.0000'),
(541, 510, '0.0000', '0.0000', '0.0000'),
(541, 511, '0.0000', '0.0000', '0.0000'),
(541, 513, '0.0000', '0.0000', '0.0000'),
(541, 514, '0.0000', '0.0000', '0.0000'),
(542, 60, '0.0000', '0.0000', '0.0000'),
(542, 501, '0.0000', '0.0000', '0.0000'),
(542, 502, '0.0000', '0.0000', '0.0000'),
(542, 503, '0.0000', '0.0000', '0.0000'),
(542, 504, '0.0000', '0.0000', '0.0000'),
(542, 508, '0.0000', '0.0000', '0.0000'),
(542, 510, '0.0000', '0.0000', '0.0000'),
(542, 511, '0.0000', '0.0000', '0.0000'),
(542, 513, '0.0000', '0.0000', '0.0000'),
(542, 514, '0.0000', '0.0000', '0.0000'),
(543, 60, '0.0000', '0.0000', '0.0000'),
(543, 501, '0.0000', '0.0000', '0.0000'),
(543, 502, '0.0000', '0.0000', '0.0000'),
(543, 503, '0.0000', '0.0000', '0.0000'),
(543, 504, '0.0000', '0.0000', '0.0000'),
(543, 508, '0.0000', '0.0000', '0.0000'),
(543, 510, '0.0000', '0.0000', '0.0000'),
(543, 511, '0.0000', '0.0000', '0.0000'),
(543, 513, '0.0000', '0.0000', '0.0000'),
(543, 514, '0.0000', '0.0000', '0.0000'),
(544, 60, '0.0000', '0.0000', '0.0000'),
(544, 501, '0.0000', '0.0000', '0.0000'),
(544, 502, '0.0000', '0.0000', '0.0000'),
(544, 503, '0.0000', '0.0000', '0.0000'),
(544, 504, '0.0000', '0.0000', '0.0000'),
(544, 508, '0.0000', '0.0000', '0.0000'),
(544, 510, '0.0000', '0.0000', '0.0000'),
(544, 511, '0.0000', '0.0000', '0.0000'),
(544, 513, '0.0000', '0.0000', '0.0000'),
(544, 514, '0.0000', '0.0000', '0.0000'),
(545, 60, '0.0000', '0.0000', '0.0000'),
(545, 501, '0.0000', '0.0000', '0.0000'),
(545, 502, '0.0000', '0.0000', '0.0000'),
(545, 503, '0.0000', '0.0000', '0.0000'),
(545, 504, '0.0000', '0.0000', '0.0000'),
(545, 508, '0.0000', '0.0000', '0.0000'),
(545, 510, '0.0000', '0.0000', '0.0000'),
(545, 511, '0.0000', '0.0000', '0.0000'),
(545, 513, '0.0000', '0.0000', '0.0000'),
(545, 514, '0.0000', '0.0000', '0.0000'),
(546, 60, '0.0000', '0.0000', '0.0000'),
(546, 501, '0.0000', '0.0000', '0.0000'),
(546, 502, '0.0000', '0.0000', '0.0000'),
(546, 503, '0.0000', '0.0000', '0.0000'),
(546, 504, '0.0000', '0.0000', '0.0000'),
(546, 508, '0.0000', '0.0000', '0.0000'),
(546, 510, '0.0000', '0.0000', '0.0000'),
(546, 511, '0.0000', '0.0000', '0.0000'),
(546, 513, '0.0000', '0.0000', '0.0000'),
(546, 514, '0.0000', '0.0000', '0.0000'),
(547, 60, '0.0000', '0.0000', '0.0000'),
(547, 501, '0.0000', '0.0000', '0.0000'),
(547, 502, '0.0000', '0.0000', '0.0000'),
(547, 503, '0.0000', '0.0000', '0.0000'),
(547, 504, '0.0000', '0.0000', '0.0000'),
(547, 508, '0.0000', '0.0000', '0.0000'),
(547, 510, '0.0000', '0.0000', '0.0000'),
(547, 511, '0.0000', '0.0000', '0.0000'),
(547, 513, '0.0000', '0.0000', '0.0000'),
(547, 514, '0.0000', '0.0000', '0.0000'),
(548, 60, '0.0000', '0.0000', '0.0000'),
(548, 501, '0.0000', '0.0000', '0.0000'),
(548, 502, '0.0000', '0.0000', '0.0000'),
(548, 503, '0.0000', '0.0000', '0.0000'),
(548, 504, '0.0000', '0.0000', '0.0000'),
(548, 508, '0.0000', '0.0000', '0.0000'),
(548, 510, '0.0000', '0.0000', '0.0000'),
(548, 511, '0.0000', '0.0000', '0.0000'),
(548, 513, '0.0000', '0.0000', '0.0000'),
(548, 514, '0.0000', '0.0000', '0.0000'),
(549, 60, '0.0000', '0.0000', '0.0000'),
(549, 501, '0.0000', '0.0000', '0.0000'),
(549, 502, '0.0000', '0.0000', '0.0000'),
(549, 503, '0.0000', '0.0000', '0.0000'),
(549, 504, '0.0000', '0.0000', '0.0000'),
(549, 508, '0.0000', '0.0000', '0.0000'),
(549, 510, '0.0000', '0.0000', '0.0000'),
(549, 511, '0.0000', '0.0000', '0.0000'),
(549, 513, '0.0000', '0.0000', '0.0000'),
(549, 514, '0.0000', '0.0000', '0.0000'),
(550, 60, '0.0000', '0.0000', '0.0000'),
(550, 501, '0.0000', '0.0000', '0.0000'),
(550, 502, '0.0000', '0.0000', '0.0000'),
(550, 503, '0.0000', '0.0000', '0.0000'),
(550, 504, '0.0000', '0.0000', '0.0000'),
(550, 508, '0.0000', '0.0000', '0.0000'),
(550, 510, '0.0000', '0.0000', '0.0000'),
(550, 511, '0.0000', '0.0000', '0.0000'),
(550, 513, '0.0000', '0.0000', '0.0000'),
(550, 514, '0.0000', '0.0000', '0.0000'),
(551, 60, '0.0000', '0.0000', '0.0000'),
(551, 501, '0.0000', '0.0000', '0.0000'),
(551, 502, '0.0000', '0.0000', '0.0000'),
(551, 503, '0.0000', '0.0000', '0.0000'),
(551, 504, '0.0000', '0.0000', '0.0000'),
(551, 508, '0.0000', '0.0000', '0.0000'),
(551, 510, '0.0000', '0.0000', '0.0000'),
(551, 511, '0.0000', '0.0000', '0.0000'),
(551, 513, '0.0000', '0.0000', '0.0000'),
(551, 514, '0.0000', '0.0000', '0.0000'),
(552, 60, '0.0000', '0.0000', '0.0000'),
(552, 501, '0.0000', '0.0000', '0.0000'),
(552, 502, '0.0000', '0.0000', '0.0000'),
(552, 503, '0.0000', '0.0000', '0.0000'),
(552, 504, '0.0000', '0.0000', '0.0000'),
(552, 508, '0.0000', '0.0000', '0.0000'),
(552, 510, '0.0000', '0.0000', '0.0000'),
(552, 511, '0.0000', '0.0000', '0.0000'),
(552, 513, '0.0000', '0.0000', '0.0000'),
(552, 514, '0.0000', '0.0000', '0.0000'),
(553, 60, '0.0000', '0.0000', '0.0000'),
(553, 501, '0.0000', '0.0000', '0.0000'),
(553, 502, '0.0000', '0.0000', '0.0000'),
(553, 503, '0.0000', '0.0000', '0.0000'),
(553, 504, '0.0000', '0.0000', '0.0000'),
(553, 508, '0.0000', '0.0000', '0.0000'),
(553, 510, '0.0000', '0.0000', '0.0000'),
(553, 511, '0.0000', '0.0000', '0.0000'),
(553, 513, '0.0000', '0.0000', '0.0000'),
(553, 514, '0.0000', '0.0000', '0.0000'),
(554, 60, '0.0000', '0.0000', '0.0000'),
(554, 501, '0.0000', '0.0000', '0.0000'),
(554, 502, '0.0000', '0.0000', '0.0000'),
(554, 503, '0.0000', '0.0000', '0.0000'),
(554, 504, '0.0000', '0.0000', '0.0000'),
(554, 508, '0.0000', '0.0000', '0.0000'),
(554, 510, '0.0000', '0.0000', '0.0000'),
(554, 511, '0.0000', '0.0000', '0.0000'),
(554, 513, '0.0000', '0.0000', '0.0000'),
(554, 514, '0.0000', '0.0000', '0.0000'),
(555, 60, '0.0000', '0.0000', '0.0000'),
(555, 501, '0.0000', '0.0000', '0.0000'),
(555, 502, '0.0000', '0.0000', '0.0000'),
(555, 503, '0.0000', '0.0000', '0.0000'),
(555, 504, '0.0000', '0.0000', '0.0000'),
(555, 508, '0.0000', '0.0000', '0.0000'),
(555, 510, '0.0000', '0.0000', '0.0000'),
(555, 511, '0.0000', '0.0000', '0.0000'),
(555, 513, '0.0000', '0.0000', '0.0000'),
(555, 514, '0.0000', '0.0000', '0.0000'),
(556, 60, '0.0000', '0.0000', '0.0000'),
(556, 501, '0.0000', '0.0000', '0.0000'),
(556, 502, '0.0000', '0.0000', '0.0000'),
(556, 503, '0.0000', '0.0000', '0.0000'),
(556, 504, '0.0000', '0.0000', '0.0000'),
(556, 508, '0.0000', '0.0000', '0.0000'),
(556, 510, '0.0000', '0.0000', '0.0000'),
(556, 511, '0.0000', '0.0000', '0.0000'),
(556, 513, '0.0000', '0.0000', '0.0000'),
(556, 514, '0.0000', '0.0000', '0.0000'),
(557, 60, '0.0000', '0.0000', '0.0000'),
(557, 501, '0.0000', '0.0000', '0.0000'),
(557, 502, '0.0000', '0.0000', '0.0000'),
(557, 503, '0.0000', '0.0000', '0.0000'),
(557, 504, '0.0000', '0.0000', '0.0000'),
(557, 508, '0.0000', '0.0000', '0.0000'),
(557, 510, '0.0000', '0.0000', '0.0000'),
(557, 511, '0.0000', '0.0000', '0.0000'),
(557, 513, '0.0000', '0.0000', '0.0000'),
(557, 514, '0.0000', '0.0000', '0.0000'),
(558, 60, '0.0000', '0.0000', '0.0000'),
(558, 501, '0.0000', '0.0000', '0.0000'),
(558, 502, '0.0000', '0.0000', '0.0000'),
(558, 503, '0.0000', '0.0000', '0.0000'),
(558, 504, '0.0000', '0.0000', '0.0000'),
(558, 508, '0.0000', '0.0000', '0.0000'),
(558, 510, '0.0000', '0.0000', '0.0000'),
(558, 511, '0.0000', '0.0000', '0.0000'),
(558, 513, '0.0000', '0.0000', '0.0000'),
(558, 514, '0.0000', '0.0000', '0.0000'),
(559, 60, '0.0000', '0.0000', '0.0000'),
(559, 501, '0.0000', '0.0000', '0.0000'),
(559, 502, '0.0000', '0.0000', '0.0000'),
(559, 503, '0.0000', '0.0000', '0.0000'),
(559, 504, '0.0000', '0.0000', '0.0000'),
(559, 508, '0.0000', '0.0000', '0.0000'),
(559, 510, '0.0000', '0.0000', '0.0000'),
(559, 511, '0.0000', '0.0000', '0.0000'),
(559, 513, '0.0000', '0.0000', '0.0000'),
(559, 514, '0.0000', '0.0000', '0.0000'),
(560, 60, '0.0000', '0.0000', '0.0000'),
(560, 501, '0.0000', '0.0000', '0.0000'),
(560, 502, '0.0000', '0.0000', '0.0000'),
(560, 503, '0.0000', '0.0000', '0.0000'),
(560, 504, '0.0000', '0.0000', '0.0000'),
(560, 508, '0.0000', '0.0000', '0.0000'),
(560, 510, '0.0000', '0.0000', '0.0000'),
(560, 511, '0.0000', '0.0000', '0.0000'),
(560, 513, '0.0000', '0.0000', '0.0000'),
(560, 514, '0.0000', '0.0000', '0.0000'),
(561, 60, '0.0000', '0.0000', '0.0000'),
(561, 501, '0.0000', '0.0000', '0.0000'),
(561, 502, '0.0000', '0.0000', '0.0000'),
(561, 503, '0.0000', '0.0000', '0.0000'),
(561, 504, '0.0000', '0.0000', '0.0000'),
(561, 508, '0.0000', '0.0000', '0.0000'),
(561, 510, '0.0000', '0.0000', '0.0000'),
(561, 511, '0.0000', '0.0000', '0.0000'),
(561, 513, '0.0000', '0.0000', '0.0000'),
(561, 514, '0.0000', '0.0000', '0.0000'),
(562, 60, '0.0000', '0.0000', '0.0000'),
(562, 501, '0.0000', '0.0000', '0.0000'),
(562, 502, '0.0000', '0.0000', '0.0000'),
(562, 503, '0.0000', '0.0000', '0.0000'),
(562, 504, '0.0000', '0.0000', '0.0000'),
(562, 508, '0.0000', '0.0000', '0.0000'),
(562, 510, '0.0000', '0.0000', '0.0000'),
(562, 511, '0.0000', '0.0000', '0.0000'),
(562, 513, '0.0000', '0.0000', '0.0000'),
(562, 514, '0.0000', '0.0000', '0.0000'),
(563, 60, '0.0000', '0.0000', '0.0000'),
(563, 501, '0.0000', '0.0000', '0.0000'),
(563, 502, '0.0000', '0.0000', '0.0000'),
(563, 503, '0.0000', '0.0000', '0.0000'),
(563, 504, '0.0000', '0.0000', '0.0000'),
(563, 508, '0.0000', '0.0000', '0.0000'),
(563, 510, '0.0000', '0.0000', '0.0000'),
(563, 511, '0.0000', '0.0000', '0.0000'),
(563, 513, '0.0000', '0.0000', '0.0000'),
(563, 514, '0.0000', '0.0000', '0.0000'),
(564, 60, '0.0000', '0.0000', '0.0000'),
(564, 501, '0.0000', '0.0000', '0.0000'),
(564, 502, '0.0000', '0.0000', '0.0000'),
(564, 503, '0.0000', '0.0000', '0.0000'),
(564, 504, '0.0000', '0.0000', '0.0000'),
(564, 508, '0.0000', '0.0000', '0.0000'),
(564, 510, '0.0000', '0.0000', '0.0000'),
(564, 511, '0.0000', '0.0000', '0.0000'),
(564, 513, '0.0000', '0.0000', '0.0000'),
(564, 514, '0.0000', '0.0000', '0.0000'),
(565, 60, '0.0000', '0.0000', '0.0000'),
(565, 501, '0.0000', '0.0000', '0.0000'),
(565, 502, '0.0000', '0.0000', '0.0000'),
(565, 503, '0.0000', '0.0000', '0.0000'),
(565, 504, '0.0000', '0.0000', '0.0000'),
(565, 508, '0.0000', '0.0000', '0.0000'),
(565, 510, '0.0000', '0.0000', '0.0000'),
(565, 511, '0.0000', '0.0000', '0.0000'),
(565, 513, '0.0000', '0.0000', '0.0000'),
(565, 514, '0.0000', '0.0000', '0.0000'),
(566, 60, '0.0000', '0.0000', '0.0000'),
(566, 501, '0.0000', '0.0000', '0.0000'),
(566, 502, '0.0000', '0.0000', '0.0000'),
(566, 503, '0.0000', '0.0000', '0.0000'),
(566, 504, '0.0000', '0.0000', '0.0000'),
(566, 508, '0.0000', '0.0000', '0.0000'),
(566, 510, '0.0000', '0.0000', '0.0000'),
(566, 511, '0.0000', '0.0000', '0.0000'),
(566, 513, '0.0000', '0.0000', '0.0000'),
(566, 514, '0.0000', '0.0000', '0.0000'),
(567, 60, '0.0000', '0.0000', '0.0000'),
(567, 501, '0.0000', '0.0000', '0.0000'),
(567, 502, '0.0000', '0.0000', '0.0000'),
(567, 503, '0.0000', '0.0000', '0.0000'),
(567, 504, '0.0000', '0.0000', '0.0000'),
(567, 508, '0.0000', '0.0000', '0.0000'),
(567, 510, '0.0000', '0.0000', '0.0000'),
(567, 511, '0.0000', '0.0000', '0.0000'),
(567, 513, '0.0000', '0.0000', '0.0000'),
(567, 514, '0.0000', '0.0000', '0.0000'),
(568, 60, '0.0000', '0.0000', '0.0000'),
(568, 501, '0.0000', '0.0000', '0.0000'),
(568, 502, '0.0000', '0.0000', '0.0000'),
(568, 503, '0.0000', '0.0000', '0.0000'),
(568, 504, '0.0000', '0.0000', '0.0000'),
(568, 508, '0.0000', '0.0000', '0.0000'),
(568, 510, '0.0000', '0.0000', '0.0000'),
(568, 511, '0.0000', '0.0000', '0.0000'),
(568, 513, '0.0000', '0.0000', '0.0000'),
(568, 514, '0.0000', '0.0000', '0.0000'),
(569, 60, '0.0000', '0.0000', '0.0000'),
(569, 501, '0.0000', '0.0000', '0.0000'),
(569, 502, '0.0000', '0.0000', '0.0000'),
(569, 503, '0.0000', '0.0000', '0.0000'),
(569, 504, '0.0000', '0.0000', '0.0000'),
(569, 508, '0.0000', '0.0000', '0.0000'),
(569, 510, '0.0000', '0.0000', '0.0000'),
(569, 511, '0.0000', '0.0000', '0.0000'),
(569, 513, '0.0000', '0.0000', '0.0000'),
(569, 514, '0.0000', '0.0000', '0.0000'),
(570, 60, '0.0000', '0.0000', '0.0000'),
(570, 501, '0.0000', '0.0000', '0.0000'),
(570, 502, '0.0000', '0.0000', '0.0000'),
(570, 503, '0.0000', '0.0000', '0.0000'),
(570, 504, '0.0000', '0.0000', '0.0000'),
(570, 508, '0.0000', '0.0000', '0.0000'),
(570, 510, '0.0000', '0.0000', '0.0000'),
(570, 511, '0.0000', '0.0000', '0.0000'),
(570, 513, '0.0000', '0.0000', '0.0000'),
(570, 514, '0.0000', '0.0000', '0.0000'),
(571, 60, '0.0000', '0.0000', '0.0000'),
(571, 501, '0.0000', '0.0000', '0.0000'),
(571, 502, '0.0000', '0.0000', '0.0000'),
(571, 503, '0.0000', '0.0000', '0.0000'),
(571, 504, '0.0000', '0.0000', '0.0000'),
(571, 508, '0.0000', '0.0000', '0.0000'),
(571, 510, '0.0000', '0.0000', '0.0000'),
(571, 511, '0.0000', '0.0000', '0.0000'),
(571, 513, '0.0000', '0.0000', '0.0000'),
(571, 514, '0.0000', '0.0000', '0.0000'),
(572, 60, '0.0000', '0.0000', '0.0000'),
(572, 501, '0.0000', '0.0000', '0.0000'),
(572, 502, '0.0000', '0.0000', '0.0000'),
(572, 503, '0.0000', '0.0000', '0.0000'),
(572, 504, '0.0000', '0.0000', '0.0000'),
(572, 508, '0.0000', '0.0000', '0.0000'),
(572, 510, '0.0000', '0.0000', '0.0000'),
(572, 511, '0.0000', '0.0000', '0.0000'),
(572, 513, '0.0000', '0.0000', '0.0000'),
(572, 514, '0.0000', '0.0000', '0.0000'),
(573, 60, '0.0000', '0.0000', '0.0000'),
(573, 501, '0.0000', '0.0000', '0.0000'),
(573, 502, '0.0000', '0.0000', '0.0000'),
(573, 503, '0.0000', '0.0000', '0.0000'),
(573, 504, '0.0000', '0.0000', '0.0000'),
(573, 508, '0.0000', '0.0000', '0.0000'),
(573, 510, '0.0000', '0.0000', '0.0000'),
(573, 511, '0.0000', '0.0000', '0.0000'),
(573, 513, '0.0000', '0.0000', '0.0000'),
(573, 514, '0.0000', '0.0000', '0.0000'),
(574, 60, '0.0000', '0.0000', '0.0000'),
(574, 501, '0.0000', '0.0000', '0.0000'),
(574, 502, '0.0000', '0.0000', '0.0000'),
(574, 503, '0.0000', '0.0000', '0.0000'),
(574, 504, '0.0000', '0.0000', '0.0000'),
(574, 508, '0.0000', '0.0000', '0.0000'),
(574, 510, '0.0000', '0.0000', '0.0000'),
(574, 511, '0.0000', '0.0000', '0.0000'),
(574, 513, '0.0000', '0.0000', '0.0000'),
(574, 514, '0.0000', '0.0000', '0.0000'),
(575, 60, '0.0000', '0.0000', '0.0000'),
(575, 501, '0.0000', '0.0000', '0.0000'),
(575, 502, '0.0000', '0.0000', '0.0000'),
(575, 503, '0.0000', '0.0000', '0.0000'),
(575, 504, '0.0000', '0.0000', '0.0000'),
(575, 508, '0.0000', '0.0000', '0.0000'),
(575, 510, '0.0000', '0.0000', '0.0000'),
(575, 511, '0.0000', '0.0000', '0.0000'),
(575, 513, '0.0000', '0.0000', '0.0000'),
(575, 514, '0.0000', '0.0000', '0.0000'),
(576, 60, '0.0000', '0.0000', '0.0000'),
(576, 501, '0.0000', '0.0000', '0.0000'),
(576, 502, '0.0000', '0.0000', '0.0000'),
(576, 503, '0.0000', '0.0000', '0.0000'),
(576, 504, '0.0000', '0.0000', '0.0000'),
(576, 508, '0.0000', '0.0000', '0.0000'),
(576, 510, '0.0000', '0.0000', '0.0000'),
(576, 511, '0.0000', '0.0000', '0.0000'),
(576, 513, '0.0000', '0.0000', '0.0000'),
(576, 514, '0.0000', '0.0000', '0.0000'),
(577, 60, '0.0000', '0.0000', '0.0000'),
(577, 501, '0.0000', '0.0000', '0.0000'),
(577, 502, '0.0000', '0.0000', '0.0000'),
(577, 503, '0.0000', '0.0000', '0.0000'),
(577, 504, '0.0000', '0.0000', '0.0000'),
(577, 508, '0.0000', '0.0000', '0.0000'),
(577, 510, '0.0000', '0.0000', '0.0000'),
(577, 511, '0.0000', '0.0000', '0.0000'),
(577, 513, '0.0000', '0.0000', '0.0000'),
(577, 514, '0.0000', '0.0000', '0.0000'),
(578, 60, '0.0000', '0.0000', '0.0000'),
(578, 501, '0.0000', '0.0000', '0.0000'),
(578, 502, '0.0000', '0.0000', '0.0000'),
(578, 503, '0.0000', '0.0000', '0.0000'),
(578, 504, '0.0000', '0.0000', '0.0000'),
(578, 508, '0.0000', '0.0000', '0.0000'),
(578, 510, '0.0000', '0.0000', '0.0000'),
(578, 511, '0.0000', '0.0000', '0.0000'),
(578, 513, '0.0000', '0.0000', '0.0000'),
(578, 514, '0.0000', '0.0000', '0.0000'),
(579, 60, '0.0000', '0.0000', '0.0000'),
(579, 501, '0.0000', '0.0000', '0.0000'),
(579, 502, '0.0000', '0.0000', '0.0000'),
(579, 503, '0.0000', '0.0000', '0.0000'),
(579, 504, '0.0000', '0.0000', '0.0000'),
(579, 508, '0.0000', '0.0000', '0.0000'),
(579, 510, '0.0000', '0.0000', '0.0000'),
(579, 511, '0.0000', '0.0000', '0.0000'),
(579, 513, '0.0000', '0.0000', '0.0000'),
(579, 514, '0.0000', '0.0000', '0.0000'),
(580, 60, '0.0000', '0.0000', '0.0000'),
(580, 501, '0.0000', '0.0000', '0.0000'),
(580, 502, '0.0000', '0.0000', '0.0000'),
(580, 503, '0.0000', '0.0000', '0.0000'),
(580, 504, '0.0000', '0.0000', '0.0000'),
(580, 508, '0.0000', '0.0000', '0.0000'),
(580, 510, '0.0000', '0.0000', '0.0000'),
(580, 511, '0.0000', '0.0000', '0.0000'),
(580, 513, '0.0000', '0.0000', '0.0000'),
(580, 514, '0.0000', '0.0000', '0.0000'),
(581, 60, '0.0000', '0.0000', '0.0000'),
(581, 501, '0.0000', '0.0000', '0.0000'),
(581, 502, '0.0000', '0.0000', '0.0000'),
(581, 503, '0.0000', '0.0000', '0.0000'),
(581, 504, '0.0000', '0.0000', '0.0000'),
(581, 508, '0.0000', '0.0000', '0.0000'),
(581, 510, '0.0000', '0.0000', '0.0000'),
(581, 511, '0.0000', '0.0000', '0.0000'),
(581, 513, '0.0000', '0.0000', '0.0000'),
(581, 514, '0.0000', '0.0000', '0.0000'),
(582, 60, '0.0000', '0.0000', '0.0000'),
(582, 501, '0.0000', '0.0000', '0.0000'),
(582, 502, '0.0000', '0.0000', '0.0000'),
(582, 503, '0.0000', '0.0000', '0.0000'),
(582, 504, '0.0000', '0.0000', '0.0000'),
(582, 508, '0.0000', '0.0000', '0.0000'),
(582, 510, '0.0000', '0.0000', '0.0000'),
(582, 511, '0.0000', '0.0000', '0.0000'),
(582, 513, '0.0000', '0.0000', '0.0000'),
(582, 514, '0.0000', '0.0000', '0.0000'),
(583, 60, '0.0000', '0.0000', '0.0000'),
(583, 501, '0.0000', '0.0000', '0.0000'),
(583, 502, '0.0000', '0.0000', '0.0000'),
(583, 503, '0.0000', '0.0000', '0.0000'),
(583, 504, '0.0000', '0.0000', '0.0000'),
(583, 508, '0.0000', '0.0000', '0.0000'),
(583, 510, '0.0000', '0.0000', '0.0000'),
(583, 511, '0.0000', '0.0000', '0.0000'),
(583, 513, '0.0000', '0.0000', '0.0000'),
(583, 514, '0.0000', '0.0000', '0.0000'),
(584, 60, '0.0000', '0.0000', '0.0000'),
(584, 501, '0.0000', '0.0000', '0.0000'),
(584, 502, '0.0000', '0.0000', '0.0000'),
(584, 503, '0.0000', '0.0000', '0.0000'),
(584, 504, '0.0000', '0.0000', '0.0000'),
(584, 508, '0.0000', '0.0000', '0.0000'),
(584, 510, '0.0000', '0.0000', '0.0000'),
(584, 511, '0.0000', '0.0000', '0.0000'),
(584, 513, '0.0000', '0.0000', '0.0000'),
(584, 514, '0.0000', '0.0000', '0.0000'),
(585, 60, '0.0000', '0.0000', '0.0000'),
(585, 501, '0.0000', '0.0000', '0.0000'),
(585, 502, '0.0000', '0.0000', '0.0000'),
(585, 503, '0.0000', '0.0000', '0.0000'),
(585, 504, '0.0000', '0.0000', '0.0000'),
(585, 508, '0.0000', '0.0000', '0.0000'),
(585, 510, '0.0000', '0.0000', '0.0000'),
(585, 511, '0.0000', '0.0000', '0.0000'),
(585, 513, '0.0000', '0.0000', '0.0000'),
(585, 514, '0.0000', '0.0000', '0.0000'),
(586, 60, '0.0000', '0.0000', '0.0000'),
(586, 501, '0.0000', '0.0000', '0.0000'),
(586, 502, '0.0000', '0.0000', '0.0000'),
(586, 503, '0.0000', '0.0000', '0.0000'),
(586, 504, '0.0000', '0.0000', '0.0000'),
(586, 508, '0.0000', '0.0000', '0.0000'),
(586, 510, '0.0000', '0.0000', '0.0000'),
(586, 511, '0.0000', '0.0000', '0.0000'),
(586, 513, '0.0000', '0.0000', '0.0000'),
(586, 514, '0.0000', '0.0000', '0.0000'),
(587, 60, '0.0000', '0.0000', '0.0000'),
(587, 501, '0.0000', '0.0000', '0.0000'),
(587, 502, '0.0000', '0.0000', '0.0000'),
(587, 503, '0.0000', '0.0000', '0.0000'),
(587, 504, '0.0000', '0.0000', '0.0000'),
(587, 508, '0.0000', '0.0000', '0.0000'),
(587, 510, '0.0000', '0.0000', '0.0000'),
(587, 511, '0.0000', '0.0000', '0.0000'),
(587, 513, '0.0000', '0.0000', '0.0000'),
(587, 514, '0.0000', '0.0000', '0.0000'),
(588, 60, '0.0000', '0.0000', '0.0000'),
(588, 501, '0.0000', '0.0000', '0.0000'),
(588, 502, '0.0000', '0.0000', '0.0000'),
(588, 503, '0.0000', '0.0000', '0.0000'),
(588, 504, '0.0000', '0.0000', '0.0000'),
(588, 508, '0.0000', '0.0000', '0.0000'),
(588, 510, '0.0000', '0.0000', '0.0000'),
(588, 511, '0.0000', '0.0000', '0.0000'),
(588, 513, '0.0000', '0.0000', '0.0000'),
(588, 514, '0.0000', '0.0000', '0.0000'),
(589, 60, '0.0000', '0.0000', '0.0000'),
(589, 501, '0.0000', '0.0000', '0.0000'),
(589, 502, '0.0000', '0.0000', '0.0000'),
(589, 503, '0.0000', '0.0000', '0.0000'),
(589, 504, '0.0000', '0.0000', '0.0000'),
(589, 508, '0.0000', '0.0000', '0.0000'),
(589, 510, '0.0000', '0.0000', '0.0000'),
(589, 511, '0.0000', '0.0000', '0.0000'),
(589, 513, '0.0000', '0.0000', '0.0000'),
(589, 514, '0.0000', '0.0000', '0.0000'),
(590, 60, '0.0000', '0.0000', '0.0000'),
(590, 501, '0.0000', '0.0000', '0.0000'),
(590, 502, '0.0000', '0.0000', '0.0000'),
(590, 503, '0.0000', '0.0000', '0.0000'),
(590, 504, '0.0000', '0.0000', '0.0000'),
(590, 508, '0.0000', '0.0000', '0.0000'),
(590, 510, '0.0000', '0.0000', '0.0000'),
(590, 511, '0.0000', '0.0000', '0.0000'),
(590, 513, '0.0000', '0.0000', '0.0000'),
(590, 514, '0.0000', '0.0000', '0.0000'),
(591, 60, '0.0000', '0.0000', '0.0000'),
(591, 501, '0.0000', '0.0000', '0.0000'),
(591, 502, '0.0000', '0.0000', '0.0000'),
(591, 503, '0.0000', '0.0000', '0.0000'),
(591, 504, '0.0000', '0.0000', '0.0000'),
(591, 508, '0.0000', '0.0000', '0.0000'),
(591, 510, '0.0000', '0.0000', '0.0000'),
(591, 511, '0.0000', '0.0000', '0.0000'),
(591, 513, '0.0000', '0.0000', '0.0000'),
(591, 514, '0.0000', '0.0000', '0.0000'),
(592, 60, '0.0000', '0.0000', '0.0000'),
(592, 501, '0.0000', '0.0000', '0.0000'),
(592, 502, '0.0000', '0.0000', '0.0000'),
(592, 503, '0.0000', '0.0000', '0.0000'),
(592, 504, '0.0000', '0.0000', '0.0000'),
(592, 508, '0.0000', '0.0000', '0.0000'),
(592, 510, '0.0000', '0.0000', '0.0000'),
(592, 511, '0.0000', '0.0000', '0.0000'),
(592, 513, '0.0000', '0.0000', '0.0000'),
(592, 514, '0.0000', '0.0000', '0.0000'),
(593, 60, '0.0000', '0.0000', '0.0000'),
(593, 501, '0.0000', '0.0000', '0.0000'),
(593, 502, '0.0000', '0.0000', '0.0000'),
(593, 503, '0.0000', '0.0000', '0.0000'),
(593, 504, '0.0000', '0.0000', '0.0000'),
(593, 508, '0.0000', '0.0000', '0.0000'),
(593, 510, '0.0000', '0.0000', '0.0000'),
(593, 511, '0.0000', '0.0000', '0.0000'),
(593, 513, '0.0000', '0.0000', '0.0000'),
(593, 514, '0.0000', '0.0000', '0.0000'),
(594, 60, '0.0000', '0.0000', '0.0000'),
(594, 501, '0.0000', '0.0000', '0.0000'),
(594, 502, '0.0000', '0.0000', '0.0000'),
(594, 503, '0.0000', '0.0000', '0.0000'),
(594, 504, '0.0000', '0.0000', '0.0000'),
(594, 508, '0.0000', '0.0000', '0.0000'),
(594, 510, '0.0000', '0.0000', '0.0000'),
(594, 511, '0.0000', '0.0000', '0.0000'),
(594, 513, '0.0000', '0.0000', '0.0000'),
(594, 514, '0.0000', '0.0000', '0.0000'),
(595, 60, '0.0000', '0.0000', '0.0000'),
(595, 501, '0.0000', '0.0000', '0.0000'),
(595, 502, '0.0000', '0.0000', '0.0000'),
(595, 503, '0.0000', '0.0000', '0.0000'),
(595, 504, '0.0000', '0.0000', '0.0000'),
(595, 508, '0.0000', '0.0000', '0.0000'),
(595, 510, '0.0000', '0.0000', '0.0000'),
(595, 511, '0.0000', '0.0000', '0.0000'),
(595, 513, '0.0000', '0.0000', '0.0000'),
(595, 514, '0.0000', '0.0000', '0.0000'),
(596, 60, '0.0000', '0.0000', '0.0000'),
(596, 501, '0.0000', '0.0000', '0.0000'),
(596, 502, '0.0000', '0.0000', '0.0000'),
(596, 503, '0.0000', '0.0000', '0.0000'),
(596, 504, '0.0000', '0.0000', '0.0000'),
(596, 508, '0.0000', '0.0000', '0.0000'),
(596, 510, '0.0000', '0.0000', '0.0000'),
(596, 511, '0.0000', '0.0000', '0.0000'),
(596, 513, '0.0000', '0.0000', '0.0000'),
(596, 514, '0.0000', '0.0000', '0.0000'),
(597, 60, '0.0000', '0.0000', '0.0000'),
(597, 501, '0.0000', '0.0000', '0.0000'),
(597, 502, '0.0000', '0.0000', '0.0000'),
(597, 503, '0.0000', '0.0000', '0.0000'),
(597, 504, '0.0000', '0.0000', '0.0000'),
(597, 508, '0.0000', '0.0000', '0.0000'),
(597, 510, '0.0000', '0.0000', '0.0000'),
(597, 511, '0.0000', '0.0000', '0.0000'),
(597, 513, '0.0000', '0.0000', '0.0000'),
(597, 514, '0.0000', '0.0000', '0.0000'),
(598, 60, '0.0000', '0.0000', '0.0000'),
(598, 501, '0.0000', '0.0000', '0.0000'),
(598, 502, '0.0000', '0.0000', '0.0000'),
(598, 503, '0.0000', '0.0000', '0.0000'),
(598, 504, '0.0000', '0.0000', '0.0000'),
(598, 508, '0.0000', '0.0000', '0.0000'),
(598, 510, '0.0000', '0.0000', '0.0000'),
(598, 511, '0.0000', '0.0000', '0.0000'),
(598, 513, '0.0000', '0.0000', '0.0000'),
(598, 514, '0.0000', '0.0000', '0.0000'),
(599, 60, '0.0000', '0.0000', '0.0000'),
(599, 501, '0.0000', '0.0000', '0.0000'),
(599, 502, '0.0000', '0.0000', '0.0000'),
(599, 503, '0.0000', '0.0000', '0.0000'),
(599, 504, '0.0000', '0.0000', '0.0000'),
(599, 508, '0.0000', '0.0000', '0.0000'),
(599, 510, '0.0000', '0.0000', '0.0000'),
(599, 511, '0.0000', '0.0000', '0.0000'),
(599, 513, '0.0000', '0.0000', '0.0000'),
(599, 514, '0.0000', '0.0000', '0.0000'),
(600, 60, '0.0000', '0.0000', '0.0000'),
(600, 501, '0.0000', '0.0000', '0.0000'),
(600, 502, '0.0000', '0.0000', '0.0000'),
(600, 503, '0.0000', '0.0000', '0.0000'),
(600, 504, '0.0000', '0.0000', '0.0000'),
(600, 508, '0.0000', '0.0000', '0.0000'),
(600, 510, '0.0000', '0.0000', '0.0000'),
(600, 511, '0.0000', '0.0000', '0.0000'),
(600, 513, '0.0000', '0.0000', '0.0000'),
(600, 514, '0.0000', '0.0000', '0.0000'),
(601, 60, '0.0000', '0.0000', '0.0000'),
(601, 501, '0.0000', '0.0000', '0.0000'),
(601, 502, '0.0000', '0.0000', '0.0000'),
(601, 503, '0.0000', '0.0000', '0.0000'),
(601, 504, '0.0000', '0.0000', '0.0000'),
(601, 508, '0.0000', '0.0000', '0.0000'),
(601, 510, '0.0000', '0.0000', '0.0000'),
(601, 511, '0.0000', '0.0000', '0.0000'),
(601, 513, '0.0000', '0.0000', '0.0000'),
(601, 514, '0.0000', '0.0000', '0.0000'),
(602, 60, '0.0000', '0.0000', '0.0000'),
(602, 501, '0.0000', '0.0000', '0.0000'),
(602, 502, '0.0000', '0.0000', '0.0000'),
(602, 503, '0.0000', '0.0000', '0.0000'),
(602, 504, '0.0000', '0.0000', '0.0000'),
(602, 508, '0.0000', '0.0000', '0.0000'),
(602, 510, '0.0000', '0.0000', '0.0000'),
(602, 511, '0.0000', '0.0000', '0.0000'),
(602, 513, '0.0000', '0.0000', '0.0000'),
(602, 514, '0.0000', '0.0000', '0.0000'),
(603, 60, '0.0000', '0.0000', '0.0000'),
(603, 501, '0.0000', '0.0000', '0.0000'),
(603, 502, '0.0000', '0.0000', '0.0000'),
(603, 503, '0.0000', '0.0000', '0.0000'),
(603, 504, '0.0000', '0.0000', '0.0000'),
(603, 508, '0.0000', '0.0000', '0.0000'),
(603, 510, '0.0000', '0.0000', '0.0000'),
(603, 511, '0.0000', '0.0000', '0.0000'),
(603, 513, '0.0000', '0.0000', '0.0000'),
(603, 514, '0.0000', '0.0000', '0.0000'),
(604, 60, '0.0000', '0.0000', '0.0000'),
(604, 501, '0.0000', '0.0000', '0.0000'),
(604, 502, '0.0000', '0.0000', '0.0000'),
(604, 503, '0.0000', '0.0000', '0.0000'),
(604, 504, '0.0000', '0.0000', '0.0000'),
(604, 508, '0.0000', '0.0000', '0.0000'),
(604, 510, '0.0000', '0.0000', '0.0000'),
(604, 511, '0.0000', '0.0000', '0.0000'),
(604, 513, '0.0000', '0.0000', '0.0000'),
(604, 514, '0.0000', '0.0000', '0.0000'),
(605, 60, '0.0000', '0.0000', '0.0000'),
(605, 501, '0.0000', '0.0000', '0.0000'),
(605, 502, '0.0000', '0.0000', '0.0000'),
(605, 503, '0.0000', '0.0000', '0.0000'),
(605, 504, '0.0000', '0.0000', '0.0000'),
(605, 508, '0.0000', '0.0000', '0.0000'),
(605, 510, '0.0000', '0.0000', '0.0000'),
(605, 511, '0.0000', '0.0000', '0.0000'),
(605, 513, '0.0000', '0.0000', '0.0000'),
(605, 514, '0.0000', '0.0000', '0.0000'),
(606, 60, '0.0000', '0.0000', '0.0000'),
(606, 501, '0.0000', '0.0000', '0.0000'),
(606, 502, '0.0000', '0.0000', '0.0000'),
(606, 503, '0.0000', '0.0000', '0.0000'),
(606, 504, '0.0000', '0.0000', '0.0000'),
(606, 508, '0.0000', '0.0000', '0.0000'),
(606, 510, '0.0000', '0.0000', '0.0000'),
(606, 511, '0.0000', '0.0000', '0.0000'),
(606, 513, '0.0000', '0.0000', '0.0000'),
(606, 514, '0.0000', '0.0000', '0.0000'),
(607, 60, '0.0000', '0.0000', '0.0000'),
(607, 501, '0.0000', '0.0000', '0.0000'),
(607, 502, '0.0000', '0.0000', '0.0000'),
(607, 503, '0.0000', '0.0000', '0.0000'),
(607, 504, '0.0000', '0.0000', '0.0000'),
(607, 508, '0.0000', '0.0000', '0.0000'),
(607, 510, '0.0000', '0.0000', '0.0000'),
(607, 511, '0.0000', '0.0000', '0.0000'),
(607, 513, '0.0000', '0.0000', '0.0000'),
(607, 514, '0.0000', '0.0000', '0.0000'),
(608, 60, '0.0000', '0.0000', '0.0000'),
(608, 501, '0.0000', '0.0000', '0.0000'),
(608, 502, '0.0000', '0.0000', '0.0000'),
(608, 503, '0.0000', '0.0000', '0.0000'),
(608, 504, '0.0000', '0.0000', '0.0000'),
(608, 508, '0.0000', '0.0000', '0.0000'),
(608, 510, '0.0000', '0.0000', '0.0000'),
(608, 511, '0.0000', '0.0000', '0.0000'),
(608, 513, '0.0000', '0.0000', '0.0000'),
(608, 514, '0.0000', '0.0000', '0.0000'),
(609, 60, '0.0000', '0.0000', '0.0000'),
(609, 501, '0.0000', '0.0000', '0.0000'),
(609, 502, '0.0000', '0.0000', '0.0000'),
(609, 503, '0.0000', '0.0000', '0.0000'),
(609, 504, '0.0000', '0.0000', '0.0000'),
(609, 508, '0.0000', '0.0000', '0.0000'),
(609, 510, '0.0000', '0.0000', '0.0000'),
(609, 511, '0.0000', '0.0000', '0.0000'),
(609, 513, '0.0000', '0.0000', '0.0000'),
(609, 514, '0.0000', '0.0000', '0.0000'),
(610, 60, '0.0000', '0.0000', '0.0000'),
(610, 501, '0.0000', '0.0000', '0.0000'),
(610, 502, '0.0000', '0.0000', '0.0000'),
(610, 503, '0.0000', '0.0000', '0.0000'),
(610, 504, '0.0000', '0.0000', '0.0000'),
(610, 508, '0.0000', '0.0000', '0.0000'),
(610, 510, '0.0000', '0.0000', '0.0000'),
(610, 511, '0.0000', '0.0000', '0.0000'),
(610, 513, '0.0000', '0.0000', '0.0000'),
(610, 514, '0.0000', '0.0000', '0.0000'),
(611, 60, '0.0000', '0.0000', '0.0000'),
(611, 501, '0.0000', '0.0000', '0.0000'),
(611, 502, '0.0000', '0.0000', '0.0000'),
(611, 503, '0.0000', '0.0000', '0.0000'),
(611, 504, '0.0000', '0.0000', '0.0000'),
(611, 508, '0.0000', '0.0000', '0.0000'),
(611, 510, '0.0000', '0.0000', '0.0000'),
(611, 511, '0.0000', '0.0000', '0.0000'),
(611, 513, '0.0000', '0.0000', '0.0000'),
(611, 514, '0.0000', '0.0000', '0.0000'),
(612, 60, '0.0000', '0.0000', '0.0000'),
(612, 501, '0.0000', '0.0000', '0.0000'),
(612, 502, '0.0000', '0.0000', '0.0000'),
(612, 503, '0.0000', '0.0000', '0.0000'),
(612, 504, '0.0000', '0.0000', '0.0000'),
(612, 508, '0.0000', '0.0000', '0.0000'),
(612, 510, '0.0000', '0.0000', '0.0000'),
(612, 511, '0.0000', '0.0000', '0.0000'),
(612, 513, '0.0000', '0.0000', '0.0000'),
(612, 514, '0.0000', '0.0000', '0.0000'),
(613, 60, '0.0000', '0.0000', '0.0000'),
(613, 501, '0.0000', '0.0000', '0.0000'),
(613, 502, '0.0000', '0.0000', '0.0000'),
(613, 503, '0.0000', '0.0000', '0.0000'),
(613, 504, '0.0000', '0.0000', '0.0000'),
(613, 508, '0.0000', '0.0000', '0.0000'),
(613, 510, '0.0000', '0.0000', '0.0000'),
(613, 511, '0.0000', '0.0000', '0.0000'),
(613, 513, '0.0000', '0.0000', '0.0000'),
(613, 514, '0.0000', '0.0000', '0.0000'),
(614, 60, '0.0000', '0.0000', '0.0000'),
(614, 501, '0.0000', '0.0000', '0.0000'),
(614, 502, '0.0000', '0.0000', '0.0000'),
(614, 503, '0.0000', '0.0000', '0.0000'),
(614, 504, '0.0000', '0.0000', '0.0000'),
(614, 508, '0.0000', '0.0000', '0.0000'),
(614, 510, '0.0000', '0.0000', '0.0000'),
(614, 511, '0.0000', '0.0000', '0.0000'),
(614, 513, '0.0000', '0.0000', '0.0000'),
(614, 514, '0.0000', '0.0000', '0.0000'),
(615, 60, '0.0000', '0.0000', '0.0000'),
(615, 501, '0.0000', '0.0000', '0.0000'),
(615, 502, '0.0000', '0.0000', '0.0000'),
(615, 503, '0.0000', '0.0000', '0.0000'),
(615, 504, '0.0000', '0.0000', '0.0000'),
(615, 508, '0.0000', '0.0000', '0.0000'),
(615, 510, '0.0000', '0.0000', '0.0000'),
(615, 511, '0.0000', '0.0000', '0.0000'),
(615, 513, '0.0000', '0.0000', '0.0000'),
(615, 514, '0.0000', '0.0000', '0.0000'),
(616, 60, '0.0000', '0.0000', '0.0000'),
(616, 501, '0.0000', '0.0000', '0.0000'),
(616, 502, '0.0000', '0.0000', '0.0000'),
(616, 503, '0.0000', '0.0000', '0.0000'),
(616, 504, '0.0000', '0.0000', '0.0000'),
(616, 508, '0.0000', '0.0000', '0.0000'),
(616, 510, '0.0000', '0.0000', '0.0000'),
(616, 511, '0.0000', '0.0000', '0.0000'),
(616, 513, '0.0000', '0.0000', '0.0000'),
(616, 514, '0.0000', '0.0000', '0.0000'),
(617, 60, '0.0000', '0.0000', '0.0000'),
(617, 501, '0.0000', '0.0000', '0.0000'),
(617, 502, '0.0000', '0.0000', '0.0000'),
(617, 503, '0.0000', '0.0000', '0.0000'),
(617, 504, '0.0000', '0.0000', '0.0000'),
(617, 508, '0.0000', '0.0000', '0.0000'),
(617, 510, '0.0000', '0.0000', '0.0000'),
(617, 511, '0.0000', '0.0000', '0.0000'),
(617, 513, '0.0000', '0.0000', '0.0000'),
(617, 514, '0.0000', '0.0000', '0.0000'),
(618, 60, '0.0000', '0.0000', '0.0000'),
(618, 501, '0.0000', '0.0000', '0.0000'),
(618, 502, '0.0000', '0.0000', '0.0000'),
(618, 503, '0.0000', '0.0000', '0.0000'),
(618, 504, '0.0000', '0.0000', '0.0000'),
(618, 508, '0.0000', '0.0000', '0.0000'),
(618, 510, '0.0000', '0.0000', '0.0000'),
(618, 511, '0.0000', '0.0000', '0.0000'),
(618, 513, '0.0000', '0.0000', '0.0000'),
(618, 514, '0.0000', '0.0000', '0.0000'),
(619, 60, '0.0000', '0.0000', '0.0000'),
(619, 501, '0.0000', '0.0000', '0.0000'),
(619, 502, '0.0000', '0.0000', '0.0000'),
(619, 503, '0.0000', '0.0000', '0.0000'),
(619, 504, '0.0000', '0.0000', '0.0000'),
(619, 508, '0.0000', '0.0000', '0.0000'),
(619, 510, '0.0000', '0.0000', '0.0000'),
(619, 511, '0.0000', '0.0000', '0.0000'),
(619, 513, '0.0000', '0.0000', '0.0000'),
(619, 514, '0.0000', '0.0000', '0.0000'),
(620, 60, '0.0000', '0.0000', '0.0000'),
(620, 501, '0.0000', '0.0000', '0.0000'),
(620, 502, '0.0000', '0.0000', '0.0000'),
(620, 503, '0.0000', '0.0000', '0.0000'),
(620, 504, '0.0000', '0.0000', '0.0000'),
(620, 508, '0.0000', '0.0000', '0.0000'),
(620, 510, '0.0000', '0.0000', '0.0000'),
(620, 511, '0.0000', '0.0000', '0.0000'),
(620, 513, '0.0000', '0.0000', '0.0000'),
(620, 514, '0.0000', '0.0000', '0.0000'),
(621, 60, '0.0000', '0.0000', '0.0000'),
(621, 501, '0.0000', '0.0000', '0.0000'),
(621, 502, '0.0000', '0.0000', '0.0000'),
(621, 503, '0.0000', '0.0000', '0.0000'),
(621, 504, '0.0000', '0.0000', '0.0000'),
(621, 508, '0.0000', '0.0000', '0.0000'),
(621, 510, '0.0000', '0.0000', '0.0000'),
(621, 511, '0.0000', '0.0000', '0.0000'),
(621, 513, '0.0000', '0.0000', '0.0000'),
(621, 514, '0.0000', '0.0000', '0.0000'),
(622, 60, '0.0000', '0.0000', '0.0000'),
(622, 501, '0.0000', '0.0000', '0.0000'),
(622, 502, '0.0000', '0.0000', '0.0000'),
(622, 503, '0.0000', '0.0000', '0.0000'),
(622, 504, '0.0000', '0.0000', '0.0000'),
(622, 508, '0.0000', '0.0000', '0.0000'),
(622, 510, '0.0000', '0.0000', '0.0000'),
(622, 511, '0.0000', '0.0000', '0.0000'),
(622, 513, '0.0000', '0.0000', '0.0000'),
(622, 514, '0.0000', '0.0000', '0.0000'),
(623, 60, '0.0000', '0.0000', '0.0000'),
(623, 501, '0.0000', '0.0000', '0.0000'),
(623, 502, '0.0000', '0.0000', '0.0000'),
(623, 503, '0.0000', '0.0000', '0.0000'),
(623, 504, '0.0000', '0.0000', '0.0000'),
(623, 508, '0.0000', '0.0000', '0.0000'),
(623, 510, '0.0000', '0.0000', '0.0000'),
(623, 511, '0.0000', '0.0000', '0.0000'),
(623, 513, '0.0000', '0.0000', '0.0000'),
(623, 514, '0.0000', '0.0000', '0.0000'),
(624, 60, '0.0000', '0.0000', '0.0000'),
(624, 501, '0.0000', '0.0000', '0.0000'),
(624, 502, '0.0000', '0.0000', '0.0000'),
(624, 503, '0.0000', '0.0000', '0.0000'),
(624, 504, '0.0000', '0.0000', '0.0000'),
(624, 508, '0.0000', '0.0000', '0.0000'),
(624, 510, '0.0000', '0.0000', '0.0000'),
(624, 511, '0.0000', '0.0000', '0.0000'),
(624, 513, '0.0000', '0.0000', '0.0000'),
(624, 514, '0.0000', '0.0000', '0.0000'),
(625, 60, '0.0000', '0.0000', '0.0000'),
(625, 501, '0.0000', '0.0000', '0.0000'),
(625, 502, '0.0000', '0.0000', '0.0000'),
(625, 503, '0.0000', '0.0000', '0.0000'),
(625, 504, '0.0000', '0.0000', '0.0000'),
(625, 508, '0.0000', '0.0000', '0.0000'),
(625, 510, '0.0000', '0.0000', '0.0000'),
(625, 511, '0.0000', '0.0000', '0.0000'),
(625, 513, '0.0000', '0.0000', '0.0000');
INSERT INTO `producto_has_unidad_negocio` (`producto_id`, `unidad_negocio_id`, `stock_venta`, `stock_minimo`, `stock_maximo`) VALUES
(625, 514, '0.0000', '0.0000', '0.0000'),
(626, 60, '0.0000', '0.0000', '0.0000'),
(626, 501, '0.0000', '0.0000', '0.0000'),
(626, 502, '0.0000', '0.0000', '0.0000'),
(626, 503, '0.0000', '0.0000', '0.0000'),
(626, 504, '0.0000', '0.0000', '0.0000'),
(626, 508, '0.0000', '0.0000', '0.0000'),
(626, 510, '0.0000', '0.0000', '0.0000'),
(626, 511, '0.0000', '0.0000', '0.0000'),
(626, 513, '0.0000', '0.0000', '0.0000'),
(626, 514, '0.0000', '0.0000', '0.0000'),
(627, 60, '0.0000', '0.0000', '0.0000'),
(627, 501, '0.0000', '0.0000', '0.0000'),
(627, 502, '0.0000', '0.0000', '0.0000'),
(627, 503, '0.0000', '0.0000', '0.0000'),
(627, 504, '0.0000', '0.0000', '0.0000'),
(627, 508, '0.0000', '0.0000', '0.0000'),
(627, 510, '0.0000', '0.0000', '0.0000'),
(627, 511, '0.0000', '0.0000', '0.0000'),
(627, 513, '0.0000', '0.0000', '0.0000'),
(627, 514, '0.0000', '0.0000', '0.0000'),
(628, 60, '0.0000', '0.0000', '0.0000'),
(628, 501, '0.0000', '0.0000', '0.0000'),
(628, 502, '0.0000', '0.0000', '0.0000'),
(628, 503, '0.0000', '0.0000', '0.0000'),
(628, 504, '0.0000', '0.0000', '0.0000'),
(628, 508, '0.0000', '0.0000', '0.0000'),
(628, 510, '0.0000', '0.0000', '0.0000'),
(628, 511, '0.0000', '0.0000', '0.0000'),
(628, 513, '0.0000', '0.0000', '0.0000'),
(628, 514, '0.0000', '0.0000', '0.0000'),
(629, 60, '0.0000', '0.0000', '0.0000'),
(629, 501, '0.0000', '0.0000', '0.0000'),
(629, 502, '0.0000', '0.0000', '0.0000'),
(629, 503, '0.0000', '0.0000', '0.0000'),
(629, 504, '0.0000', '0.0000', '0.0000'),
(629, 508, '0.0000', '0.0000', '0.0000'),
(629, 510, '0.0000', '0.0000', '0.0000'),
(629, 511, '0.0000', '0.0000', '0.0000'),
(629, 513, '0.0000', '0.0000', '0.0000'),
(629, 514, '0.0000', '0.0000', '0.0000'),
(630, 60, '0.0000', '0.0000', '0.0000'),
(630, 501, '0.0000', '0.0000', '0.0000'),
(630, 502, '0.0000', '0.0000', '0.0000'),
(630, 503, '0.0000', '0.0000', '0.0000'),
(630, 504, '0.0000', '0.0000', '0.0000'),
(630, 508, '0.0000', '0.0000', '0.0000'),
(630, 510, '0.0000', '0.0000', '0.0000'),
(630, 511, '0.0000', '0.0000', '0.0000'),
(630, 513, '0.0000', '0.0000', '0.0000'),
(630, 514, '0.0000', '0.0000', '0.0000'),
(631, 60, '0.0000', '0.0000', '1.0000'),
(631, 501, '0.0000', '0.0000', '0.0000'),
(631, 502, '0.0000', '0.0000', '0.0000'),
(631, 503, '0.0000', '0.0000', '0.0000'),
(631, 504, '0.0000', '0.0000', '0.0000'),
(631, 508, '0.0000', '0.0000', '0.0000'),
(631, 510, '0.0000', '0.0000', '0.0000'),
(631, 511, '0.0000', '0.0000', '0.0000'),
(631, 513, '0.0000', '0.0000', '0.0000'),
(631, 514, '0.0000', '0.0000', '0.0000');

-- --------------------------------------------------------

--
-- Table structure for table `proveedor`
--

CREATE TABLE `proveedor` (
  `id` int(11) NOT NULL,
  `nombre` varchar(200) DEFAULT NULL,
  `rif` varchar(60) DEFAULT NULL,
  `razon_social` varchar(200) DEFAULT NULL,
  `correo` varchar(200) DEFAULT NULL,
  `pagina_web` varchar(300) DEFAULT NULL,
  `status` tinyint(1) DEFAULT NULL,
  `ubicacion_id` int(11) DEFAULT NULL,
  `empresa_id` int(11) NOT NULL,
  `procedencia_id` int(11) DEFAULT NULL
) ENGINE=InnoDB DEFAULT CHARSET=utf8;

-- --------------------------------------------------------

--
-- Table structure for table `proveedor_has_mercancia`
--

CREATE TABLE `proveedor_has_mercancia` (
  `id` int(11) NOT NULL,
  `mercancia_id` int(11) NOT NULL,
  `proveedor_id` int(11) NOT NULL,
  `codigo_x_proveedor` varchar(30) DEFAULT ' ',
  `precio` decimal(19,4) DEFAULT '0.0000',
  `status` tinyint(1) DEFAULT '0'
) ENGINE=InnoDB DEFAULT CHARSET=utf8;

-- --------------------------------------------------------

--
-- Table structure for table `proveedor_has_telefono`
--

CREATE TABLE `proveedor_has_telefono` (
  `proveedor_id` int(11) NOT NULL,
  `telefono_id` int(11) NOT NULL
) ENGINE=InnoDB DEFAULT CHARSET=utf8;

-- --------------------------------------------------------

--
-- Table structure for table `receta`
--

CREATE TABLE `receta` (
  `id` int(11) NOT NULL,
  `nombre` varchar(200) DEFAULT NULL,
  `costo` decimal(19,4) DEFAULT '0.0000',
  `rendimiento` decimal(19,4) NOT NULL DEFAULT '0.0000',
  `unidad_medida_id` int(11) NOT NULL
) ENGINE=InnoDB AUTO_INCREMENT=50 DEFAULT CHARSET=utf8;

--
-- Dumping data for table `receta`
--

INSERT INTO `receta` (`id`, `nombre`, `costo`, `rendimiento`, `unidad_medida_id`) VALUES
(1, 'pizza manhattan 12', '15000.0000', '0.0000', 0),
(2, 'Piz. Manhattan 16', NULL, '0.0000', 0),
(3, 'salsa de tomate', '2000.0000', '0.0000', 0),
(10, 'Refresco Coca-cola', NULL, '0.0000', 0),
(11, 'Atun Eveba', NULL, '0.0000', 0),
(12, 'Refresco Coca-cola', NULL, '0.0000', 0),
(13, 'Atun Margarita', NULL, '0.0000', 0),
(14, 'Refresco Sevenup', NULL, '0.0000', 0),
(15, 'Aceite Vatel', NULL, '0.0000', 0),
(16, 'Brownie', '2000.0000', '0.0000', 0),
(17, 'Pepsi Cola 16 Oz', '50000.0000', '0.0000', 0),
(18, 'Arroz Primor', NULL, '0.0000', 0),
(19, 'Ensalada Capresa', NULL, '0.0000', 0),
(20, 'Arroz con pollo', '0.0000', '0.0000', 0),
(21, 'Ensalada de papas', '0.0000', '0.0000', 0),
(22, 'Ensalada Capresa', '0.0000', '0.0000', 0),
(23, 'Brownie Savoy', '0.0000', '0.0000', 0),
(24, 'masa para pizza  ', '0.0000', '1.0000', 5),
(25, 'agrupado 4', NULL, '0.0000', 0),
(26, 'Salsa Verde Cremosito (burritos) Generico', '0.0000', '1.0000', 4),
(27, 'Salsa Tartara Cremosito (burritos) Generico', '0.0000', '1.0000', 5),
(28, 'Arroz Generico  ', '0.0000', '1.0000', 5),
(29, 'Arroz Blanco (burritos) Generico', '0.0000', '1.0000', 5),
(30, 'Camarones Guisados Rb Generico', '0.0000', '1.0000', 5),
(31, 'Combo Nacho Y Queso 12 Oz', '0.0000', '1.0000', 13),
(32, 'Masa Para Pizza X Kilo  ', '0.0000', '1.0000', 5),
(33, 'Carne A La Parrilla (burritos)  ', '0.0000', '1.0000', 5),
(34, 'Carne Molida', '0.0000', '1.0000', 5),
(35, 'masa  ', '0.0000', '1.0000', 5),
(36, 'Masa 0.100 Gr', '0.0000', '1.0000', 5),
(37, 'Full Queso 14', '0.0000', '1.0000', 5),
(38, 'Masa Para Pizza 12  ', '0.0000', '1.0000', 5),
(39, 'FULL Chorizo 12', '0.0000', '1.0000', 5),
(40, 'Full Pepperoni 14', '0.0000', '1.0000', 5),
(41, 'BASE DE PIZZA TRADICIONAL 9', NULL, '0.0000', 0),
(42, 'FULL Chorizo 9', '0.0000', '1.0000', 13),
(43, 'Coca Cola/Med', '0.0000', '1.0000', 13),
(44, 'Full Combinacion 14', '0.0000', '1.0000', 13),
(45, 'Masa Para Pizza De 9  ', '0.0000', '1.0000', 13),
(46, 'Kit Guantes Prueba', NULL, '0.0000', 0),
(47, 'lALO', NULL, '0.0000', 0),
(48, 'Kit Guante Latex', NULL, '0.0000', 0),
(49, 'Kit Guantes Latex II', NULL, '0.0000', 0);

-- --------------------------------------------------------

--
-- Table structure for table `receta_has_receta`
--

CREATE TABLE `receta_has_receta` (
  `receta_id` int(11) NOT NULL,
  `sub_receta_id` int(11) NOT NULL
) ENGINE=InnoDB DEFAULT CHARSET=utf8;

--
-- Dumping data for table `receta_has_receta`
--

INSERT INTO `receta_has_receta` (`receta_id`, `sub_receta_id`) VALUES
(1, 2);

-- --------------------------------------------------------

--
-- Table structure for table `referencia`
--

CREATE TABLE `referencia` (
  `id` int(11) NOT NULL,
  `referencia` varchar(100) DEFAULT NULL,
  `padre_id` int(11) DEFAULT NULL,
  `abreviacion` varchar(5) DEFAULT NULL
) ENGINE=InnoDB AUTO_INCREMENT=348 DEFAULT CHARSET=utf8;

--
-- Dumping data for table `referencia`
--

INSERT INTO `referencia` (`id`, `referencia`, `padre_id`, `abreviacion`) VALUES
(1, 'codigo_tlf', NULL, NULL),
(2, 'estado', NULL, NULL),
(3, 'municipio', NULL, NULL),
(4, 'parroquia', NULL, NULL),
(5, 'tipo_usuario', NULL, NULL),
(6, 'preguntas', NULL, NULL),
(7, 'status_pedido', NULL, NULL),
(8, 'tipo_manejo', NULL, NULL),
(9, 'tipo_producto', NULL, NULL),
(10, 'dia_disponible', NULL, NULL),
(11, 'tipo_pago', NULL, NULL),
(13, 'familia', NULL, NULL),
(27, '0212', 1, NULL),
(28, '0412', 1, NULL),
(29, '0416', 1, NULL),
(30, '0414', 1, NULL),
(31, '0424', 1, NULL),
(32, '0426', 1, NULL),
(33, 'Administrador', 5, NULL),
(34, 'Tecnico', 5, NULL),
(35, 'Super usuario', 5, NULL),
(36, 'nombre de su primera mascota?', 6, NULL),
(37, 'segundo nombre de la madre?', 6, NULL),
(38, 'jugador de futbol favorito?', 6, NULL),
(39, 'cual es su pelicula favorita?', 6, NULL),
(40, 'nombre de su escuela de primaria', 6, NULL),
(41, 'Pendiente', 7, NULL),
(42, 'confirmado', 7, NULL),
(43, 'Completado', 7, NULL),
(44, 'Unidad', 8, NULL),
(45, 'Peso', 8, NULL),
(46, 'Simple', 9, NULL),
(47, 'Combo', 9, NULL),
(48, 'Agrupar', 9, NULL),
(49, 'Lunes', 10, NULL),
(50, 'Martes', 10, NULL),
(51, 'Miercoles', 10, NULL),
(52, 'Jueves', 10, NULL),
(53, 'Viernes', 10, NULL),
(54, 'Sabado', 10, NULL),
(55, 'Domingo', 10, NULL),
(56, 'Todos', 10, NULL),
(57, 'Efectivo', 11, NULL),
(58, 'Debito', 11, NULL),
(59, 'Credito', 11, NULL),
(60, 'Cesta_ticcket', 11, NULL),
(113, 'Operaciones', 5, NULL),
(114, 'Costo', 5, NULL),
(115, 'Cliente', 5, NULL),
(116, 'Alimento', 13, NULL),
(117, 'Bebidas', 13, NULL),
(118, 'Bebidas alcoholicas', 13, NULL),
(119, 'Articulos', 13, NULL),
(120, 'Consumo personal', 13, NULL),
(121, 'motivo', NULL, NULL),
(122, 'Compra directa', 131, NULL),
(123, 'Recepcion de mercancia', 131, NULL),
(124, 'Solicitud de remision de mercancia', 131, NULL),
(125, 'status_notificaciones', NULL, NULL),
(126, 'Solicitud de remision', 125, NULL),
(127, 'Remision enviada', 125, NULL),
(128, 'Remision procesada', 125, NULL),
(129, 'Solicitud de requisicion', 125, NULL),
(130, 'tipo_movimiento', NULL, NULL),
(131, 'Entrada', 130, NULL),
(132, 'Salida', 130, NULL),
(133, 'Error', 132, NULL),
(134, 'Requisicion procesada', 125, NULL),
(135, 'Semi terminados', 13, NULL),
(136, 'OTROS', 13, NULL),
(137, 'Mantenimiento', 13, NULL),
(138, ' Licores', 13, NULL),
(139, 'Lacteos', 13, NULL),
(140, 'Frutas', 13, NULL),
(141, 'Especies y condimentos', 13, NULL),
(142, 'Envasados', 13, NULL),
(143, 'Desechables', 13, NULL),
(144, 'Carnes', 13, NULL),
(145, 'Embutidos', 13, NULL),
(146, 'Vegetales', 13, NULL),
(147, 'sub_familia', NULL, NULL),
(148, '[ AGREGAR NUEVA ]', 147, NULL),
(149, 'AGUJA', 213, NULL),
(159, 'tipo_ingrediente', NULL, NULL),
(160, 'Simple', 159, NULL),
(161, 'Agrupado', 159, NULL),
(162, 'Asociado', 159, NULL),
(163, 'tipo_inventario', NULL, NULL),
(164, 'Diario', 163, NULL),
(165, 'Decadal', 163, NULL),
(166, 'Mensual', 163, NULL),
(168, 'Congelados', 13, NULL),
(169, 'ARTICULOS DE LIMPIEZA', 13, NULL),
(170, 'ARTICULOS DE OFICINA', 13, NULL),
(171, 'Inicial', NULL, NULL),
(172, 'Final', NULL, NULL),
(173, 'Carga de inventario Inicial', 131, NULL),
(174, 'Carga de inventario final', 131, NULL),
(175, 'Despacho de mercancia', 132, NULL),
(176, 'Remision de mercancia', 132, NULL),
(177, 'Venta', 132, NULL),
(178, 'Produccion', 131, NULL),
(179, 'Produccion', 132, NULL),
(180, 'Merma', 132, NULL),
(181, '[ AGREGAR NUEVO MOTIVO ]', 121, NULL),
(182, 'El producto se quedo fuera de la nevera y se deterioro', 121, NULL),
(183, 'El producto se vencio', 121, NULL),
(184, 'El producto vino deteriorado', 121, NULL),
(185, 'El producto se deterioro durante el proceso de produccion', 121, NULL),
(186, 'El producto se quemo por accidente', 121, NULL),
(187, 'El producto se cayo', 121, NULL),
(189, 'pruebas', 121, NULL),
(190, 'motivo de prueba', 121, NULL),
(191, 'Reverso de merma', 131, NULL),
(192, 'Reverso de produccion', 131, NULL),
(193, 'Reverso de produccion', 132, NULL),
(194, 'pais', NULL, NULL),
(195, 'Panama', 194, NULL),
(196, 'Venezuela', 194, NULL),
(199, 'Compra', 131, NULL),
(200, 'Devolucion', 132, NULL),
(201, 'Requisicion enviada', 125, NULL),
(202, 'Requisicion anulada', 125, NULL),
(203, 'prueba 1', 121, NULL),
(207, 'OTROS', 147, NULL),
(208, 'MATERIALES DE ANESTESIA', 13, NULL),
(209, 'MONITOREO ELECTRONICO', 13, NULL),
(210, 'ELECTROCAUTERIO', 13, NULL),
(211, 'MATERIALES DE RAYOS X E IMAGENES', 13, NULL),
(212, 'MATERIAL PARA TERAPIA RESPIRATORIA', 13, NULL),
(213, 'MATERIAL DESCARTABLE', 290, NULL),
(214, 'MATERIAL DE CURACION', 13, NULL),
(215, 'BISTURIS Y SIMILARES', 13, NULL),
(216, 'SISTEMAS DE SUPLEMENTACION DE OXIGENO', 13, NULL),
(217, 'MATERIAL PARA SUTURA', 13, NULL),
(218, 'MATERIAL DE NEFROLOGIA', 13, NULL),
(219, 'MATERIAL DE OFTALMOLOGIA', 13, NULL),
(220, 'MATERIAL DE NEUROCIRUGIA', 13, NULL),
(221, 'MATERIAL DE LAPAROSCOPIA TORACOSCOPIA Y ENDOSCOPIA', 13, NULL),
(222, 'GELES', 13, NULL),
(223, 'MATERIAL PARA ESTERILIZACION', 13, NULL),
(224, 'GASES MEDICINALES', 13, NULL),
(225, 'CIRUGIA CARDIOVASCULAR', 13, NULL),
(226, 'MATERIAL DE UROLOGIA', 287, 'UR'),
(227, 'MATERIAL DE ENDOSCOPIA INTERVENCIONISTA', 287, 'EI'),
(228, 'procedencia', NULL, NULL),
(229, 'Nacional', 228, NULL),
(230, 'Internacional', 228, NULL),
(231, 'tipo_persona', NULL, NULL),
(232, 'Vendedor', 231, NULL),
(233, 'Socio', 231, NULL),
(234, 'Contacto', 231, NULL),
(235, 'tipo_almacenaje', NULL, NULL),
(236, 'Zona de baja rotacion', 235, NULL),
(237, 'Zona de media rotacion', 235, NULL),
(238, 'Zona de alta rotacion', 235, NULL),
(239, 'Zona de productos especiales', 235, NULL),
(240, 'Zona de seguridad', 235, NULL),
(241, 'CABLEADO UTP', 147, NULL),
(242, 'REDES', 13, NULL),
(243, 'ACTIVO FIJO', 13, NULL),
(244, 'TELEFONIA', 13, NULL),
(245, 'CCTV', 13, NULL),
(246, 'PIEZAS COMPUTACION', 13, NULL),
(247, 'CABLE COAXIAL', 147, NULL),
(248, 'CONECTORES', 147, NULL),
(249, 'ALARMAS', 13, NULL),
(250, 'INSTALACIONES EMT', 13, NULL),
(251, 'BOTAS PROTECTORAS', 147, NULL),
(252, 'TUBERIA RIGIDA', 147, NULL),
(253, 'DISCO DURO (SDD)', 147, NULL),
(254, 'DISCO DURO (SSD)', 147, NULL),
(255, 'CAJETINES', 147, NULL),
(256, 'FACE PLATE', 147, NULL),
(257, 'CONECTORES EMT', 147, NULL),
(258, 'CURVAS EMT', 147, NULL),
(259, 'HERRAMIENTAS', 13, NULL),
(260, 'ESMERIL DE MANO', 147, NULL),
(261, 'TALADROS', 147, NULL),
(262, 'GUAYAS PASA CABLES', 147, NULL),
(263, 'DESTORNILLADORES', 147, NULL),
(264, 'ANILLO EMT', 147, NULL),
(265, 'KIT DE REDES', 147, NULL),
(266, 'MECHAS', 147, NULL),
(267, 'MARTILLOS', 147, NULL),
(268, 'ALICATES Y PINZAS', 147, NULL),
(269, 'ABRAZADERA EMT', 147, NULL),
(270, 'TARJETA MADRE', 147, NULL),
(271, 'TUERCA', 147, NULL),
(272, 'TORNILLO', 147, NULL),
(273, 'RAMPLUG', 147, NULL),
(274, 'ARANDELA', 147, NULL),
(275, 'SEGUETAS Y SERRUCHOS', 147, NULL),
(276, 'TUBERIA FLEXIBLE', 147, NULL),
(277, 'DVR', 147, NULL),
(278, 'MEMORIA RAM', 147, NULL),
(283, 'Guantes', 213, 'GU'),
(284, 'grupo', NULL, NULL),
(285, 'MEDICAMENTOS', 284, 'ME'),
(286, 'ARTICULOS DE LIMPIEZA', 284, 'AL'),
(287, 'EQUIPOS MEDICOS', 284, 'EQ'),
(288, 'Descartables', 290, 'DE'),
(289, 'GASA', 213, 'GA'),
(290, 'ARTICULOS', 284, 'AR'),
(291, 'ALGODON', 213, 'AL'),
(292, 'SET DE INFUSION', 213, 'IN'),
(293, 'BAJALENGUAS', 213, NULL),
(294, 'BOLSA RECOLECTORA', 213, NULL),
(295, 'TUBO DE SUCCION', 213, NULL),
(296, 'JERINGA', 213, 'JE'),
(297, 'CAL', 213, 'CA'),
(298, 'CANULA DE OXIGENO', 213, 'CO'),
(299, 'CATETER', 213, 'CT'),
(300, 'CONECTOR', 213, 'CN'),
(301, 'DEPRESOR', 213, 'DP'),
(302, 'EQUIPO PERICRANEAL', 213, 'PC'),
(303, 'SCALP', 213, 'SC'),
(304, 'ESPONJA', 213, 'ES'),
(305, 'TUBO EXTENSION', 213, 'TE'),
(306, 'FAJA', 324, 'FA'),
(307, 'MACROGOTEROS', 213, 'MG'),
(308, 'MANGUERA', 213, 'MA'),
(309, 'MASCARILLA', 213, 'MC'),
(310, 'MEDI-PLUS', 213, 'MP'),
(311, 'MICRONEBULIZADOR', 213, 'MN'),
(312, 'RECOLECTORES', 213, 'RC'),
(313, 'SISTEMA DE DRENAJE', 213, 'SD'),
(314, 'SODA', 213, 'SO'),
(315, 'SONDA', 213, 'SN'),
(316, 'TENSOPLAST', 213, 'TP'),
(317, 'TORNEIRA', 213, 'TO'),
(318, 'TUBO DE ALIMENTACION', 213, 'TA'),
(319, 'VENDA', 213, 'VE'),
(320, 'YESO', 213, 'YE'),
(321, 'TELA ADHESIVA', 213, 'AD'),
(322, 'EQUIPO DE OFICINA', 290, 'OF'),
(323, 'CALCULADORA', 322, 'CL'),
(324, 'EQUIPO DE SEGURIDAD', 290, 'SE'),
(325, 'CEPILLO', 213, 'CE'),
(326, 'Jefe de almacen', 5, NULL),
(327, 'Ajuste de existencia por carga directa', 131, NULL),
(328, 'Ajuste de existencia por carga directa', 132, NULL),
(329, 'dia_requisicion', NULL, NULL),
(330, 'Lunes', 329, 'Lun'),
(331, 'Martes', 329, 'Mar'),
(332, 'Miercoles', 329, 'Mie'),
(333, 'Jueves', 329, 'Jue'),
(334, 'Viernes', 329, 'Vie'),
(335, 'Sabado', 329, 'Sab'),
(336, 'Domingo', 329, 'Dom'),
(337, 'Periodo_requisicion', NULL, NULL),
(338, 'Diario', 337, NULL),
(339, 'Interdiario', 337, NULL),
(340, 'Semanal', 337, NULL),
(341, 'Decadal', 337, NULL),
(342, 'Quincenal', 337, NULL),
(343, 'Mensual', 337, NULL),
(344, 'Bimensual', 337, NULL),
(345, 'Trimestral', 337, NULL),
(346, 'Semestral', 337, NULL),
(347, 'Anual', 337, NULL);

-- --------------------------------------------------------

--
-- Table structure for table `remision`
--

CREATE TABLE `remision` (
  `id` int(11) NOT NULL,
  `num_remision` varchar(45) NOT NULL,
  `fecha` date DEFAULT NULL,
  `hora` varchar(20) NOT NULL,
  `descripcion` text,
  `cantidad` decimal(19,4) DEFAULT '0.0000',
  `cantidad_recibida` decimal(19,4) NOT NULL DEFAULT '0.0000',
  `unidad_medida_id` int(11) DEFAULT NULL,
  `unidad_negocio_id` int(11) NOT NULL,
  `usuario_id` int(11) NOT NULL,
  `mercancia_id` int(11) NOT NULL
) ENGINE=InnoDB DEFAULT CHARSET=utf8;

-- --------------------------------------------------------

--
-- Table structure for table `reposicion_mercancia`
--

CREATE TABLE `reposicion_mercancia` (
  `id` int(11) NOT NULL,
  `num_reposicion` varchar(45) NOT NULL,
  `fecha` date DEFAULT NULL,
  `hora` varchar(15) NOT NULL,
  `total` decimal(19,4) DEFAULT '0.0000',
  `tipo_reposicion` varchar(60) DEFAULT NULL,
  `unidad_negocio_id` int(11) NOT NULL,
  `usuario_id` int(11) NOT NULL
) ENGINE=InnoDB AUTO_INCREMENT=4 DEFAULT CHARSET=utf8;

--
-- Dumping data for table `reposicion_mercancia`
--

INSERT INTO `reposicion_mercancia` (`id`, `num_reposicion`, `fecha`, `hora`, `total`, `tipo_reposicion`, `unidad_negocio_id`, `usuario_id`) VALUES
(1, '189151', '2018-09-15', '2:34:44 pm', '0.0000', 'Solicitud de requisicion', 522, 30),
(2, '189152', '2018-09-15', '2:42:58 pm', '0.0000', 'Solicitud de requisicion', 522, 30),
(3, '189153', '2018-09-15', '3:15:31 pm', '0.0000', 'Solicitud de requisicion', 522, 30);

-- --------------------------------------------------------

--
-- Table structure for table `requisitos`
--

CREATE TABLE `requisitos` (
  `id` int(11) NOT NULL,
  `ISLR` tinyint(1) NOT NULL,
  `RIF` tinyint(1) NOT NULL,
  `certificado_contratistas` tinyint(1) NOT NULL,
  `Solvencia_laboral` tinyint(1) NOT NULL,
  `Permiso_sanitario` tinyint(1) DEFAULT NULL,
  `proveedor_id` int(11) NOT NULL
) ENGINE=InnoDB DEFAULT CHARSET=utf8;

-- --------------------------------------------------------

--
-- Table structure for table `subclasificacion_empresa`
--

CREATE TABLE `subclasificacion_empresa` (
  `id` int(11) NOT NULL,
  `subclasificacion_id` int(11) NOT NULL,
  `empresa_id` int(11) NOT NULL
) ENGINE=MyISAM AUTO_INCREMENT=80 DEFAULT CHARSET=latin1;

--
-- Dumping data for table `subclasificacion_empresa`
--

INSERT INTO `subclasificacion_empresa` (`id`, `subclasificacion_id`, `empresa_id`) VALUES
(1, 282, 515),
(2, 283, 515),
(3, 284, 515),
(7, 289, 515),
(8, 149, 515),
(9, 291, 515),
(10, 292, 515),
(11, 293, 515),
(12, 294, 515),
(13, 295, 515),
(14, 296, 515),
(15, 297, 515),
(16, 298, 515),
(17, 299, 515),
(18, 300, 515),
(19, 301, 515),
(20, 302, 515),
(21, 303, 515),
(22, 304, 515),
(23, 305, 515),
(24, 306, 515),
(25, 307, 515),
(26, 308, 515),
(27, 309, 515),
(28, 310, 515),
(29, 311, 515),
(30, 312, 515),
(31, 313, 515),
(32, 314, 515),
(33, 315, 515),
(34, 316, 515),
(35, 317, 515),
(36, 318, 515),
(37, 319, 515),
(38, 320, 515),
(39, 321, 515),
(40, 323, 515),
(41, 325, 515),
(42, 282, 516),
(43, 283, 516),
(44, 284, 516),
(45, 289, 516),
(46, 149, 516),
(47, 291, 516),
(48, 292, 516),
(49, 293, 516),
(50, 294, 516),
(51, 295, 516),
(52, 296, 516),
(53, 297, 516),
(54, 298, 516),
(55, 299, 516),
(56, 300, 516),
(57, 301, 516),
(58, 302, 516),
(59, 303, 516),
(60, 304, 516),
(61, 305, 516),
(62, 306, 516),
(63, 307, 516),
(64, 308, 516),
(65, 309, 516),
(66, 310, 516),
(67, 311, 516),
(68, 312, 516),
(69, 313, 516),
(70, 314, 516),
(71, 315, 516),
(72, 316, 516),
(73, 317, 516),
(74, 318, 516),
(75, 319, 516),
(76, 320, 516),
(77, 321, 516),
(78, 323, 516),
(79, 325, 516);

-- --------------------------------------------------------

--
-- Table structure for table `telefono`
--

CREATE TABLE `telefono` (
  `id` int(11) NOT NULL,
  `numero` varchar(45) DEFAULT NULL,
  `codigo_id` int(11) NOT NULL
) ENGINE=InnoDB DEFAULT CHARSET=utf8;

-- --------------------------------------------------------

--
-- Table structure for table `telefono_has_cliente`
--

CREATE TABLE `telefono_has_cliente` (
  `telefono_id` int(11) NOT NULL,
  `cliente_id` int(11) NOT NULL
) ENGINE=InnoDB DEFAULT CHARSET=utf8;

-- --------------------------------------------------------

--
-- Table structure for table `ubicacion`
--

CREATE TABLE `ubicacion` (
  `id` int(11) NOT NULL,
  `edificio` varchar(45) DEFAULT NULL,
  `calle` varchar(45) DEFAULT NULL,
  `urbanizacion` varchar(45) DEFAULT NULL,
  `nro_intercomunicador` varchar(45) DEFAULT NULL,
  `punto_referencia` varchar(150) DEFAULT NULL,
  `parroquia_id` int(11) NOT NULL,
  `zona_postal` varchar(20) DEFAULT NULL
) ENGINE=InnoDB AUTO_INCREMENT=16 DEFAULT CHARSET=utf8;

--
-- Dumping data for table `ubicacion`
--

INSERT INTO `ubicacion` (`id`, `edificio`, `calle`, `urbanizacion`, `nro_intercomunicador`, `punto_referencia`, `parroquia_id`, `zona_postal`) VALUES
(1, '24', 'san juan', 'Guarenas', '6', 'Conjunto residencial ubicado Frente a la farmacia', 36, NULL),
(3, '235b', 'san rafael', 'brisas de propatria', '2', 'escaleras san vicente', 36, NULL),
(8, 'monaquito', 'Av Monaco', 'La california', '22a', 'a una cuadra de la estacion de metrobus la california', 70, NULL),
(10, '10 D', 'calle', 'Nueva casarapa', '3-33', 'a dos cuadras del centro comercial rojo', 92, NULL),
(11, 'Sanduvi Plaza', '3ra Transversal', 'Sta Eduvigis', '104', 'Frente a la Iglesia Preciosisima Sangre (Santa Eduvigis)', 95, NULL),
(12, '133', '13', 'La Rosa', NULL, '', 40, NULL),
(13, 'banco lara', 'mijarez', 'altagracia', '13', '', 27, '1030'),
(14, 'banco lara', 'mijarez', 'altagracia', '13', '', 27, '1030'),
(15, 'banco lara', 'mijarez', 'altagracia', '13', '', 27, '1030');

-- --------------------------------------------------------

--
-- Table structure for table `unidad_medida`
--

CREATE TABLE `unidad_medida` (
  `id` int(11) NOT NULL,
  `unidad` varchar(45) DEFAULT NULL,
  `abreviatura` varchar(10) DEFAULT NULL,
  `padre_id` int(11) DEFAULT NULL
) ENGINE=InnoDB AUTO_INCREMENT=34 DEFAULT CHARSET=utf8;

--
-- Dumping data for table `unidad_medida`
--

INSERT INTO `unidad_medida` (`id`, `unidad`, `abreviatura`, `padre_id`) VALUES
(1, 'Masa', NULL, NULL),
(2, 'Liquido', NULL, NULL),
(3, 'Longitud', NULL, NULL),
(4, 'Litro(s)', 'Ltrs', 2),
(5, 'Kilogramo(s)', 'Kgs', 1),
(6, 'Gramo(s)', 'Gr', 1),
(7, 'Botella(s)', 'Btl', 2),
(8, 'Fardo(s)', 'Frdo', 30),
(9, 'Guacal(es)', 'Gcl', 1),
(10, 'Saco(s)', 'Sco', 1),
(11, 'Caja(s)', 'Cja', 30),
(12, 'Mililitro(s)', 'Ml', 2),
(13, 'Unidad(es)', 'Un', 29),
(14, 'Pieza(s)', 'Pza', 29),
(15, 'Lata(s)', 'Lta', 1),
(16, 'Paquete(s)', 'Pqte', 29),
(17, 'Bovina(s)', 'Bvna', 1),
(18, 'Barra(s)', 'Brra', 1),
(19, 'Bulto(s)', 'Blto', 1),
(20, 'Cunete(s)', 'Cte', 2),
(21, 'Galon(es)', 'Glon', 2),
(22, 'Resma(s)', 'Rsma', 3),
(23, 'Docena(s)', 'Dcna', 29),
(24, 'Frasco(s)', 'Fco', 30),
(25, 'Cuenta(s)', 'Cuen', 1),
(26, 'Metro(s)', 'Mtrs', 3),
(27, 'Centimetro(s)', 'Cm', 3),
(28, 'Bandeja(s)', 'Bdj', 1),
(29, 'Unidades', NULL, NULL),
(30, 'Otros', NULL, NULL),
(31, 'Centimetro(s) cubico(s)', 'Cc', 2),
(32, 'milimetro(s)', 'Mm', 3),
(33, 'Paleta(s)', 'Pal', 30);

-- --------------------------------------------------------

--
-- Table structure for table `unidad_negocio`
--

CREATE TABLE `unidad_negocio` (
  `id` int(11) NOT NULL,
  `codigo` varchar(45) DEFAULT NULL,
  `rif` varchar(45) DEFAULT NULL,
  `razon_social` varchar(200) DEFAULT NULL,
  `nombre` varchar(200) DEFAULT NULL,
  `numero_autorizacion` varchar(45) DEFAULT NULL,
  `desactivada` tinyint(1) NOT NULL DEFAULT '0',
  `modelo_has_submodelo_id` int(11) DEFAULT NULL,
  `correo` varchar(150) DEFAULT NULL,
  `empresa_id` int(11) DEFAULT NULL,
  `pais_id` int(11) NOT NULL DEFAULT '196'
) ENGINE=InnoDB DEFAULT CHARSET=utf8;

--
-- Dumping data for table `unidad_negocio`
--

INSERT INTO `unidad_negocio` (`id`, `codigo`, `rif`, `razon_social`, `nombre`, `numero_autorizacion`, `desactivada`, `modelo_has_submodelo_id`, `correo`, `empresa_id`, `pais_id`) VALUES
(1, '0030', 'J-29468624-9', 'Operadora Aeropuerto 2007 C.A.', 'FP AEROPUERTO', '582946524', 0, 1, 'fpaeropuerto@fullpizza.com', 59, 196),
(2, '0011', 'J-29706562-8', 'Operadora FpBoleita 011 C.A.', 'FP BOLEITA', '558865103', 0, 1, 'fpboleita@fullpizza.com', 59, 196),
(3, '0029', 'J-29637315-5', 'Operadora Tamanaco 2008 C.A.', 'FP CCCT', '708751670', 0, 1, 'fpccct@fullpizza.com', 59, 196),
(4, '26', 'J-29600796-9', 'Operadora FP Los Proceres C.A.', 'FP IPSFA', '218262314', 0, 1, 'fpipsfa@fullpizza.com', 59, 196),
(5, '7', 'J-29706585-7', 'Operadora FP Lido 007 C.A.', 'FP LIDO', '520421640', 0, 1, 'fplido@fullpizza.com', 59, 196),
(6, '25', 'J-29637305-1', 'Operadora Millenium 2008 C.A.', 'FP MILLENIUM', '589228495', 0, 1, 'fpmillenium@fullpizza.com', 59, 196),
(7, '61', 'J-29830763-3', 'Operadora Plaza Venezuela 2009 C.A.', 'FP BICENTENARIO', '593151194', 0, 1, 'fp.ccs.bicentenario@fullpizza.com', 59, 196),
(8, '10', 'J-29706547-4', 'Operadora FP El Recreo 010 C.A.', 'FP RECREO', '737410268', 0, 1, 'fprecreo@fullpizza.com', 59, 196),
(9, '9', 'J-29706492-3', 'Operadora FP Diversion009 C.A.', 'FP SAMBIL DIVERSION', '570456763', 0, 1, 'fpdiversion@fullpizza.com', 59, 196),
(10, '8', 'J-29737409-4', 'Operadora FP Feria CCS 008 C.A.', 'FP SAMBIL FERIA', '256706677', 0, 1, 'fpferia@fullpizza.com', 59, 196),
(11, '22', 'J-30895190-0', 'Productora La Confitiure de Oro C.A.', 'FP TOLON', '845661486', 0, 1, 'fptolon@fullpizza.com', 59, 196),
(12, '2000', 'J-30895190-0', 'Productora La Confitiure de Oro C.A.', 'CHIPCOOKIE TOLON', '164869818', 0, 11, 'fptolon@fullpizza.com', 59, 196),
(13, '2', 'J-29706491-5', 'Operadora UCAB 002 C.A.', 'FP UCAB', '121649327', 0, 1, 'fpucab@fullpizza.com', 59, 196),
(14, '34', 'J-29638215-8', 'Operadora El Llano 2008 C.A.', 'FP ACARIGUA', '944126839', 0, 1, 'fpllanomall@fullpizza.com', 59, 196),
(15, '63', 'J-29800629-3', 'Operadora Maracay 2009 C.A.', 'FP AVIADORES', '432893570', 0, 1, 'fp.may.sigo@fullpizza.com', 59, 196),
(16, '17', 'J-29521250-0', 'Operadora Barquisimeto C.A.', 'FP S. BARQUISIMETO', '926740298', 0, 1, 'fpsambbarquisimeto', 59, 196),
(17, '54', 'J- 31749880-1', 'Operadora FP El Lago 2011 C.A.', 'FP S. MARACAIBO', '892605624', 0, 1, 'fpmaracaibo@fullpizza.com', 59, 196),
(18, '0020', 'J-29370529-0', 'Operadora Lara-0632006 C.A.', 'FP MTRP BARQUISIMETO', '977261513', 0, 1, 'fpbarquisimeto@fullpizza.com', 59, 196),
(19, '12', 'J-29706495-8', 'Operadora FPMetropolis 012 C.A.', 'FP MTRP VALENCIA', '118410771', 0, 1, 'fpmetropolis@fullpizza.com', 59, 196),
(20, '42', 'J-29871770-0', 'Operadora FP Paraguana 2009 C.A.', 'FP PARAGUANA', '784354406', 0, 1, 'fpparaguana@fullpizza.com', 59, 196),
(21, '0', 'J-29706489-3', 'Operadora Este C.A.', 'FP LAS TRINITARIAS', '915468342', 0, 1, 'fpparis@fullpizza.com', 59, 196),
(22, '31', 'J-29724582-0', 'Operadora Plaza Puerto C.A.', 'FP PLAZA MAYOR', '557479912', 0, 1, 'fpplzmayor@fullpizza.com', 59, 196),
(23, '14', 'J-29706490-7', 'Operadora FP Margarita 014 C.A.', 'FP S. MARGARITA', '291160155', 0, 1, 'fpmargarita@fullpizza.com', 59, 196),
(24, '13', 'J-29706494-0', 'Operadora FP Valencia 013 C.A.', 'FP SAMBIL VALENCIA', '631763844', 0, 1, 'fpsambvalencia@fullpiza.com', 59, 196),
(25, '4', 'J-29365112-3', 'Operadora FPST2007 C.A.', 'FP TACHIRA', '679193173', 0, 1, 'fpsncristobal@fullpizza.com', 59, 196),
(26, '58', 'J-40125261-3', 'Pizza Real C.A.', 'FP PUENTE REAL', '414606929', 0, 1, 'fppuentereal@fullpizza.com', 59, 196),
(27, '56', 'J-40064201-9', 'Pizzerias del Oeste 132, C.A. ', 'FP PROPATRIA', '990971977', 0, 1, 'fppropatria@fullpizza.com', 59, 196),
(28, '37', 'J-29449227-4', 'Representaciones Pasadena C.A.', 'FP LIDER', '470604320', 0, 1, 'fplider@fullpizza.com', 59, 196),
(29, '21', 'J-30948141-0', 'XLunch C.A.', 'FP GALERIAS MARACAY', '963799571', 0, 1, 'fpgalmaracay@fullpizza.com', 59, 196),
(31, '39', 'J-29839358-0', 'Inversiones Pampatar C.A.', 'FP LA VELA', '413388225', 0, 1, 'fplavela@fullpizza.com', 59, 196),
(32, '38', 'J-29848534-1', 'Representaciones Nemar C.A.', 'FP ALTAVISTA II', '899787596', 0, 1, 'fpaltavistaii@fullpizza.com', 59, 196),
(33, '18', 'J-29369833-9', 'Inversiones Lamo C.A.', 'FP PZA ATLANTICO', '934240973', 0, 1, 'fpptoordaz@fullpizza.com', 59, 196),
(34, '52', 'J-30707128-1', 'Operadora PLK Elice C.A.', 'PLK CHACAO', '278183304', 0, NULL, 'plchacao@fullpizza.com', 59, 196),
(35, '47', 'J-29997801-9', 'Operadora PLS Petare C.A.', 'PLK PETARE', '953912705', 0, NULL, 'plpetare@fullpizza.com', 59, 196),
(36, '45', 'J-29600831-0', 'Operadora Los Ilustres C.A.', 'PLK SABANA GRANDE', '473309215', 0, NULL, 'plsabanagrande@fullpizza.com', 59, 196),
(37, '62', 'J-40232165-1', 'Inversiones 3055530 C.A.', 'PLK AEROPUERTO', '903710294', 0, NULL, 'pl.mqt.aeropuerto@pizzaloka.com.ve', 59, 196),
(38, '32', 'J-29980564-5', 'Inversora Nesi C.A.', 'PLK CIUDAD TRAKI', '268297438', 0, NULL, 'plciudadtraki@fullpizza.com', 59, 196),
(39, '1024', 'J-30757227-2', 'Operadora DLV003 C.A.', 'OH LALA CHACAITO', '749733641', 0, 6, 'ccs.expreso@ohlala.com.ve', 59, 196),
(40, '1008', 'J-29896375-1', 'Corporacion Prestigio PQM C.A.', 'OHLALA METROPOLIS', '773982449', 0, 6, 'oh.val.metropolis@ohlala.com', 59, 196),
(41, '1002', 'J-29637224-1', 'Representaciones Somaroma 2009 C.A.', 'OHLALA RECREO FERIA', '610219931', 0, 6, 'oh.ccs.recreo@ohlala.com.ve', 59, 196),
(42, '1027', 'J- 40232151-1', 'Inversiones OH Recreo 2012 C.A.', 'OH RECREO KIOSKO', '897915414', 0, 6, 'oh.ccs.recreo@ohlala.com.ve', 59, 196),
(43, '902', 'J-317690060', 'Inversiones 238882 C.A.', 'MUFFIN CAFE ', '650368289', 0, NULL, 'mcaeropuerto@fullpizza.com', 59, 196),
(44, '1010', 'J-31749269-2', 'Inversiones JCR, C.A. ', 'OHLALA METROPOLIS BQ', '615914811', 0, 6, 'iqpm1421@gmail.com', 59, 196),
(45, '1009', 'J-29350955-6', 'Inversiones QP1421 C.A.', 'OHLALA SAMBIL BQMTO', '671526111', 0, 6, 'iqpm1421@gmail.com', 59, 196),
(46, '1000', 'J-31578297-9', 'Bh Pack C.A.', 'OHLALA EMBAJADA ', '229366884', 0, 6, 'oh.ccs.embajada@ohlala.com.ve', 59, 196),
(47, '901', 'J-30757411-9', 'Operadora DLV005 C.A.', 'RB MILLENIUM', '122334469', 0, NULL, 'rbmillenium@fullpizza.com', 59, 196),
(48, '3005', 'J-40232160-0', 'Operadora RB Recreo 2012 C.A.', 'RB RECREO', '237766659', 0, NULL, 'rb.oh.ccs.recreo@ricoburrito.com', 59, 196),
(49, '3002', 'J-40232150-3', 'Inversiones RB lider 2012 C.A.', 'RB LIDER', '227880793', 0, NULL, 'rb.ccs.lider@ricoburrito.com', 59, 196),
(50, '3004', 'J-40232147-3', 'Operadora RB Metropolis 2012 C.A.', 'RB METROPOLIS', '378767461', 0, NULL, 'rb.val.metropolis@ricoburrito.com', 59, 196),
(51, '3000', 'J-40148998-2', 'Operadora Popular Rondon 2012', 'RB CHACAITO', '208208162', 0, NULL, 'rb.ccs.expreso@ricoburrito.com', 59, 196),
(52, '5', 'J-29869805-5', 'Operadora de Alimentos Antillana 2010 C.A.', 'ANTILLANA', '554774117', 0, NULL, 'antillana@fullpizza.com', 59, 196),
(53, '57', 'J-40107855-9', 'Representaciones Green Margarita C.A.', 'GREEN MARTINI', '724265130', 0, NULL, 'greenmartini@fullpizza.com', 59, 196),
(54, '6', 'J-29724633-9', 'Operadora FP Piccola 006 C.A.', 'PICCOLA', '568751869', 0, NULL, 'piccola@fullpizza.com', 59, 196),
(55, '3', 'J-31329666-0', 'Cooperativa El Nazareno 1562 RL', 'ALLEGRE TRATTORIA', '314665353', 0, NULL, 'trattoria@fullpizza.com', 59, 196),
(56, '8000', 'J-313017167', 'Corporacion ORLICA', 'BAGEL NOSH', '428802584', 0, NULL, NULL, 59, 196),
(57, '5000', 'J-40520881-3', 'AyB Hernandez Sanchez C.A.', 'RESTAURANT LA MAR', '316460380', 0, NULL, 'nelsonrhernandez10@gmail.com', 59, 196),
(58, '59', 'J-30756999-9', 'Operadora DLV001 C.A.', 'FP DELIVERY TIENDA', '814231707', 0, NULL, NULL, 59, 196),
(59, '8888', NULL, NULL, 'Corporacion multifranquicia', NULL, 0, NULL, NULL, NULL, 196),
(60, '8889', NULL, NULL, 'Multifranquicia (PTY)', NULL, 0, NULL, NULL, NULL, 195),
(501, '0501', '2429074-1-808935 DV ', 'Franquicias Pizza Panama, S.A.', 'FP CARRUSEL(PTY)', '528821415', 0, 19, NULL, 60, 195),
(502, '0502', '1390804-1-626179 DV ', 'Full Inversiones Panama, S.A.', 'FP MAGIC ZONE(PTY)', '903877581', 0, 19, 'fpalbrook3@fullpizza.com', 60, 195),
(503, '0503', '1261127-1-595525 DV6', 'FRANQUICIAS FULL PANAMA', 'FP ALBROOK CINES(PTY)', '624581873', 0, 19, 'fpalbrook2@fullpizza', 60, 195),
(504, '0504', '1818282-1-708554', 'Grupo Full pizza, S.A.', 'FP ALBROOK TERMINAL(PTY)', '768672660', 0, 19, 'fpterminal@fullpizza.com', 60, 195),
(505, '0505', '2429074-1-808935 DV ', 'Franquicias Pizza Panama, S.A.', 'RB I ALBROOK(PTY)', '236548855', 0, 20, NULL, 60, 195),
(506, '0506', '470523-1-708576 DV ', 'RESTAURANTE BROOKAL S.A.', 'BOULEVARD ALBROOK CAFE(PTY)', '673230906', 0, 21, 'boulevardalbrook1@fullpizza.com', 60, 195),
(508, '0508', '1818282-1-708554 DV ', 'Grupo Pizza, S.A.', 'FP WESTLAND(PTY)', '241857645', 0, 19, 'fpwestland1@fullpizza.com', 60, 195),
(509, '0509', '1818282-1-708554 DV ', 'Grupo Pizza, S.A.', 'BOULEVARD WESTLAND(PTY)', '763196583', 0, 21, NULL, 60, 195),
(510, '0510', '2429074-1-808935 DV ', 'FRANQUICIAS PIZZA PANAMA S,A.', 'FP LOS ANDES(PTY)', '184859354', 1, 19, 'fp.pty.losandes1@fullpizza.com', 60, 195),
(511, '0511', '155593908-2-2015 DV', 'Inversiones Capsal, S.A', 'FP EL DORADO(PTY)', '633300452', 0, 19, NULL, 60, 195),
(512, '0512', '13908041-1-626179 DV', 'Full Inversiones Panama, S.A', 'RB II MAGIC ZONE(PTY)', '838312228', 0, 20, NULL, 60, 195),
(513, '0513', '2469180-1-814587 DV4', 'Franquicias F Pizza Santiago,S.A.', 'FP SANTIAGO(PTY)', '242858646', 0, 19, 'fpsantiago@fullpizza.com', 60, 195),
(514, '0514', '155619048-2-2015 DV42', 'Franquicias Stoners Pizza,S.A.', 'FP VILLA LUCRE(PTY)', '242858647', 1, 19, 'fpstoners@fullpizza.com', 60, 195),
(515, '7777', NULL, NULL, 'Almacen Principal', NULL, 0, NULL, 'ivsss@gmail.com', NULL, 196),
(516, '7778', NULL, NULL, 'Almacen General', NULL, 0, 22, 'ivsss@gmail.com', 515, 196),
(517, '7779', NULL, NULL, 'Perez Carreno', NULL, 0, 22, 'Perez.Carreno@gmail.com', 515, 196),
(518, '7780', NULL, NULL, 'UCV', NULL, 0, 22, 'ucvh@gmail.com', 515, 196),
(519, '8887', NULL, NULL, 'Solincamfer', NULL, 0, NULL, NULL, NULL, 196),
(520, '', NULL, NULL, 'Suministros', NULL, 0, 22, NULL, 516, 196),
(521, '', NULL, NULL, 'Farmacia', NULL, 0, 22, NULL, 516, 196),
(522, '', NULL, NULL, 'Almacen B1-5', NULL, 0, 22, NULL, 516, 196);

-- --------------------------------------------------------

--
-- Table structure for table `usuario`
--

CREATE TABLE `usuario` (
  `id` int(11) NOT NULL,
  `usuario` varchar(45) NOT NULL,
  `nombre` varchar(45) NOT NULL,
  `apellido` varchar(45) NOT NULL,
  `clave` varchar(45) NOT NULL,
  `tipo_usuario_id` int(11) NOT NULL,
  `pregunta_id` int(11) NOT NULL,
  `respuesta` varchar(60) NOT NULL
) ENGINE=InnoDB AUTO_INCREMENT=31 DEFAULT CHARSET=utf8;

--
-- Dumping data for table `usuario`
--

INSERT INTO `usuario` (`id`, `usuario`, `nombre`, `apellido`, `clave`, `tipo_usuario_id`, `pregunta_id`, `respuesta`) VALUES
(1, 'Jeanhd', 'Jean Gilles ', 'Raimbault', 'hd10042006', 35, 1, ''),
(2, 'leohd', 'Leonardo', 'Suarez', 'l30', 34, 1, ''),
(3, 'hirwuinhd', 'Hirwuin', 'Colmenares', 'Hcolmenares', 35, 36, 'Pelusa'),
(4, 'David', 'David', 'Reyes', 'd4v1dr3y3s', 113, 1, ''),
(5, 'Karla', 'Karla', 'Alvarez', 'c0st0s', 114, 1, ''),
(6, 'Victor', 'Victor', 'Castillo', 'v1ctorc4st1llo', 113, 1, ''),
(7, 'Martin', 'Martin', 'Schintu', '1n4ct1vo', 113, 1, ''),
(8, 'Manuel', 'Manuel', 'Rocha', 'rocha123', 113, 1, ''),
(9, 'Angel', 'Angel', 'Rivas', 'p4n4m42017', 113, 1, ''),
(10, 'Rodolfo', 'Rodolfo', 'Leon', 'rl30n', 113, 1, ''),
(11, 'Jerson', 'Jerson', 'Mendes', 'm3nd3sj', 113, 1, ''),
(12, 'Alvaro', 'Alvaro', 'Diez', '4lv4r0d13z', 113, 1, ''),
(13, 'Sergio', 'Sergio', 'Calzada', 's3rg10c', 113, 1, ''),
(14, 'Jean', 'Jean', 'Ospino', 'j34nOsp1no', 113, 1, ''),
(15, 'freddyhd', 'Freddy', 'Diaz', 'diazf', 35, 1, ''),
(16, 'Diana', 'Diana', 'Guzman', 'd14naGuzm4n', 113, 1, ''),
(17, 'Victor', 'Victor', 'Ochoa', 'V1ctorOcho4', 113, 1, ''),
(18, 'mariadelgado', 'maria', 'delgado', '1234567', 115, 37, 'margarita'),
(19, 'jeangilles', 'Jean-Gilles', 'Raimbault', '123456789', 115, 36, 'minone'),
(20, 'Jean2', 'Gerente ', 'prueba', 'hd999', 35, 1, ''),
(21, 'pruebas', 'ivss', 'prueba', 'ivssprueba', 35, 1, ''),
(22, 'inventario', 'Maestro de ', 'productos', 'ivssinv', 326, 1, ''),
(23, 'cargaexistencia', 'Carga de ', 'inventario', 'ivsscharge', 326, 1, ''),
(24, 'proveedores', 'usuario', 'proveedores', 'provivss', 326, 1, ''),
(25, 'Hospital', 'Jefe de', 'almacen General', 'almacenivss', 326, 1, ''),
(26, 'Hospital', 'Jefe de', 'almacen Dom. Luc.', 'almacendl', 326, 1, ''),
(27, 'Solincamfer', 'Inversiones', 'Solincamfer', 'solin2014', 326, 1, ''),
(28, 'Almacen', 'Jefe de', 'almacenes Dom. Luc.', 'ivssalmacendl', 326, 1, ''),
(29, 'subalmacen', 'Jefe de', 'almacen de suministros', 'almacendlsumin', 326, 1, ''),
(30, 'subalmacen', 'Jefe de', 'almacen B1-5', 'almacendlb15', 326, 1, '');

-- --------------------------------------------------------

--
-- Table structure for table `usuario_has_unidad_negocio`
--

CREATE TABLE `usuario_has_unidad_negocio` (
  `usuario_id` int(11) NOT NULL,
  `unidad_negocio_id` int(11) NOT NULL
) ENGINE=InnoDB DEFAULT CHARSET=utf8;

--
-- Dumping data for table `usuario_has_unidad_negocio`
--

INSERT INTO `usuario_has_unidad_negocio` (`usuario_id`, `unidad_negocio_id`) VALUES
(3, 1),
(15, 1),
(20, 1),
(20, 2),
(15, 3),
(20, 3),
(3, 4),
(15, 4),
(20, 4),
(3, 5),
(20, 5),
(2, 7),
(20, 8),
(20, 10),
(3, 39),
(15, 39),
(15, 59),
(1, 60),
(9, 60),
(10, 60),
(1, 501),
(9, 501),
(10, 501),
(1, 502),
(9, 502),
(10, 502),
(1, 503),
(9, 503),
(10, 503),
(1, 504),
(9, 504),
(10, 504),
(1, 505),
(9, 505),
(10, 505),
(1, 506),
(9, 506),
(10, 506),
(1, 508),
(9, 508),
(10, 508),
(1, 509),
(9, 509),
(10, 509),
(1, 510),
(9, 510),
(10, 510),
(1, 511),
(9, 511),
(10, 511),
(1, 512),
(9, 512),
(10, 512),
(1, 513),
(9, 513),
(10, 513),
(1, 514),
(9, 514),
(10, 514),
(21, 515),
(22, 515),
(23, 515),
(24, 515),
(25, 515),
(28, 515),
(21, 516),
(23, 516),
(26, 516),
(28, 516),
(21, 517),
(21, 518),
(27, 519),
(29, 520),
(23, 522),
(30, 522);

--
-- Indexes for dumped tables
--

--
-- Indexes for table `clasificacion_empresa`
--
ALTER TABLE `clasificacion_empresa`
  ADD PRIMARY KEY (`id`),
  ADD KEY `clasificacion` (`clasificacion_id`),
  ADD KEY `empresaid` (`empresa_id`);

--
-- Indexes for table `cliente`
--
ALTER TABLE `cliente`
  ADD PRIMARY KEY (`id`),
  ADD UNIQUE KEY `cedula_UNIQUE` (`cedula`),
  ADD KEY `fk_cliente_usuario1_idx` (`usuario_id`),
  ADD KEY `fk_cliente_ubicacion1_idx` (`ubicacion_id`);

--
-- Indexes for table `combo`
--
ALTER TABLE `combo`
  ADD PRIMARY KEY (`id`),
  ADD KEY `fk_combo_modelo1_idx` (`submodelo_id`);

--
-- Indexes for table `direccion`
--
ALTER TABLE `direccion`
  ADD PRIMARY KEY (`id`),
  ADD KEY `fk_direccion_direccion1_idx` (`padre_id`),
  ADD KEY `fk_direccion_referencia1_idx` (`referencia_id`);

--
-- Indexes for table `explosion`
--
ALTER TABLE `explosion`
  ADD PRIMARY KEY (`id`),
  ADD KEY `grupo_id` (`grupo`),
  ADD KEY `producto_id` (`producto`),
  ADD KEY `unidad_negocio_id` (`unidad_negocio_id`);

--
-- Indexes for table `factura`
--
ALTER TABLE `factura`
  ADD PRIMARY KEY (`id`);

--
-- Indexes for table `grupo`
--
ALTER TABLE `grupo`
  ADD PRIMARY KEY (`id`),
  ADD KEY `fk_grupo_referencia1_idx` (`familia_id`);

--
-- Indexes for table `ingredientes_has_explosion`
--
ALTER TABLE `ingredientes_has_explosion`
  ADD KEY `producto_id` (`producto_id`);

--
-- Indexes for table `ingrediente_has_receta`
--
ALTER TABLE `ingrediente_has_receta`
  ADD KEY `fk_materia_prima_has_receta_receta1_idx` (`receta_id`),
  ADD KEY `fk_materia_prima_has_receta_materia_prima1_idx` (`ingrediente_id`),
  ADD KEY `fk_ingrediente_has_receta_unidad_medida1_idx` (`unidad_medida_id`);

--
-- Indexes for table `inventario`
--
ALTER TABLE `inventario`
  ADD PRIMARY KEY (`id`),
  ADD KEY `tipo_inventario` (`tipo_inventario`),
  ADD KEY `unidad_negocio_id` (`unidad_negocio_id`);

--
-- Indexes for table `kardex`
--
ALTER TABLE `kardex`
  ADD PRIMARY KEY (`id`),
  ADD KEY `fk_kardex_mercancia1_idx` (`mercancia_id`),
  ADD KEY `fk_kardex_unidad_negocio1_idx` (`unidad_negocio_id`),
  ADD KEY `fk_kardex_referencia2_idx` (`tipo_movimiento_id`),
  ADD KEY `fk_kardex_usuario1_idx` (`usuario_id`),
  ADD KEY `fk_kardex_unidad_medida1_idx` (`unidad_medida_id`),
  ADD KEY `motivo_id` (`motivo_id`);

--
-- Indexes for table `log`
--
ALTER TABLE `log`
  ADD PRIMARY KEY (`id`),
  ADD KEY `fk_log_unidad_negocio1_idx` (`unidad_negocio_id`);

--
-- Indexes for table `mercancia`
--
ALTER TABLE `mercancia`
  ADD PRIMARY KEY (`id`),
  ADD UNIQUE KEY `codigo` (`codigo`),
  ADD KEY `fk_mercancia_referencia1_idx` (`familia_id`),
  ADD KEY `receta_id` (`receta_id`),
  ADD KEY `subfamilia` (`sub_familia_id`),
  ADD KEY `tipo_ing` (`tipo_mercancia_id`),
  ADD KEY `asociado_id` (`asociado_id`);

--
-- Indexes for table `mercancia_has_factura`
--
ALTER TABLE `mercancia_has_factura`
  ADD PRIMARY KEY (`id`);

--
-- Indexes for table `mercancia_has_modelo`
--
ALTER TABLE `mercancia_has_modelo`
  ADD PRIMARY KEY (`id`),
  ADD KEY `mercancia_id` (`mercancia_id`),
  ADD KEY `modelo_id` (`modelo_id`);

--
-- Indexes for table `mercancia_has_oc`
--
ALTER TABLE `mercancia_has_oc`
  ADD PRIMARY KEY (`id`);

--
-- Indexes for table `mercancia_has_reposicion`
--
ALTER TABLE `mercancia_has_reposicion`
  ADD PRIMARY KEY (`id`),
  ADD KEY `ingrediente_id` (`ingrediente_id`),
  ADD KEY `unidad_medida_id` (`unidad_medida_id`),
  ADD KEY `proveedor_id` (`proveedor_id`),
  ADD KEY `unidad_medida_id_2` (`unidad_medida_id`),
  ADD KEY `reposicion_id` (`reposicion_id`);

--
-- Indexes for table `mercancia_has_unidad_negocio`
--
ALTER TABLE `mercancia_has_unidad_negocio`
  ADD PRIMARY KEY (`mercancia_id`,`unidad_negocio_id`),
  ADD KEY `fk_inventario_has_unidad_negocio_unidad_negocio1_idx` (`unidad_negocio_id`),
  ADD KEY `fk_mercancia_has_unidad_negocio_mercancia1_idx` (`mercancia_id`),
  ADD KEY `tipoinv_id` (`tipo_inventario_id`),
  ADD KEY `tipoalm_id` (`tipo_almacenaje_id`),
  ADD KEY `umvol_id` (`umvolumen_id`),
  ADD KEY `um_recepcion_id` (`um_recepcion_id`),
  ADD KEY `um_despacho_id` (`um_despacho_id`),
  ADD KEY `um_sistema_id` (`um_sistema_id`),
  ADD KEY `periodo_requisicion_id` (`periodo_requisicion_id`),
  ADD KEY `dia_requisicion_id` (`dia_requisicion_id`);

--
-- Indexes for table `modelo`
--
ALTER TABLE `modelo`
  ADD PRIMARY KEY (`id`),
  ADD KEY `fk_modelo_modelo1_idx` (`padre_id`);

--
-- Indexes for table `modelo_has_grupo`
--
ALTER TABLE `modelo_has_grupo`
  ADD PRIMARY KEY (`modelo_id`,`grupo_id`),
  ADD KEY `fk_modelo_has_grupo_grupo1_idx` (`grupo_id`),
  ADD KEY `fk_modelo_has_grupo_modelo1_idx` (`modelo_id`);

--
-- Indexes for table `modelo_has_receta`
--
ALTER TABLE `modelo_has_receta`
  ADD PRIMARY KEY (`modelo_id`,`receta_id`),
  ADD KEY `fk_modelo_has_receta_receta1_idx` (`receta_id`),
  ADD KEY `fk_modelo_has_receta_modelo1_idx` (`modelo_id`);

--
-- Indexes for table `modelo_has_submodelo`
--
ALTER TABLE `modelo_has_submodelo`
  ADD PRIMARY KEY (`id`,`modelo_id`,`sub_modelo_id`),
  ADD KEY `fk_modelo_has_modelo_modelo2_idx` (`sub_modelo_id`),
  ADD KEY `fk_modelo_has_modelo_modelo1_idx` (`modelo_id`);

--
-- Indexes for table `notificacion_has_remision`
--
ALTER TABLE `notificacion_has_remision`
  ADD PRIMARY KEY (`reposicion_id`,`unidad_negocio_id`,`remision_id`),
  ADD KEY `fk_kardex_has_unidad_negocio_unidad_negocio1_idx` (`unidad_negocio_id`),
  ADD KEY `fk_kardex_has_unidad_negocio_reposicion1_idx` (`reposicion_id`),
  ADD KEY `fk_kardex_has_unidad_negocio_remision1_idx` (`remision_id`),
  ADD KEY `fk_notificacion_has_remision_referencia1_idx` (`status_id`);

--
-- Indexes for table `orden`
--
ALTER TABLE `orden`
  ADD PRIMARY KEY (`id`),
  ADD KEY `fk_orden_cliente1_idx` (`cliente_id`),
  ADD KEY `fk_orden_referencia1_idx` (`tipo_pago_id`),
  ADD KEY `fk_orden_referencia2_idx` (`status_id`);

--
-- Indexes for table `orden_compra`
--
ALTER TABLE `orden_compra`
  ADD PRIMARY KEY (`id`),
  ADD KEY `statusid` (`status_id`);

--
-- Indexes for table `persona`
--
ALTER TABLE `persona`
  ADD PRIMARY KEY (`id`),
  ADD KEY `tipopersonaid` (`tipo_persona_id`),
  ADD KEY `proveedorid` (`proveedor_id`);

--
-- Indexes for table `produccion`
--
ALTER TABLE `produccion`
  ADD PRIMARY KEY (`id`),
  ADD KEY `productid` (`producto_id`),
  ADD KEY `unidadmedidaid` (`unidad_medida_id`),
  ADD KEY `udnid` (`unidad_negocio_id`);

--
-- Indexes for table `producto`
--
ALTER TABLE `producto`
  ADD PRIMARY KEY (`id`),
  ADD UNIQUE KEY `codigo` (`codigo`),
  ADD KEY `fk_producto_grupo1_idx` (`grupo_id`),
  ADD KEY `fk_producto_receta1_idx` (`receta_id`);

--
-- Indexes for table `producto_has_modelo`
--
ALTER TABLE `producto_has_modelo`
  ADD PRIMARY KEY (`id`),
  ADD KEY `productoid` (`producto_id`),
  ADD KEY `modeloid` (`modelo_id`);

--
-- Indexes for table `producto_has_orden`
--
ALTER TABLE `producto_has_orden`
  ADD PRIMARY KEY (`producto_id`,`orden_id`),
  ADD KEY `fk_producto_has_orden_orden1_idx` (`orden_id`),
  ADD KEY `fk_producto_has_orden_producto1_idx` (`producto_id`);

--
-- Indexes for table `producto_has_unidad_negocio`
--
ALTER TABLE `producto_has_unidad_negocio`
  ADD PRIMARY KEY (`producto_id`,`unidad_negocio_id`),
  ADD KEY `fk_producto_has_unidad_negocio_unidad_negocio1_idx` (`unidad_negocio_id`),
  ADD KEY `fk_producto_has_unidad_negocio_producto1_idx` (`producto_id`);

--
-- Indexes for table `proveedor`
--
ALTER TABLE `proveedor`
  ADD PRIMARY KEY (`id`),
  ADD KEY `ubicacion_id` (`ubicacion_id`),
  ADD KEY `idempresa` (`empresa_id`),
  ADD KEY `procedenciaid` (`procedencia_id`);

--
-- Indexes for table `proveedor_has_mercancia`
--
ALTER TABLE `proveedor_has_mercancia`
  ADD PRIMARY KEY (`id`),
  ADD KEY `fk_proveedor_has_mercancia_mercancia1_idx` (`mercancia_id`),
  ADD KEY `fk_proveedor_has_mercancia_proveedor1_idx` (`proveedor_id`);

--
-- Indexes for table `proveedor_has_telefono`
--
ALTER TABLE `proveedor_has_telefono`
  ADD PRIMARY KEY (`proveedor_id`,`telefono_id`),
  ADD KEY `fk_proveedor_has_telefono_telefono1_idx` (`telefono_id`),
  ADD KEY `fk_proveedor_has_telefono_proveedor1_idx` (`proveedor_id`);

--
-- Indexes for table `receta`
--
ALTER TABLE `receta`
  ADD PRIMARY KEY (`id`),
  ADD KEY `unidad_m_id` (`unidad_medida_id`);

--
-- Indexes for table `receta_has_receta`
--
ALTER TABLE `receta_has_receta`
  ADD PRIMARY KEY (`receta_id`,`sub_receta_id`),
  ADD KEY `fk_receta_has_receta_receta2_idx` (`sub_receta_id`),
  ADD KEY `fk_receta_has_receta_receta1_idx` (`receta_id`);

--
-- Indexes for table `referencia`
--
ALTER TABLE `referencia`
  ADD PRIMARY KEY (`id`),
  ADD KEY `fk_referencia_referencia1_idx` (`padre_id`);

--
-- Indexes for table `remision`
--
ALTER TABLE `remision`
  ADD PRIMARY KEY (`id`),
  ADD KEY `fk_remision_unidad_negocio1_idx` (`unidad_negocio_id`),
  ADD KEY `fk_remision_usuario1_idx` (`usuario_id`),
  ADD KEY `fk_remision_ingrediente1_idx` (`mercancia_id`),
  ADD KEY `unimedida` (`unidad_medida_id`);

--
-- Indexes for table `reposicion_mercancia`
--
ALTER TABLE `reposicion_mercancia`
  ADD PRIMARY KEY (`id`),
  ADD KEY `fk_carga_compra_unidad_negocio1_idx` (`unidad_negocio_id`),
  ADD KEY `fk_carga_compra_usuario1_idx` (`usuario_id`);

--
-- Indexes for table `requisitos`
--
ALTER TABLE `requisitos`
  ADD PRIMARY KEY (`id`),
  ADD KEY `proveedorid` (`proveedor_id`);

--
-- Indexes for table `subclasificacion_empresa`
--
ALTER TABLE `subclasificacion_empresa`
  ADD PRIMARY KEY (`id`),
  ADD KEY `subclasificacionid` (`subclasificacion_id`),
  ADD KEY `empresaid` (`empresa_id`);

--
-- Indexes for table `telefono`
--
ALTER TABLE `telefono`
  ADD PRIMARY KEY (`id`),
  ADD KEY `fk_telefono_referencia1_idx` (`codigo_id`);

--
-- Indexes for table `telefono_has_cliente`
--
ALTER TABLE `telefono_has_cliente`
  ADD PRIMARY KEY (`telefono_id`,`cliente_id`),
  ADD KEY `fk_telefono_has_cliente_cliente1_idx` (`cliente_id`),
  ADD KEY `fk_telefono_has_cliente_telefono1_idx` (`telefono_id`);

--
-- Indexes for table `ubicacion`
--
ALTER TABLE `ubicacion`
  ADD PRIMARY KEY (`id`),
  ADD KEY `fk_ubicacion_direccion1_idx` (`parroquia_id`);

--
-- Indexes for table `unidad_medida`
--
ALTER TABLE `unidad_medida`
  ADD PRIMARY KEY (`id`),
  ADD KEY `fk_unidad_medida_unidad_medida1_idx` (`padre_id`);

--
-- Indexes for table `unidad_negocio`
--
ALTER TABLE `unidad_negocio`
  ADD PRIMARY KEY (`id`),
  ADD KEY `fk_unidad_negocio_modelo_has_submodelo1_idx` (`modelo_has_submodelo_id`),
  ADD KEY `fk_unidad_negocio_unidad_negocio1_idx` (`empresa_id`),
  ADD KEY `pais_id` (`pais_id`);

--
-- Indexes for table `usuario`
--
ALTER TABLE `usuario`
  ADD PRIMARY KEY (`id`),
  ADD KEY `fk_usuario_referencia1_idx` (`tipo_usuario_id`),
  ADD KEY `fk_usuario_referencia2_idx` (`pregunta_id`);

--
-- Indexes for table `usuario_has_unidad_negocio`
--
ALTER TABLE `usuario_has_unidad_negocio`
  ADD PRIMARY KEY (`usuario_id`,`unidad_negocio_id`),
  ADD KEY `fk_usuario_has_unidad_negocio_unidad_negocio1_idx` (`unidad_negocio_id`),
  ADD KEY `fk_usuario_has_unidad_negocio_usuario1_idx` (`usuario_id`);

--
-- AUTO_INCREMENT for dumped tables
--

--
-- AUTO_INCREMENT for table `clasificacion_empresa`
--
ALTER TABLE `clasificacion_empresa`
  MODIFY `id` int(11) NOT NULL AUTO_INCREMENT,AUTO_INCREMENT=81;
--
-- AUTO_INCREMENT for table `cliente`
--
ALTER TABLE `cliente`
  MODIFY `id` int(11) NOT NULL AUTO_INCREMENT;
--
-- AUTO_INCREMENT for table `combo`
--
ALTER TABLE `combo`
  MODIFY `id` int(11) NOT NULL AUTO_INCREMENT;
--
-- AUTO_INCREMENT for table `direccion`
--
ALTER TABLE `direccion`
  MODIFY `id` int(11) NOT NULL AUTO_INCREMENT,AUTO_INCREMENT=115;
--
-- AUTO_INCREMENT for table `explosion`
--
ALTER TABLE `explosion`
  MODIFY `id` int(11) NOT NULL AUTO_INCREMENT;
--
-- AUTO_INCREMENT for table `factura`
--
ALTER TABLE `factura`
  MODIFY `id` int(11) NOT NULL AUTO_INCREMENT;
--
-- AUTO_INCREMENT for table `grupo`
--
ALTER TABLE `grupo`
  MODIFY `id` int(11) NOT NULL AUTO_INCREMENT,AUTO_INCREMENT=411;
--
-- AUTO_INCREMENT for table `inventario`
--
ALTER TABLE `inventario`
  MODIFY `id` int(11) NOT NULL AUTO_INCREMENT,AUTO_INCREMENT=355;
--
-- AUTO_INCREMENT for table `kardex`
--
ALTER TABLE `kardex`
  MODIFY `id` int(11) NOT NULL AUTO_INCREMENT,AUTO_INCREMENT=613;
--
-- AUTO_INCREMENT for table `log`
--
ALTER TABLE `log`
  MODIFY `id` int(11) NOT NULL AUTO_INCREMENT,AUTO_INCREMENT=655;
--
-- AUTO_INCREMENT for table `mercancia`
--
ALTER TABLE `mercancia`
  MODIFY `id` int(11) NOT NULL AUTO_INCREMENT,AUTO_INCREMENT=816;
--
-- AUTO_INCREMENT for table `mercancia_has_factura`
--
ALTER TABLE `mercancia_has_factura`
  MODIFY `id` int(11) NOT NULL AUTO_INCREMENT;
--
-- AUTO_INCREMENT for table `mercancia_has_modelo`
--
ALTER TABLE `mercancia_has_modelo`
  MODIFY `id` int(11) NOT NULL AUTO_INCREMENT,AUTO_INCREMENT=6;
--
-- AUTO_INCREMENT for table `mercancia_has_oc`
--
ALTER TABLE `mercancia_has_oc`
  MODIFY `id` int(11) NOT NULL AUTO_INCREMENT;
--
-- AUTO_INCREMENT for table `mercancia_has_reposicion`
--
ALTER TABLE `mercancia_has_reposicion`
  MODIFY `id` int(11) NOT NULL AUTO_INCREMENT,AUTO_INCREMENT=4;
--
-- AUTO_INCREMENT for table `modelo`
--
ALTER TABLE `modelo`
  MODIFY `id` int(11) NOT NULL AUTO_INCREMENT,AUTO_INCREMENT=41;
--
-- AUTO_INCREMENT for table `modelo_has_submodelo`
--
ALTER TABLE `modelo_has_submodelo`
  MODIFY `id` int(11) NOT NULL AUTO_INCREMENT,AUTO_INCREMENT=24;
--
-- AUTO_INCREMENT for table `orden`
--
ALTER TABLE `orden`
  MODIFY `id` int(11) NOT NULL AUTO_INCREMENT;
--
-- AUTO_INCREMENT for table `orden_compra`
--
ALTER TABLE `orden_compra`
  MODIFY `id` int(11) NOT NULL AUTO_INCREMENT;
--
-- AUTO_INCREMENT for table `persona`
--
ALTER TABLE `persona`
  MODIFY `id` int(11) NOT NULL AUTO_INCREMENT;
--
-- AUTO_INCREMENT for table `produccion`
--
ALTER TABLE `produccion`
  MODIFY `id` int(11) NOT NULL AUTO_INCREMENT;
--
-- AUTO_INCREMENT for table `producto`
--
ALTER TABLE `producto`
  MODIFY `id` int(11) NOT NULL AUTO_INCREMENT,AUTO_INCREMENT=632;
--
-- AUTO_INCREMENT for table `producto_has_modelo`
--
ALTER TABLE `producto_has_modelo`
  MODIFY `id` int(11) NOT NULL AUTO_INCREMENT,AUTO_INCREMENT=627;
--
-- AUTO_INCREMENT for table `proveedor`
--
ALTER TABLE `proveedor`
  MODIFY `id` int(11) NOT NULL AUTO_INCREMENT;
--
-- AUTO_INCREMENT for table `proveedor_has_mercancia`
--
ALTER TABLE `proveedor_has_mercancia`
  MODIFY `id` int(11) NOT NULL AUTO_INCREMENT;
--
-- AUTO_INCREMENT for table `receta`
--
ALTER TABLE `receta`
  MODIFY `id` int(11) NOT NULL AUTO_INCREMENT,AUTO_INCREMENT=50;
--
-- AUTO_INCREMENT for table `referencia`
--
ALTER TABLE `referencia`
  MODIFY `id` int(11) NOT NULL AUTO_INCREMENT,AUTO_INCREMENT=348;
--
-- AUTO_INCREMENT for table `remision`
--
ALTER TABLE `remision`
  MODIFY `id` int(11) NOT NULL AUTO_INCREMENT;
--
-- AUTO_INCREMENT for table `reposicion_mercancia`
--
ALTER TABLE `reposicion_mercancia`
  MODIFY `id` int(11) NOT NULL AUTO_INCREMENT,AUTO_INCREMENT=4;
--
-- AUTO_INCREMENT for table `requisitos`
--
ALTER TABLE `requisitos`
  MODIFY `id` int(11) NOT NULL AUTO_INCREMENT;
--
-- AUTO_INCREMENT for table `subclasificacion_empresa`
--
ALTER TABLE `subclasificacion_empresa`
  MODIFY `id` int(11) NOT NULL AUTO_INCREMENT,AUTO_INCREMENT=80;
--
-- AUTO_INCREMENT for table `telefono`
--
ALTER TABLE `telefono`
  MODIFY `id` int(11) NOT NULL AUTO_INCREMENT;
--
-- AUTO_INCREMENT for table `ubicacion`
--
ALTER TABLE `ubicacion`
  MODIFY `id` int(11) NOT NULL AUTO_INCREMENT,AUTO_INCREMENT=16;
--
-- AUTO_INCREMENT for table `unidad_medida`
--
ALTER TABLE `unidad_medida`
  MODIFY `id` int(11) NOT NULL AUTO_INCREMENT,AUTO_INCREMENT=34;
--
-- AUTO_INCREMENT for table `usuario`
--
ALTER TABLE `usuario`
  MODIFY `id` int(11) NOT NULL AUTO_INCREMENT,AUTO_INCREMENT=31;
--
-- Constraints for dumped tables
--

--
-- Constraints for table `clasificacion_empresa`
--
ALTER TABLE `clasificacion_empresa`
  ADD CONSTRAINT `fk_clasificacionid` FOREIGN KEY (`clasificacion_id`) REFERENCES `referencia` (`id`) ON DELETE CASCADE ON UPDATE CASCADE,
  ADD CONSTRAINT `fk_empresaid` FOREIGN KEY (`empresa_id`) REFERENCES `unidad_negocio` (`id`) ON DELETE CASCADE ON UPDATE CASCADE;

--
-- Constraints for table `cliente`
--
ALTER TABLE `cliente`
  ADD CONSTRAINT `fk_cliente_ubicacion1` FOREIGN KEY (`ubicacion_id`) REFERENCES `ubicacion` (`id`) ON DELETE NO ACTION ON UPDATE NO ACTION,
  ADD CONSTRAINT `fk_cliente_usuario1` FOREIGN KEY (`usuario_id`) REFERENCES `usuario` (`id`) ON DELETE NO ACTION ON UPDATE NO ACTION;

--
-- Constraints for table `combo`
--
ALTER TABLE `combo`
  ADD CONSTRAINT `fk_combo_modelo1` FOREIGN KEY (`submodelo_id`) REFERENCES `modelo` (`id`) ON DELETE NO ACTION ON UPDATE NO ACTION;

--
-- Constraints for table `direccion`
--
ALTER TABLE `direccion`
  ADD CONSTRAINT `fk_direccion_direccion1` FOREIGN KEY (`padre_id`) REFERENCES `direccion` (`id`) ON DELETE NO ACTION ON UPDATE NO ACTION,
  ADD CONSTRAINT `fk_direccion_referencia1` FOREIGN KEY (`referencia_id`) REFERENCES `referencia` (`id`) ON DELETE NO ACTION ON UPDATE NO ACTION;

--
-- Constraints for table `explosion`
--
ALTER TABLE `explosion`
  ADD CONSTRAINT `fk_unidad_negocio_id` FOREIGN KEY (`unidad_negocio_id`) REFERENCES `unidad_negocio` (`id`) ON DELETE CASCADE ON UPDATE CASCADE;

--
-- Constraints for table `grupo`
--
ALTER TABLE `grupo`
  ADD CONSTRAINT `fk_grupo_referencia1` FOREIGN KEY (`familia_id`) REFERENCES `referencia` (`id`) ON DELETE NO ACTION ON UPDATE NO ACTION;

--
-- Constraints for table `ingrediente_has_receta`
--
ALTER TABLE `ingrediente_has_receta`
  ADD CONSTRAINT `fk_ingrediente_has_receta_unidad_medida1` FOREIGN KEY (`unidad_medida_id`) REFERENCES `unidad_medida` (`id`) ON DELETE CASCADE ON UPDATE CASCADE,
  ADD CONSTRAINT `fk_mercancia_id` FOREIGN KEY (`ingrediente_id`) REFERENCES `mercancia` (`id`) ON DELETE CASCADE ON UPDATE CASCADE,
  ADD CONSTRAINT `fk_receta_id` FOREIGN KEY (`receta_id`) REFERENCES `receta` (`id`) ON DELETE CASCADE ON UPDATE CASCADE;

--
-- Constraints for table `kardex`
--
ALTER TABLE `kardex`
  ADD CONSTRAINT `fk_kardex_mercancia1` FOREIGN KEY (`mercancia_id`) REFERENCES `mercancia` (`id`) ON DELETE CASCADE ON UPDATE CASCADE,
  ADD CONSTRAINT `fk_kardex_motivo_id` FOREIGN KEY (`motivo_id`) REFERENCES `referencia` (`id`) ON DELETE NO ACTION ON UPDATE NO ACTION,
  ADD CONSTRAINT `fk_kardex_tipo_movimiento_id` FOREIGN KEY (`tipo_movimiento_id`) REFERENCES `referencia` (`id`) ON DELETE NO ACTION ON UPDATE NO ACTION,
  ADD CONSTRAINT `fk_kardex_unidad_medida1` FOREIGN KEY (`unidad_medida_id`) REFERENCES `unidad_medida` (`id`) ON DELETE NO ACTION ON UPDATE NO ACTION,
  ADD CONSTRAINT `fk_kardex_unidad_negocio1` FOREIGN KEY (`unidad_negocio_id`) REFERENCES `unidad_negocio` (`id`) ON DELETE NO ACTION ON UPDATE NO ACTION,
  ADD CONSTRAINT `fk_kardex_usuario1` FOREIGN KEY (`usuario_id`) REFERENCES `usuario` (`id`) ON DELETE NO ACTION ON UPDATE NO ACTION;

--
-- Constraints for table `log`
--
ALTER TABLE `log`
  ADD CONSTRAINT `fk_log_unidad_negocio1` FOREIGN KEY (`unidad_negocio_id`) REFERENCES `unidad_negocio` (`id`) ON DELETE NO ACTION ON UPDATE NO ACTION;

--
-- Constraints for table `mercancia`
--
ALTER TABLE `mercancia`
  ADD CONSTRAINT `fk_mercancia_referencia1` FOREIGN KEY (`familia_id`) REFERENCES `referencia` (`id`) ON DELETE NO ACTION ON UPDATE NO ACTION,
  ADD CONSTRAINT `fk_receta_id2` FOREIGN KEY (`receta_id`) REFERENCES `receta` (`id`) ON DELETE CASCADE ON UPDATE CASCADE,
  ADD CONSTRAINT `fk_subfamilia_id` FOREIGN KEY (`sub_familia_id`) REFERENCES `referencia` (`id`) ON DELETE CASCADE ON UPDATE CASCADE,
  ADD CONSTRAINT `fk_tipom_id` FOREIGN KEY (`tipo_mercancia_id`) REFERENCES `referencia` (`id`) ON DELETE CASCADE ON UPDATE CASCADE;

--
-- Constraints for table `mercancia_has_reposicion`
--
ALTER TABLE `mercancia_has_reposicion`
  ADD CONSTRAINT `fk_ingrediente_id` FOREIGN KEY (`ingrediente_id`) REFERENCES `mercancia` (`id`) ON DELETE CASCADE ON UPDATE CASCADE,
  ADD CONSTRAINT `fk_reposicion_id` FOREIGN KEY (`reposicion_id`) REFERENCES `reposicion_mercancia` (`id`) ON DELETE CASCADE ON UPDATE CASCADE;

--
-- Constraints for table `mercancia_has_unidad_negocio`
--
ALTER TABLE `mercancia_has_unidad_negocio`
  ADD CONSTRAINT `fk_inventario_has_unidad_negocio_unidad_negocio1` FOREIGN KEY (`unidad_negocio_id`) REFERENCES `unidad_negocio` (`id`) ON DELETE NO ACTION ON UPDATE NO ACTION,
  ADD CONSTRAINT `fk_mercancia_has_unidad_negocio_mercancia1` FOREIGN KEY (`mercancia_id`) REFERENCES `mercancia` (`id`) ON DELETE CASCADE ON UPDATE CASCADE;

--
-- Constraints for table `modelo`
--
ALTER TABLE `modelo`
  ADD CONSTRAINT `fk_modelo_modelo1` FOREIGN KEY (`padre_id`) REFERENCES `modelo` (`id`) ON DELETE NO ACTION ON UPDATE NO ACTION;

--
-- Constraints for table `modelo_has_grupo`
--
ALTER TABLE `modelo_has_grupo`
  ADD CONSTRAINT `fk_modelo_has_grupo_grupo1` FOREIGN KEY (`grupo_id`) REFERENCES `grupo` (`id`) ON DELETE NO ACTION ON UPDATE NO ACTION,
  ADD CONSTRAINT `fk_modelo_has_grupo_modelo1` FOREIGN KEY (`modelo_id`) REFERENCES `modelo` (`id`) ON DELETE NO ACTION ON UPDATE NO ACTION;

--
-- Constraints for table `modelo_has_receta`
--
ALTER TABLE `modelo_has_receta`
  ADD CONSTRAINT `fk_modelo_has_receta_modelo1` FOREIGN KEY (`modelo_id`) REFERENCES `modelo` (`id`) ON DELETE NO ACTION ON UPDATE NO ACTION,
  ADD CONSTRAINT `fk_modelo_has_receta_receta1` FOREIGN KEY (`receta_id`) REFERENCES `receta` (`id`) ON DELETE NO ACTION ON UPDATE NO ACTION;

--
-- Constraints for table `modelo_has_submodelo`
--
ALTER TABLE `modelo_has_submodelo`
  ADD CONSTRAINT `fk_modelo_has_modelo_modelo1` FOREIGN KEY (`modelo_id`) REFERENCES `modelo` (`id`) ON DELETE NO ACTION ON UPDATE NO ACTION,
  ADD CONSTRAINT `fk_modelo_has_modelo_modelo2` FOREIGN KEY (`sub_modelo_id`) REFERENCES `modelo` (`id`) ON DELETE NO ACTION ON UPDATE NO ACTION;

--
-- Constraints for table `orden`
--
ALTER TABLE `orden`
  ADD CONSTRAINT `fk_orden_cliente1` FOREIGN KEY (`cliente_id`) REFERENCES `cliente` (`id`) ON DELETE NO ACTION ON UPDATE NO ACTION,
  ADD CONSTRAINT `fk_orden_referencia1` FOREIGN KEY (`tipo_pago_id`) REFERENCES `referencia` (`id`) ON DELETE NO ACTION ON UPDATE NO ACTION,
  ADD CONSTRAINT `fk_orden_referencia2` FOREIGN KEY (`status_id`) REFERENCES `referencia` (`id`) ON DELETE NO ACTION ON UPDATE NO ACTION;

--
-- Constraints for table `producto`
--
ALTER TABLE `producto`
  ADD CONSTRAINT `fk_producto_grupo1` FOREIGN KEY (`grupo_id`) REFERENCES `grupo` (`id`) ON DELETE NO ACTION ON UPDATE NO ACTION,
  ADD CONSTRAINT `fk_producto_receta1` FOREIGN KEY (`receta_id`) REFERENCES `receta` (`id`) ON DELETE NO ACTION ON UPDATE NO ACTION;

--
-- Constraints for table `producto_has_orden`
--
ALTER TABLE `producto_has_orden`
  ADD CONSTRAINT `fk_producto_has_orden_orden1` FOREIGN KEY (`orden_id`) REFERENCES `orden` (`id`) ON DELETE CASCADE ON UPDATE CASCADE,
  ADD CONSTRAINT `fk_producto_has_orden_producto1_idx` FOREIGN KEY (`producto_id`) REFERENCES `producto` (`id`) ON DELETE CASCADE ON UPDATE CASCADE;

--
-- Constraints for table `producto_has_unidad_negocio`
--
ALTER TABLE `producto_has_unidad_negocio`
  ADD CONSTRAINT `fk_producto_has_unidad_negocio_producto1_idx	` FOREIGN KEY (`producto_id`) REFERENCES `producto` (`id`) ON DELETE CASCADE ON UPDATE CASCADE,
  ADD CONSTRAINT `fk_producto_has_unidad_negocio_unidad_negocio1` FOREIGN KEY (`unidad_negocio_id`) REFERENCES `unidad_negocio` (`id`) ON DELETE CASCADE ON UPDATE CASCADE;

--
-- Constraints for table `proveedor`
--
ALTER TABLE `proveedor`
  ADD CONSTRAINT `fk_ubicacion_proveedor` FOREIGN KEY (`ubicacion_id`) REFERENCES `ubicacion` (`id`) ON DELETE CASCADE ON UPDATE CASCADE;

--
-- Constraints for table `proveedor_has_mercancia`
--
ALTER TABLE `proveedor_has_mercancia`
  ADD CONSTRAINT `fk_proveedor_has_mercancia_mercancia1` FOREIGN KEY (`mercancia_id`) REFERENCES `mercancia` (`id`) ON DELETE NO ACTION ON UPDATE NO ACTION;

--
-- Constraints for table `proveedor_has_telefono`
--
ALTER TABLE `proveedor_has_telefono`
  ADD CONSTRAINT `fk_proveedor_has_telefono_proveedor1` FOREIGN KEY (`proveedor_id`) REFERENCES `proveedor` (`id`) ON DELETE CASCADE ON UPDATE CASCADE,
  ADD CONSTRAINT `fk_proveedor_has_telefono_telefono1` FOREIGN KEY (`telefono_id`) REFERENCES `telefono` (`id`) ON DELETE CASCADE ON UPDATE CASCADE;

--
-- Constraints for table `receta_has_receta`
--
ALTER TABLE `receta_has_receta`
  ADD CONSTRAINT `fk_receta_has_receta_receta1` FOREIGN KEY (`receta_id`) REFERENCES `receta` (`id`) ON DELETE NO ACTION ON UPDATE NO ACTION,
  ADD CONSTRAINT `fk_receta_has_receta_receta2` FOREIGN KEY (`sub_receta_id`) REFERENCES `receta` (`id`) ON DELETE NO ACTION ON UPDATE NO ACTION;

--
-- Constraints for table `referencia`
--
ALTER TABLE `referencia`
  ADD CONSTRAINT `fk_referencia_referencia1` FOREIGN KEY (`padre_id`) REFERENCES `referencia` (`id`) ON DELETE NO ACTION ON UPDATE NO ACTION;

--
-- Constraints for table `remision`
--
ALTER TABLE `remision`
  ADD CONSTRAINT `fk_remision_ingrediente1` FOREIGN KEY (`mercancia_id`) REFERENCES `mercancia` (`id`) ON DELETE NO ACTION ON UPDATE NO ACTION,
  ADD CONSTRAINT `fk_remision_um1` FOREIGN KEY (`unidad_medida_id`) REFERENCES `unidad_medida` (`id`) ON DELETE CASCADE ON UPDATE CASCADE,
  ADD CONSTRAINT `fk_remision_unidad_negocio1` FOREIGN KEY (`unidad_negocio_id`) REFERENCES `unidad_negocio` (`id`) ON DELETE NO ACTION ON UPDATE NO ACTION,
  ADD CONSTRAINT `fk_remision_usuario1` FOREIGN KEY (`usuario_id`) REFERENCES `usuario` (`id`) ON DELETE NO ACTION ON UPDATE NO ACTION;

--
-- Constraints for table `reposicion_mercancia`
--
ALTER TABLE `reposicion_mercancia`
  ADD CONSTRAINT `fk_carga_compra_unidad_negocio1` FOREIGN KEY (`unidad_negocio_id`) REFERENCES `unidad_negocio` (`id`) ON DELETE NO ACTION ON UPDATE NO ACTION,
  ADD CONSTRAINT `fk_carga_compra_usuario1` FOREIGN KEY (`usuario_id`) REFERENCES `usuario` (`id`) ON DELETE NO ACTION ON UPDATE NO ACTION;

--
-- Constraints for table `telefono`
--
ALTER TABLE `telefono`
  ADD CONSTRAINT `fk_telefono_referencia1` FOREIGN KEY (`codigo_id`) REFERENCES `referencia` (`id`) ON DELETE NO ACTION ON UPDATE NO ACTION;

--
-- Constraints for table `telefono_has_cliente`
--
ALTER TABLE `telefono_has_cliente`
  ADD CONSTRAINT `fk_telefono_has_cliente_cliente1` FOREIGN KEY (`cliente_id`) REFERENCES `cliente` (`id`) ON DELETE NO ACTION ON UPDATE NO ACTION,
  ADD CONSTRAINT `fk_telefono_has_cliente_telefono1` FOREIGN KEY (`telefono_id`) REFERENCES `telefono` (`id`) ON DELETE NO ACTION ON UPDATE NO ACTION;

--
-- Constraints for table `ubicacion`
--
ALTER TABLE `ubicacion`
  ADD CONSTRAINT `fk_ubicacion_direccion1` FOREIGN KEY (`parroquia_id`) REFERENCES `direccion` (`id`) ON DELETE NO ACTION ON UPDATE NO ACTION;

--
-- Constraints for table `unidad_medida`
--
ALTER TABLE `unidad_medida`
  ADD CONSTRAINT `fk_unidad_medida_unidad_medida1` FOREIGN KEY (`padre_id`) REFERENCES `unidad_medida` (`id`) ON DELETE NO ACTION ON UPDATE NO ACTION;

--
-- Constraints for table `unidad_negocio`
--
ALTER TABLE `unidad_negocio`
  ADD CONSTRAINT `fk_unidad_negocio_modelo_has_submodelo1` FOREIGN KEY (`modelo_has_submodelo_id`) REFERENCES `modelo_has_submodelo` (`id`) ON DELETE NO ACTION ON UPDATE NO ACTION,
  ADD CONSTRAINT `fk_unidad_negocio_unidad_negocio1` FOREIGN KEY (`empresa_id`) REFERENCES `unidad_negocio` (`id`) ON DELETE NO ACTION ON UPDATE NO ACTION;

--
-- Constraints for table `usuario`
--
ALTER TABLE `usuario`
  ADD CONSTRAINT `fk_usuario_referencia1` FOREIGN KEY (`tipo_usuario_id`) REFERENCES `referencia` (`id`) ON DELETE NO ACTION ON UPDATE NO ACTION,
  ADD CONSTRAINT `fk_usuario_referencia2` FOREIGN KEY (`pregunta_id`) REFERENCES `referencia` (`id`) ON DELETE NO ACTION ON UPDATE NO ACTION;

--
-- Constraints for table `usuario_has_unidad_negocio`
--
ALTER TABLE `usuario_has_unidad_negocio`
  ADD CONSTRAINT `fk_usuario_has_unidad_negocio_unidad_negocio1` FOREIGN KEY (`unidad_negocio_id`) REFERENCES `unidad_negocio` (`id`) ON DELETE NO ACTION ON UPDATE NO ACTION,
  ADD CONSTRAINT `fk_usuario_has_unidad_negocio_usuario1` FOREIGN KEY (`usuario_id`) REFERENCES `usuario` (`id`) ON DELETE NO ACTION ON UPDATE NO ACTION;

/*!40101 SET CHARACTER_SET_CLIENT=@OLD_CHARACTER_SET_CLIENT */;
/*!40101 SET CHARACTER_SET_RESULTS=@OLD_CHARACTER_SET_RESULTS */;
/*!40101 SET COLLATION_CONNECTION=@OLD_COLLATION_CONNECTION */;
